{"type":"FeatureCollection","name":"departamentos_san_juan","crs":{"type":"name","properties":{"name":"urn:ogc:def:crs:OGC:1.3:CRS84"}},"features":[{"type":"Feature","id":"70126","properties":{"id":70126,"in1":"70126","departamento":"25 DE MAYO","nombre":"25 de Mayo","fna":"Departamento 25 de Mayo","cabecera":"Santa Rosa","provincia":"SAN JUAN","fuente":"Instituto Geográfico Nacional (IGN)"},"geometry":{"type":"MultiPolygon","coordinates":[[[[-68.300586,-32.134791],[-68.301178,-32.134388],[-68.302444,-32.134473],[-68.303955,-32.134667],[-68.305223,-32.134855],[-68.306923,-32.1351],[-68.308568,-32.135554],[-68.310417,-32.136228],[-68.312478,-32.136232],[-68.313799,-32.13634],[-68.315313,-32.136533],[-68.317246,-32.136642],[-68.31909,-32.136188],[-68.323988,-32.13302],[-68.32586,-32.131837],[-68.327634,-32.130718],[-68.330926,-32.12864],[-68.333611,-32.124057],[-68.332007,-32.11008],[-68.32394,-32.102047],[-68.320439,-32.097006],[-68.315061,-32.092188],[-68.312153,-32.090741],[-68.308481,-32.088913],[-68.301947,-32.090283],[-68.301211,-32.086254],[-68.300042,-32.08493],[-68.293237,-32.073665],[-68.292463,-32.072038],[-68.291721,-32.070871],[-68.289005,-32.069267],[-68.288697,-32.069085],[-68.286136,-32.067555],[-68.28565,-32.067172],[-68.282099,-32.064046],[-68.281596,-32.063598],[-68.278767,-32.061104],[-68.277263,-32.059412],[-68.276451,-32.057702],[-68.273061,-32.056379],[-68.272882,-32.05631],[-68.27164,-32.054254],[-68.271945,-32.051421],[-68.276317,-32.050718],[-68.276196,-32.048488],[-68.275269,-32.047175],[-68.272048,-32.044527],[-68.271483,-32.044125],[-68.267669,-32.041415],[-68.267447,-32.041257],[-68.265865,-32.037661],[-68.265681,-32.036371],[-68.268111,-32.033993],[-68.268267,-32.033366],[-68.268287,-32.033286],[-68.268191,-32.033237],[-68.267092,-32.032675],[-68.26651,-32.031742],[-68.266831,-32.030823],[-68.268327,-32.029306],[-68.272093,-32.028046],[-68.272822,-32.026674],[-68.273668,-32.025083],[-68.274296,-32.023902],[-68.278114,-32.024157],[-68.28277,-32.020688],[-68.283312,-32.019163],[-68.284573,-32.013216],[-68.284254,-32.010904],[-68.284228,-32.009388],[-68.284353,-32.008717],[-68.28466,-32.007075],[-68.285331,-32.006174],[-68.287392,-32.003402],[-68.287485,-32.002621],[-68.287853,-31.999526],[-68.288117,-31.997309],[-68.288665,-31.99663],[-68.289134,-31.996683],[-68.290476,-31.996836],[-68.291991,-31.995807],[-68.292767,-31.991826],[-68.292486,-31.991203],[-68.291863,-31.989823],[-68.291397,-31.989437],[-68.287739,-31.98641],[-68.285184,-31.984296],[-68.285824,-31.983371],[-68.286199,-31.982829],[-68.288158,-31.979996],[-68.289418,-31.978174],[-68.289575,-31.978095],[-68.293049,-31.976336],[-68.296358,-31.97466],[-68.303012,-31.969804],[-68.307851,-31.964988],[-68.306272,-31.960864],[-68.305862,-31.959793],[-68.303896,-31.95466],[-68.303466,-31.953539],[-68.302831,-31.95188],[-68.313005,-31.93802],[-68.316936,-31.938436],[-68.323921,-31.932848],[-68.328796,-31.930174],[-68.340074,-31.921927],[-68.34206,-31.91981],[-68.346382,-31.915201],[-68.347333,-31.911554],[-68.350902,-31.897657],[-68.351989,-31.885518],[-68.352157,-31.883649],[-68.352326,-31.882871],[-68.352612,-31.881549],[-68.353797,-31.876086],[-68.354786,-31.871524],[-68.355572,-31.871241],[-68.360956,-31.869304],[-68.361278,-31.869188],[-68.360557,-31.867159],[-68.359713,-31.864786],[-68.358679,-31.86188],[-68.357762,-31.859301],[-68.361275,-31.858507],[-68.362731,-31.858178],[-68.370154,-31.856501],[-68.370858,-31.856582],[-68.370952,-31.856593],[-68.380784,-31.857737],[-68.390256,-31.859263],[-68.39254,-31.857585],[-68.393858,-31.856616],[-68.395364,-31.85275],[-68.397609,-31.846987],[-68.399107,-31.843142],[-68.399095,-31.843073],[-68.398142,-31.837715],[-68.398056,-31.837235],[-68.403049,-31.833331],[-68.408577,-31.834031],[-68.410718,-31.834303],[-68.409496,-31.832882],[-68.40794,-31.831824],[-68.404399,-31.830352],[-68.402418,-31.828212],[-68.399072,-31.827953],[-68.399027,-31.827876],[-68.398553,-31.827054],[-68.398351,-31.826705],[-68.396769,-31.824705],[-68.393576,-31.823571],[-68.392143,-31.822099],[-68.389809,-31.819702],[-68.389755,-31.819671],[-68.384591,-31.816692],[-68.384463,-31.816422],[-68.383591,-31.814577],[-68.383197,-31.812484],[-68.382469,-31.808611],[-68.379834,-31.809464],[-68.38118,-31.805493],[-68.380822,-31.805398],[-68.377828,-31.804602],[-68.379006,-31.80236],[-68.379454,-31.801508],[-68.38165,-31.799904],[-68.381437,-31.798787],[-68.381365,-31.798406],[-68.382417,-31.794799],[-68.382705,-31.793813],[-68.384757,-31.791586],[-68.386072,-31.790727],[-68.385499,-31.789606],[-68.383456,-31.790344],[-68.382718,-31.791829],[-68.380074,-31.788863],[-68.379672,-31.789339],[-68.378762,-31.7903],[-68.378223,-31.790869],[-68.375743,-31.79147],[-68.373593,-31.790233],[-68.373047,-31.78808],[-68.373998,-31.785831],[-68.374185,-31.785389],[-68.374277,-31.783513],[-68.374483,-31.782626],[-68.375039,-31.781984],[-68.377542,-31.779092],[-68.377773,-31.778737],[-68.378028,-31.778346],[-68.378962,-31.775961],[-68.378685,-31.775482],[-68.377929,-31.775275],[-68.377288,-31.775304],[-68.37245,-31.776132],[-68.371693,-31.776029],[-68.371407,-31.775854],[-68.369385,-31.774615],[-68.369108,-31.77424],[-68.368801,-31.772498],[-68.369002,-31.772021],[-68.371528,-31.770771],[-68.371851,-31.770263],[-68.372525,-31.764977],[-68.372288,-31.764529],[-68.370896,-31.763977],[-68.368261,-31.763797],[-68.367902,-31.763416],[-68.367169,-31.759864],[-68.366815,-31.759046],[-68.363047,-31.755172],[-68.370118,-31.752435],[-68.372458,-31.75153],[-68.373436,-31.750923],[-68.373819,-31.750685],[-68.374948,-31.749189],[-68.377482,-31.748639],[-68.38006,-31.74551],[-68.380521,-31.74498],[-68.380733,-31.744499],[-68.380161,-31.743139],[-68.38003,-31.742826],[-68.379347,-31.74232],[-68.379136,-31.742197],[-68.378564,-31.741866],[-68.374718,-31.740941],[-68.373503,-31.740649],[-68.371724,-31.737536],[-68.371242,-31.737398],[-68.36913,-31.736791],[-68.368281,-31.73593],[-68.36688,-31.735233],[-68.365127,-31.733849],[-68.363793,-31.731728],[-68.363656,-31.730248],[-68.36381,-31.729316],[-68.364559,-31.728179],[-68.365651,-31.727805],[-68.366888,-31.727388],[-68.367258,-31.72733],[-68.367929,-31.727226],[-68.368326,-31.72693],[-68.368431,-31.72634],[-68.368482,-31.72579],[-68.368088,-31.725491],[-68.367497,-31.72515],[-68.36651,-31.724766],[-68.364634,-31.724545],[-68.362606,-31.724449],[-68.36078,-31.723763],[-68.359208,-31.722236],[-68.358135,-31.720201],[-68.357158,-31.71842],[-68.356571,-31.717614],[-68.356378,-31.716892],[-68.355788,-31.716458],[-68.353079,-31.714467],[-68.352191,-31.714377],[-68.351956,-31.714288],[-68.351055,-31.713947],[-68.350021,-31.713523],[-68.349651,-31.713241],[-68.349627,-31.713223],[-68.349581,-31.713165],[-68.34924,-31.712739],[-68.349186,-31.712671],[-68.348694,-31.712077],[-68.348404,-31.711228],[-68.348263,-31.710339],[-68.348217,-31.709748],[-68.348765,-31.709115],[-68.349811,-31.708151],[-68.351253,-31.706973],[-68.352002,-31.705962],[-68.352407,-31.704485],[-68.352414,-31.703556],[-68.352073,-31.702918],[-68.35153,-31.702451],[-68.351192,-31.701394],[-68.350458,-31.700331],[-68.350019,-31.699486],[-68.349428,-31.699099],[-68.348541,-31.698802],[-68.34785,-31.698501],[-68.347009,-31.698456],[-68.346018,-31.698703],[-68.344831,-31.698783],[-68.343991,-31.698693],[-68.3434,-31.698351],[-68.343241,-31.697962],[-68.343159,-31.697759],[-68.343116,-31.6967],[-68.343911,-31.696154],[-68.345398,-31.695444],[-68.346387,-31.694952],[-68.346715,-31.694789],[-68.346888,-31.694703],[-68.346753,-31.694725],[-68.337707,-31.696171],[-68.336589,-31.69635],[-68.327632,-31.697787],[-68.303438,-31.701899],[-68.300594,-31.702382],[-68.287747,-31.704615],[-68.282267,-31.705581],[-68.266256,-31.708403],[-68.251939,-31.710928],[-68.247908,-31.711638],[-68.245091,-31.712122],[-68.233978,-31.714034],[-68.229189,-31.714858],[-68.199562,-31.720013],[-68.179335,-31.723661],[-68.125498,-31.733096],[-67.99555,-31.755058],[-67.84103,-31.781262],[-67.321777,-31.866604],[-67.239883,-31.880064],[-67.241057,-31.88059],[-67.241536,-31.880805],[-67.379244,-31.868116],[-67.378321,-31.884529],[-67.37261,-31.907134],[-67.368327,-31.933784],[-67.365948,-31.95972],[-67.365234,-31.975901],[-67.366532,-31.999512],[-67.366542,-31.999695],[-67.367732,-32.014567],[-67.373086,-32.032413],[-67.377845,-32.052638],[-67.3807,-32.079883],[-67.38189,-32.096063],[-67.383793,-32.125212],[-67.383199,-32.146627],[-67.38197,-32.16427],[-67.381375,-32.183306],[-67.380781,-32.195798],[-67.38197,-32.211264],[-67.381878,-32.211909],[-67.381323,-32.215796],[-67.380186,-32.223757],[-67.376022,-32.237438],[-67.37039,-32.246281],[-67.368709,-32.247119],[-67.347061,-32.257909],[-67.323055,-32.269873],[-67.313683,-32.274544],[-67.306612,-32.278068],[-67.304388,-32.279177],[-67.289148,-32.286772],[-67.278008,-32.292324],[-67.276397,-32.298839],[-67.273165,-32.311912],[-67.271314,-32.319395],[-67.270988,-32.320716],[-67.270113,-32.324256],[-67.269977,-32.324804],[-67.268482,-32.33057],[-67.266255,-32.339159],[-67.266241,-32.339213],[-67.26624,-32.339218],[-67.266237,-32.339231],[-67.266234,-32.33924],[-67.26623,-32.339259],[-67.266225,-32.33935],[-67.266224,-32.339351],[-67.266223,-32.339381],[-67.266222,-32.339391],[-67.266222,-32.339393],[-67.266221,-32.339403],[-67.266217,-32.33948],[-67.266192,-32.339915],[-67.265385,-32.354066],[-67.265293,-32.355678],[-67.264546,-32.368769],[-67.264338,-32.37242],[-67.263799,-32.381859],[-67.312958,-32.382015],[-67.316597,-32.382026],[-67.317745,-32.38203],[-67.317884,-32.382042],[-67.317942,-32.3818],[-67.31789,-32.381594],[-67.317784,-32.381301],[-67.318002,-32.380565],[-67.318092,-32.380259],[-67.31835,-32.380093],[-67.318604,-32.3799],[-67.318943,-32.379259],[-67.319075,-32.37901],[-67.319175,-32.378685],[-67.319139,-32.378476],[-67.31894,-32.37823],[-67.318998,-32.37793],[-67.319265,-32.377512],[-67.319469,-32.377316],[-67.319512,-32.377073],[-67.319416,-32.37671],[-67.319383,-32.376017],[-67.319486,-32.375308],[-67.319529,-32.37501],[-67.31934,-32.374375],[-67.31955,-32.374016],[-67.319744,-32.373615],[-67.319826,-32.373447],[-67.319648,-32.373226],[-67.319064,-32.372641],[-67.319054,-32.372631],[-67.318869,-32.372419],[-67.318926,-32.372134],[-67.319173,-32.371679],[-67.320218,-32.371214],[-67.320257,-32.371192],[-67.32131,-32.370592],[-67.321903,-32.370233],[-67.32243,-32.369973],[-67.322752,-32.369635],[-67.322861,-32.369062],[-67.32428,-32.368365],[-67.324701,-32.368344],[-67.325551,-32.368222],[-67.325993,-32.368079],[-67.32635,-32.367808],[-67.32665,-32.367365],[-67.327035,-32.367122],[-67.327349,-32.36688],[-67.327435,-32.366594],[-67.327598,-32.366052],[-67.327739,-32.365968],[-67.327991,-32.365615],[-67.328492,-32.365381],[-67.328602,-32.365267],[-67.328875,-32.364604],[-67.328829,-32.364357],[-67.328677,-32.363739],[-67.328809,-32.363232],[-67.329098,-32.362727],[-67.329605,-32.362354],[-67.329919,-32.362244],[-67.330276,-32.361969],[-67.330276,-32.361583],[-67.330219,-32.360769],[-67.330062,-32.359884],[-67.329948,-32.358699],[-67.329948,-32.358085],[-67.329762,-32.3575],[-67.329353,-32.35661],[-67.329146,-32.35616],[-67.3294,-32.355672],[-67.329822,-32.354935],[-67.329898,-32.354648],[-67.330143,-32.354192],[-67.331148,-32.352316],[-67.331762,-32.350724],[-67.331891,-32.35055],[-67.332043,-32.350415],[-67.332221,-32.350195],[-67.332381,-32.350103],[-67.332669,-32.350043],[-67.332871,-32.350077],[-67.333176,-32.349993],[-67.333228,-32.349987],[-67.333571,-32.349948],[-67.333894,-32.349959],[-67.334071,-32.349858],[-67.334223,-32.349669],[-67.334519,-32.349536],[-67.334654,-32.349469],[-67.334967,-32.349452],[-67.335313,-32.349359],[-67.335482,-32.34919],[-67.335609,-32.349004],[-67.335896,-32.348914],[-67.33593,-32.348903],[-67.336386,-32.348869],[-67.336876,-32.34892],[-67.337391,-32.348911],[-67.337974,-32.348818],[-67.338523,-32.348573],[-67.338811,-32.348388],[-67.338988,-32.348286],[-67.33925,-32.348438],[-67.339343,-32.348742],[-67.339546,-32.349114],[-67.339882,-32.349377],[-67.340152,-32.349643],[-67.340185,-32.349644],[-67.340541,-32.34966],[-67.340913,-32.349554],[-67.341203,-32.349245],[-67.341427,-32.349005],[-67.341887,-32.34881],[-67.342374,-32.348648],[-67.342471,-32.348616],[-67.342914,-32.348509],[-67.34325,-32.348456],[-67.343906,-32.348456],[-67.344454,-32.348598],[-67.344755,-32.348793],[-67.345198,-32.349253],[-67.345375,-32.34943],[-67.345641,-32.34943],[-67.346066,-32.349412],[-67.346349,-32.349306],[-67.346721,-32.349306],[-67.346987,-32.349324],[-67.347323,-32.349536],[-67.347606,-32.349536],[-67.34773,-32.349342],[-67.347872,-32.349147],[-67.348173,-32.349076],[-67.351041,-32.349111],[-67.352246,-32.349129],[-67.354264,-32.3492],[-67.355628,-32.349147],[-67.359026,-32.348512],[-67.359564,-32.348003],[-67.359735,-32.347876],[-67.359911,-32.347745],[-67.360333,-32.347432],[-67.360432,-32.347358],[-67.361122,-32.346846],[-67.361193,-32.346793],[-67.361857,-32.3463],[-67.362759,-32.34563],[-67.363335,-32.345202],[-67.363545,-32.345046],[-67.363565,-32.345031],[-67.363728,-32.34491],[-67.364065,-32.34418],[-67.364144,-32.344009],[-67.364459,-32.343326],[-67.365156,-32.341817],[-67.366155,-32.341375],[-67.369456,-32.339917],[-67.370271,-32.339556],[-67.371854,-32.338792],[-67.373195,-32.338145],[-67.373554,-32.337972],[-67.373722,-32.337891],[-67.374021,-32.337591],[-67.375237,-32.336376],[-67.375268,-32.336344],[-67.376024,-32.33565],[-67.378989,-32.332929],[-67.380147,-32.331488],[-67.381732,-32.330537],[-67.38454,-32.330245],[-67.38703,-32.330366],[-67.391931,-32.330352],[-67.393813,-32.332268],[-67.394122,-32.332343],[-67.396352,-32.332882],[-67.399034,-32.331924],[-67.402305,-32.330742],[-67.405302,-32.329168],[-67.407664,-32.328738],[-67.407989,-32.328537],[-67.408514,-32.328212],[-67.408917,-32.328011],[-67.409504,-32.327856],[-67.410022,-32.327484],[-67.410858,-32.326947],[-67.411097,-32.326804],[-67.412675,-32.326402],[-67.413433,-32.326495],[-67.414358,-32.326495],[-67.414533,-32.326495],[-67.415567,-32.326511],[-67.416294,-32.326603],[-67.416727,-32.326665],[-67.417429,-32.326612],[-67.418367,-32.326542],[-67.418669,-32.326558],[-67.419092,-32.32658],[-67.419836,-32.326588],[-67.420625,-32.32682],[-67.420958,-32.32695],[-67.422202,-32.327423],[-67.423099,-32.327624],[-67.423671,-32.327832],[-67.424018,-32.327849],[-67.424414,-32.327887],[-67.425224,-32.327838],[-67.425698,-32.32781],[-67.426734,-32.327516],[-67.427379,-32.327286],[-67.428033,-32.327036],[-67.428636,-32.326758],[-67.429255,-32.326325],[-67.429936,-32.325876],[-67.43057,-32.325335],[-67.431312,-32.324856],[-67.432162,-32.324374],[-67.432704,-32.324067],[-67.435341,-32.323511],[-67.436221,-32.32331],[-67.436834,-32.32317],[-67.437251,-32.323031],[-67.437899,-32.322775],[-67.438349,-32.322598],[-67.438759,-32.322422],[-67.439022,-32.322308],[-67.439679,-32.321994],[-67.44036,-32.321716],[-67.440761,-32.321571],[-67.440917,-32.321515],[-67.441286,-32.321404],[-67.441535,-32.321329],[-67.442059,-32.321055],[-67.44251,-32.320819],[-67.443005,-32.320649],[-67.44367,-32.320664],[-67.44396,-32.320726],[-67.44418,-32.320773],[-67.444582,-32.320803],[-67.445077,-32.320803],[-67.44565,-32.320726],[-67.446361,-32.320417],[-67.446701,-32.320123],[-67.446902,-32.319721],[-67.446995,-32.319458],[-67.447266,-32.319218],[-67.447536,-32.318978],[-67.447676,-32.318886],[-67.44831,-32.318762],[-67.448805,-32.3187],[-67.449331,-32.318731],[-67.449996,-32.3187],[-67.450327,-32.318741],[-67.450564,-32.318771],[-67.450839,-32.318805],[-67.450986,-32.318824],[-67.451252,-32.318831],[-67.451527,-32.318839],[-67.451784,-32.318811],[-67.452084,-32.318777],[-67.452439,-32.318669],[-67.452609,-32.318554],[-67.452919,-32.318344],[-67.453042,-32.318203],[-67.453228,-32.317989],[-67.45342,-32.317791],[-67.453739,-32.317463],[-67.453986,-32.316968],[-67.454636,-32.316473],[-67.45501,-32.316136],[-67.4551,-32.316055],[-67.455409,-32.315669],[-67.455966,-32.315591],[-67.45662,-32.315313],[-67.456766,-32.315233],[-67.457126,-32.315034],[-67.457389,-32.314555],[-67.457574,-32.314338],[-67.457574,-32.313998],[-67.457775,-32.313225],[-67.457802,-32.312656],[-67.456569,-32.312204],[-67.456059,-32.311972],[-67.455656,-32.311508],[-67.45561,-32.311307],[-67.455656,-32.31092],[-67.455672,-32.310673],[-67.455904,-32.310549],[-67.456708,-32.310271],[-67.457123,-32.310159],[-67.457512,-32.310054],[-67.45875,-32.309791],[-67.459451,-32.309387],[-67.460466,-32.309173],[-67.461394,-32.308925],[-67.46177,-32.308876],[-67.462106,-32.308832],[-67.462415,-32.30874],[-67.463204,-32.308771],[-67.463745,-32.308941],[-67.464163,-32.309188],[-67.464503,-32.309219],[-67.464766,-32.309188],[-67.46489,-32.308863],[-67.464905,-32.308539],[-67.464874,-32.308152],[-67.46489,-32.30758],[-67.464936,-32.307162],[-67.465045,-32.306698],[-67.465302,-32.306215],[-67.465387,-32.306015],[-67.466087,-32.305573],[-67.467086,-32.305044],[-67.467843,-32.30513],[-67.468457,-32.305401],[-67.468914,-32.305872],[-67.469056,-32.306358],[-67.469727,-32.306986],[-67.4712,-32.3072],[-67.472097,-32.307072],[-67.472911,-32.306686],[-67.473439,-32.306144],[-67.474339,-32.305087],[-67.475509,-32.304202],[-67.477665,-32.302346],[-67.479321,-32.300718],[-67.480249,-32.299605],[-67.481663,-32.297934],[-67.482491,-32.296178],[-67.48349,-32.295036],[-67.483961,-32.294351],[-67.484361,-32.29378],[-67.484404,-32.292681],[-67.484332,-32.291781],[-67.484475,-32.290211],[-67.484518,-32.289069],[-67.484475,-32.28844],[-67.484133,-32.287855],[-67.483476,-32.28717],[-67.483119,-32.286756],[-67.482662,-32.285928],[-67.482619,-32.285371],[-67.482819,-32.284643],[-67.48309,-32.284243],[-67.48339,-32.284],[-67.483576,-32.283529],[-67.484161,-32.282972],[-67.484789,-32.282815],[-67.48566,-32.282601],[-67.486246,-32.282216],[-67.486745,-32.28153],[-67.48753,-32.279817],[-67.48783,-32.279089],[-67.487944,-32.278147],[-67.487488,-32.277547],[-67.486588,-32.276876],[-67.485575,-32.276191],[-67.484918,-32.27592],[-67.484504,-32.275363],[-67.484632,-32.274449],[-67.484904,-32.273678],[-67.485237,-32.272942],[-67.485541,-32.272643],[-67.4859,-32.27229],[-67.486631,-32.272308],[-67.48843,-32.272322],[-67.489258,-32.272079],[-67.489629,-32.271608],[-67.489758,-32.271237],[-67.489772,-32.270352],[-67.489458,-32.269509],[-67.488487,-32.268282],[-67.487245,-32.266583],[-67.487155,-32.264527],[-67.487745,-32.262699],[-67.487882,-32.261543],[-67.487916,-32.261253],[-67.488554,-32.26072],[-67.489363,-32.260368],[-67.49022,-32.260281],[-67.49079,-32.26012],[-67.491818,-32.25973],[-67.492618,-32.259159],[-67.493522,-32.25815],[-67.493941,-32.257522],[-67.494055,-32.256789],[-67.49474,-32.255076],[-67.495549,-32.253429],[-67.496025,-32.252468],[-67.496587,-32.251801],[-67.498091,-32.250821],[-67.498795,-32.250612],[-67.499613,-32.250117],[-67.499861,-32.249489],[-67.499937,-32.248499],[-67.499709,-32.247814],[-67.499461,-32.247433],[-67.49929,-32.246824],[-67.499214,-32.2465],[-67.499347,-32.245986],[-67.499651,-32.245129],[-67.500127,-32.244692],[-67.500832,-32.244006],[-67.501442,-32.242669],[-67.501685,-32.242198],[-67.501763,-32.241356],[-67.501635,-32.24072],[-67.501528,-32.240349],[-67.501299,-32.239864],[-67.501242,-32.239543],[-67.501411,-32.239241],[-67.50159,-32.238945],[-67.502066,-32.238631],[-67.503055,-32.238488],[-67.503674,-32.238774],[-67.504417,-32.239297],[-67.504702,-32.239726],[-67.505226,-32.240506],[-67.505254,-32.240868],[-67.505759,-32.241401],[-67.506568,-32.242001],[-67.507995,-32.242448],[-67.509556,-32.242952],[-67.510375,-32.243323],[-67.511162,-32.243732],[-67.51146,-32.243828],[-67.511955,-32.243923],[-67.512392,-32.243856],[-67.512688,-32.243742],[-67.513125,-32.243419],[-67.513344,-32.243209],[-67.513354,-32.243],[-67.513354,-32.242733],[-67.513411,-32.242524],[-67.513506,-32.242438],[-67.513582,-32.242277],[-67.513582,-32.242143],[-67.513458,-32.24182],[-67.512897,-32.241382],[-67.512383,-32.240896],[-67.512078,-32.240649],[-67.511793,-32.240183],[-67.511507,-32.23965],[-67.511355,-32.239364],[-67.511431,-32.23845],[-67.511641,-32.237403],[-67.511771,-32.236866],[-67.512393,-32.236511],[-67.513161,-32.236195],[-67.513597,-32.236109],[-67.514296,-32.236216],[-67.514682,-32.236302],[-67.515395,-32.236223],[-67.51589,-32.23608],[-67.516445,-32.235902],[-67.517044,-32.235688],[-67.51768,-32.234995],[-67.518186,-32.233875],[-67.51885,-32.233082],[-67.520449,-32.231619],[-67.521882,-32.230538],[-67.521914,-32.23053],[-67.521923,-32.230523],[-67.522553,-32.230058],[-67.522661,-32.229978],[-67.523318,-32.229492],[-67.523747,-32.228913],[-67.523883,-32.228592],[-67.524004,-32.228328],[-67.52394,-32.227564],[-67.523592,-32.226947],[-67.522126,-32.226395],[-67.520794,-32.225957],[-67.520413,-32.225729],[-67.519958,-32.225225],[-67.519685,-32.224665],[-67.519518,-32.224059],[-67.51959,-32.223345],[-67.519863,-32.22275],[-67.52047,-32.222262],[-67.520886,-32.221869],[-67.52162,-32.221529],[-67.522397,-32.221168],[-67.523492,-32.220906],[-67.525062,-32.221084],[-67.526526,-32.221513],[-67.528762,-32.222726],[-67.530369,-32.22432],[-67.531749,-32.225201],[-67.532986,-32.225462],[-67.533152,-32.226188],[-67.532946,-32.227015],[-67.532831,-32.227473],[-67.532439,-32.228508],[-67.532467,-32.228508],[-67.532582,-32.228733],[-67.533062,-32.229698],[-67.533651,-32.230085],[-67.535204,-32.229609],[-67.53675,-32.228984],[-67.538922,-32.228419],[-67.540141,-32.229044],[-67.542104,-32.230888],[-67.543948,-32.234427],[-67.544603,-32.236926],[-67.546511,-32.240295],[-67.550296,-32.240723],[-67.550627,-32.240502],[-67.551002,-32.240252],[-67.55231,-32.23938],[-67.553841,-32.238668],[-67.554769,-32.23824],[-67.555626,-32.238002],[-67.556292,-32.238002],[-67.556791,-32.23824],[-67.557267,-32.238883],[-67.557648,-32.239525],[-67.558243,-32.240287],[-67.559385,-32.242345],[-67.560622,-32.24263],[-67.561144,-32.242541],[-67.5618,-32.242428],[-67.562383,-32.242107],[-67.563347,-32.240715],[-67.563383,-32.24006],[-67.564394,-32.238704],[-67.565096,-32.238193],[-67.566054,-32.237808],[-67.566929,-32.237447],[-67.569081,-32.236511],[-67.570033,-32.236253],[-67.571961,-32.236087],[-67.573055,-32.236158],[-67.574185,-32.236444],[-67.576708,-32.236444],[-67.580336,-32.23667],[-67.583013,-32.237336],[-67.585119,-32.238204],[-67.586202,-32.238764],[-67.586463,-32.239287],[-67.587308,-32.239882],[-67.588093,-32.240203],[-67.589569,-32.241155],[-67.590092,-32.241797],[-67.591115,-32.242404],[-67.592721,-32.242904],[-67.593435,-32.243237],[-67.593971,-32.244272],[-67.594316,-32.245034],[-67.59566,-32.245819],[-67.596926,-32.246277],[-67.597742,-32.24614],[-67.598682,-32.245605],[-67.599527,-32.24501],[-67.599836,-32.244403],[-67.600002,-32.243523],[-67.600181,-32.242571],[-67.60074,-32.241548],[-67.600974,-32.241074],[-67.601809,-32.241028],[-67.602382,-32.241226],[-67.60306,-32.241179],[-67.603774,-32.240846],[-67.604428,-32.240084],[-67.604642,-32.239466],[-67.604654,-32.238692],[-67.6045,-32.238062],[-67.603881,-32.236884],[-67.603643,-32.236325],[-67.60356,-32.235623],[-67.603762,-32.234695],[-67.604226,-32.234064],[-67.604809,-32.233208],[-67.605224,-32.23291],[-67.607105,-32.232363],[-67.60933,-32.232704],[-67.611878,-32.233255],[-67.613637,-32.233636],[-67.614684,-32.23366],[-67.615148,-32.233791],[-67.615457,-32.234433],[-67.615409,-32.235052],[-67.615017,-32.23667],[-67.615267,-32.237693],[-67.617673,-32.240817],[-67.618577,-32.241697],[-67.620181,-32.241882],[-67.620198,-32.241876],[-67.620678,-32.241706],[-67.622881,-32.240922],[-67.622927,-32.240906],[-67.62493,-32.240555],[-67.62605,-32.239717],[-67.629237,-32.238842],[-67.632545,-32.238818],[-67.634186,-32.239199],[-67.635824,-32.240446],[-67.636081,-32.240446],[-67.636609,-32.240603],[-67.637037,-32.240717],[-67.637265,-32.240717],[-67.63758,-32.240589],[-67.638108,-32.240474],[-67.638622,-32.240374],[-67.639084,-32.240405],[-67.639708,-32.240273],[-67.642719,-32.239732],[-67.643519,-32.239675],[-67.644747,-32.239746],[-67.645666,-32.239872],[-67.646831,-32.240032],[-67.647716,-32.240003],[-67.648631,-32.239479],[-67.650393,-32.238892],[-67.65195,-32.237866],[-67.652913,-32.237619],[-67.653727,-32.237433],[-67.654255,-32.237148],[-67.655326,-32.236577],[-67.656625,-32.236177],[-67.66135,-32.234749],[-67.662778,-32.234221],[-67.663806,-32.233893],[-67.664434,-32.233593],[-67.66472,-32.233464],[-67.665205,-32.233279],[-67.665805,-32.232965],[-67.66599,-32.232551],[-67.665876,-32.231437],[-67.665862,-32.230095],[-67.66609,-32.228953],[-67.667218,-32.227725],[-67.667773,-32.227156],[-67.668289,-32.226626],[-67.668946,-32.226226],[-67.670002,-32.226212],[-67.670844,-32.22634],[-67.67173,-32.226797],[-67.672742,-32.227024],[-67.674197,-32.226318],[-67.674699,-32.225769],[-67.67497,-32.225612],[-67.67567,-32.225298],[-67.676298,-32.225198],[-67.676998,-32.225198],[-67.67784,-32.225341],[-67.678697,-32.225841],[-67.679025,-32.226226],[-67.679154,-32.226811],[-67.678654,-32.227511],[-67.677883,-32.228211],[-67.677005,-32.228821],[-67.674973,-32.230628],[-67.675042,-32.230952],[-67.675156,-32.231537],[-67.675556,-32.232237],[-67.678054,-32.23385],[-67.678868,-32.234307],[-67.680881,-32.235192],[-67.681723,-32.235806],[-67.68288,-32.236291],[-67.683208,-32.236748],[-67.685064,-32.237705],[-67.686504,-32.238077],[-67.687431,-32.237974],[-67.688519,-32.237747],[-67.690175,-32.237233],[-67.692188,-32.236091],[-67.692631,-32.235749],[-67.693016,-32.235049],[-67.693045,-32.234392],[-67.693202,-32.233807],[-67.693555,-32.233387],[-67.694016,-32.233036],[-67.694729,-32.232665],[-67.697199,-32.232351],[-67.69994,-32.232993],[-67.701682,-32.234021],[-67.70361,-32.234735],[-67.70588,-32.234978],[-67.707065,-32.235349],[-67.708221,-32.236534],[-67.709006,-32.239104],[-67.708635,-32.242402],[-67.708407,-32.242873],[-67.708278,-32.243658],[-67.708435,-32.244201],[-67.708749,-32.244857],[-67.70962,-32.245286],[-67.710762,-32.245642],[-67.711619,-32.245671],[-67.713246,-32.2454],[-67.715025,-32.24451],[-67.717227,-32.243408],[-67.718358,-32.243372],[-67.71996,-32.242862],[-67.723358,-32.24224],[-67.723358,-32.24224],[-67.723358,-32.24224],[-67.723911,-32.241845],[-67.724754,-32.241345],[-67.725589,-32.241211],[-67.726138,-32.241217],[-67.727195,-32.241003],[-67.727966,-32.240817],[-67.728951,-32.240845],[-67.729379,-32.24086],[-67.729593,-32.240617],[-67.729551,-32.239832],[-67.729451,-32.239389],[-67.728994,-32.239018],[-67.728408,-32.238875],[-67.727695,-32.238918],[-67.726995,-32.239004],[-67.726181,-32.239446],[-67.726176,-32.239631],[-67.726067,-32.239875],[-67.725539,-32.240032],[-67.724811,-32.239903],[-67.724149,-32.23974],[-67.723554,-32.239304],[-67.72324,-32.238961],[-67.723226,-32.238219],[-67.72314,-32.237719],[-67.723369,-32.237462],[-67.723697,-32.237291],[-67.724241,-32.236775],[-67.724725,-32.236291],[-67.72531,-32.235891],[-67.725724,-32.235991],[-67.726124,-32.236234],[-67.726324,-32.236762],[-67.726382,-32.237183],[-67.727195,-32.237291],[-67.728009,-32.237291],[-67.728737,-32.236976],[-67.729465,-32.236634],[-67.729922,-32.23602],[-67.73025,-32.235706],[-67.730507,-32.235149],[-67.730564,-32.234849],[-67.730564,-32.234621],[-67.730007,-32.234292],[-67.729136,-32.234107],[-67.72828,-32.233864],[-67.727923,-32.233707],[-67.727537,-32.232765],[-67.72758,-32.232194],[-67.727798,-32.231669],[-67.728109,-32.231237],[-67.728508,-32.230895],[-67.729108,-32.230809],[-67.729593,-32.230823],[-67.729958,-32.230962],[-67.730307,-32.231094],[-67.730835,-32.231094],[-67.731564,-32.23118],[-67.732677,-32.23118],[-67.733148,-32.230723],[-67.733191,-32.230309],[-67.73332,-32.229895],[-67.733505,-32.229553],[-67.733519,-32.229139],[-67.733453,-32.228838],[-67.733405,-32.228625],[-67.733205,-32.228196],[-67.733291,-32.227711],[-67.733309,-32.227371],[-67.733341,-32.226793],[-67.733362,-32.2264],[-67.733377,-32.226126],[-67.733314,-32.225762],[-67.733271,-32.2255],[-67.733274,-32.225371],[-67.733283,-32.225242],[-67.733298,-32.225113],[-67.733321,-32.224986],[-67.73335,-32.22486],[-67.733385,-32.224736],[-67.733427,-32.224613],[-67.733476,-32.224493],[-67.73353,-32.224376],[-67.733564,-32.224312],[-67.733591,-32.224262],[-67.733657,-32.224151],[-67.73373,-32.224044],[-67.733807,-32.22394],[-67.73389,-32.223841],[-67.733944,-32.223783],[-67.733978,-32.223746],[-67.734071,-32.223656],[-67.734169,-32.223571],[-67.73427,-32.223492],[-67.734376,-32.223417],[-67.734486,-32.223349],[-67.734599,-32.223286],[-67.734715,-32.223229],[-67.734834,-32.223178],[-67.734955,-32.223133],[-67.735078,-32.223095],[-67.735204,-32.223063],[-67.735331,-32.223038],[-67.735459,-32.22302],[-67.735588,-32.223008],[-67.735717,-32.223003],[-67.735846,-32.223005],[-67.735975,-32.223014],[-67.739287,-32.223157],[-67.741957,-32.222942],[-67.743113,-32.222842],[-67.744413,-32.223385],[-67.747539,-32.225926],[-67.749124,-32.22714],[-67.750509,-32.228039],[-67.751779,-32.228225],[-67.752552,-32.228305],[-67.753093,-32.228196],[-67.753155,-32.228126],[-67.753266,-32.228072],[-67.753374,-32.228012],[-67.753479,-32.227946],[-67.753579,-32.227874],[-67.753675,-32.227796],[-67.753767,-32.227713],[-67.753853,-32.227625],[-67.753934,-32.227532],[-67.75401,-32.227435],[-67.754081,-32.227333],[-67.754145,-32.227228],[-67.754203,-32.227119],[-67.754255,-32.227007],[-67.754271,-32.226966],[-67.7543,-32.226892],[-67.754418,-32.226786],[-67.75454,-32.226685],[-67.754665,-32.226588],[-67.754793,-32.226495],[-67.754925,-32.226407],[-67.75493,-32.226405],[-67.75506,-32.226324],[-67.75511,-32.226296],[-67.755197,-32.226246],[-67.755338,-32.226173],[-67.755349,-32.226168],[-67.755481,-32.226105],[-67.755672,-32.226049],[-67.755865,-32.225999],[-67.756059,-32.225956],[-67.756255,-32.225919],[-67.756452,-32.225889],[-67.756649,-32.225865],[-67.756848,-32.225848],[-67.756963,-32.225835],[-67.757079,-32.225828],[-67.757195,-32.225827],[-67.757311,-32.225831],[-67.757426,-32.225841],[-67.757795,-32.225841],[-67.75788,-32.225849],[-67.757963,-32.225864],[-67.758045,-32.225886],[-67.758077,-32.225897],[-67.758125,-32.225915],[-67.758147,-32.225925],[-67.758202,-32.225951],[-67.758276,-32.225992],[-67.758346,-32.226041],[-67.758411,-32.226094],[-67.758472,-32.226153],[-67.758528,-32.226217],[-67.758578,-32.226286],[-67.758647,-32.226417],[-67.758712,-32.226529],[-67.758722,-32.226545],[-67.758803,-32.226669],[-67.75889,-32.226789],[-67.758982,-32.226904],[-67.75908,-32.227015],[-67.759184,-32.227121],[-67.759292,-32.227222],[-67.759405,-32.227318],[-67.759522,-32.227408],[-67.759644,-32.227493],[-67.75977,-32.227571],[-67.759899,-32.227644],[-67.760031,-32.22771],[-67.760167,-32.227769],[-67.760305,-32.227822],[-67.760446,-32.227869],[-67.760478,-32.227878],[-67.760589,-32.227908],[-67.760733,-32.227941],[-67.760879,-32.227966],[-67.761026,-32.227985],[-67.761174,-32.227996],[-67.763072,-32.227968],[-67.764161,-32.2282],[-67.764233,-32.228215],[-67.764656,-32.228288],[-67.764851,-32.228305],[-67.765019,-32.228314],[-67.765046,-32.228316],[-67.765242,-32.228319],[-67.765283,-32.228319],[-67.765438,-32.228316],[-67.765633,-32.228306],[-67.765795,-32.228292],[-67.765829,-32.228289],[-67.766023,-32.228265],[-67.766216,-32.228235],[-67.766408,-32.228197],[-67.766599,-32.228153],[-67.766788,-32.228102],[-67.766976,-32.228045],[-67.76702,-32.22803],[-67.767026,-32.228028],[-67.767032,-32.228026],[-67.76704,-32.228023],[-67.767161,-32.227981],[-67.767343,-32.227911],[-67.767524,-32.227834],[-67.767701,-32.227751],[-67.767875,-32.227662],[-67.768046,-32.227567],[-67.768214,-32.227466],[-67.768378,-32.227359],[-67.768379,-32.227359],[-67.768538,-32.227246],[-67.768601,-32.22718],[-67.76866,-32.22711],[-67.768713,-32.227036],[-67.768761,-32.226959],[-67.768803,-32.226878],[-67.76884,-32.226795],[-67.768871,-32.226709],[-67.768895,-32.226625],[-67.768896,-32.226621],[-67.768914,-32.226532],[-67.768927,-32.226442],[-67.768933,-32.226351],[-67.768932,-32.22626],[-67.768926,-32.226169],[-67.768937,-32.226062],[-67.768925,-32.225987],[-67.768921,-32.225911],[-67.768923,-32.225835],[-67.768878,-32.22573],[-67.768856,-32.225693],[-67.768853,-32.225687],[-67.768833,-32.22564],[-67.76882,-32.225591],[-67.768814,-32.225541],[-67.768814,-32.22549],[-67.768821,-32.22544],[-67.768834,-32.225391],[-67.768854,-32.225344],[-67.768879,-32.225301],[-67.768911,-32.225261],[-67.768947,-32.225225],[-67.768987,-32.225195],[-67.769032,-32.22517],[-67.769079,-32.225151],[-67.769128,-32.225139],[-67.769178,-32.225133],[-67.769229,-32.225134],[-67.769279,-32.225142],[-67.769598,-32.225139],[-67.770252,-32.225135],[-67.770295,-32.225134],[-67.770414,-32.225144],[-67.770541,-32.225157],[-67.770731,-32.225182],[-67.770821,-32.225198],[-67.77092,-32.225215],[-67.771108,-32.225254],[-67.771294,-32.225299],[-67.771478,-32.225352],[-67.771661,-32.22541],[-67.771841,-32.225476],[-67.772019,-32.225548],[-67.772194,-32.225626],[-67.772366,-32.22571],[-67.772535,-32.225801],[-67.772701,-32.225897],[-67.772863,-32.225999],[-67.773021,-32.226107],[-67.773175,-32.226221],[-67.773326,-32.22634],[-67.773471,-32.226465],[-67.773613,-32.226594],[-67.773749,-32.226729],[-67.773881,-32.226868],[-67.774007,-32.227012],[-67.774129,-32.227161],[-67.774194,-32.227283],[-67.773966,-32.227925],[-67.773223,-32.229495],[-67.772638,-32.230809],[-67.771681,-32.231937],[-67.771167,-32.232365],[-67.770411,-32.232608],[-67.770321,-32.232631],[-67.770233,-32.23266],[-67.770148,-32.232697],[-67.770065,-32.232739],[-67.769986,-32.232788],[-67.769911,-32.232842],[-67.76984,-32.232902],[-67.769774,-32.232967],[-67.769713,-32.233036],[-67.769657,-32.233111],[-67.769653,-32.233117],[-67.769608,-32.233189],[-67.769564,-32.23327],[-67.769526,-32.233355],[-67.769495,-32.233442],[-67.76947,-32.233532],[-67.769453,-32.233623],[-67.769442,-32.233715],[-67.769438,-32.233808],[-67.769441,-32.2339],[-67.769451,-32.233992],[-67.769468,-32.234084],[-67.769492,-32.234173],[-67.769522,-32.234261],[-67.769559,-32.234346],[-67.769584,-32.234394],[-67.769602,-32.234428],[-67.769651,-32.234506],[-67.769706,-32.234581],[-67.769767,-32.234651],[-67.769832,-32.234717],[-67.769903,-32.234777],[-67.769977,-32.234832],[-67.770056,-32.234882],[-67.770138,-32.234925],[-67.770223,-32.234962],[-67.770311,-32.234992],[-67.771361,-32.235413],[-67.77289,-32.235519],[-67.774208,-32.235106],[-67.775079,-32.234992],[-67.776264,-32.235035],[-67.777323,-32.235122],[-67.778363,-32.23522],[-67.778568,-32.235207],[-67.778773,-32.235186],[-67.778976,-32.235159],[-67.779179,-32.235124],[-67.77938,-32.235083],[-67.77958,-32.235034],[-67.779778,-32.234979],[-67.779974,-32.234917],[-67.780168,-32.234849],[-67.78036,-32.234773],[-67.780548,-32.234692],[-67.780734,-32.234604],[-67.780917,-32.234509],[-67.781096,-32.234409],[-67.781272,-32.234302],[-67.781444,-32.234189],[-67.781612,-32.234071],[-67.781776,-32.233947],[-67.781935,-32.233817],[-67.78209,-32.233682],[-67.782241,-32.233541],[-67.782386,-32.233396],[-67.782526,-32.233246],[-67.782662,-32.233091],[-67.782791,-32.232931],[-67.782915,-32.232767],[-67.783034,-32.232599],[-67.783147,-32.232427],[-67.783253,-32.232251],[-67.783388,-32.231823],[-67.783617,-32.230995],[-67.783774,-32.229852],[-67.783988,-32.229324],[-67.784302,-32.228696],[-67.784773,-32.228282],[-67.785358,-32.228039],[-67.786519,-32.227941],[-67.786713,-32.227938],[-67.786907,-32.227942],[-67.7871,-32.227952],[-67.787293,-32.227968],[-67.787404,-32.227981],[-67.787486,-32.22799],[-67.787677,-32.228019],[-67.787868,-32.228055],[-67.788057,-32.228096],[-67.788122,-32.228135],[-67.788191,-32.228169],[-67.788262,-32.228196],[-67.788336,-32.228217],[-67.788411,-32.228231],[-67.788487,-32.228239],[-67.788563,-32.22824],[-67.788583,-32.228239],[-67.788587,-32.228238],[-67.788639,-32.228234],[-67.788715,-32.228222],[-67.788789,-32.228204],[-67.788861,-32.228179],[-67.788931,-32.228147],[-67.788997,-32.22811],[-67.789061,-32.228067],[-67.789071,-32.228058],[-67.789089,-32.228044],[-67.78912,-32.228019],[-67.789175,-32.227966],[-67.789224,-32.227908],[-67.789269,-32.227846],[-67.789308,-32.227781],[-67.789342,-32.227712],[-67.789369,-32.22764],[-67.78939,-32.227567],[-67.789404,-32.227492],[-67.789412,-32.227416],[-67.789413,-32.22734],[-67.789424,-32.226409],[-67.78937,-32.225955],[-67.789513,-32.225227],[-67.789784,-32.224541],[-67.790364,-32.224164],[-67.790482,-32.224075],[-67.791226,-32.223513],[-67.791255,-32.223479],[-67.791662,-32.223604],[-67.791686,-32.223612],[-67.791742,-32.223629],[-67.791799,-32.223646],[-67.791855,-32.223663],[-67.791911,-32.22368],[-67.791967,-32.223697],[-67.792023,-32.223714],[-67.79208,-32.223731],[-67.792136,-32.223748],[-67.792192,-32.223765],[-67.792248,-32.223781],[-67.792305,-32.223798],[-67.792361,-32.223814],[-67.792418,-32.223831],[-67.792474,-32.223847],[-67.792531,-32.223863],[-67.792588,-32.223878],[-67.792645,-32.223894],[-67.792701,-32.223909],[-67.792758,-32.223924],[-67.792816,-32.223938],[-67.792873,-32.223953],[-67.79293,-32.223967],[-67.792987,-32.223981],[-67.793045,-32.223995],[-67.793102,-32.224009],[-67.793159,-32.224023],[-67.793217,-32.224037],[-67.793274,-32.22405],[-67.793332,-32.224064],[-67.793389,-32.224078],[-67.793446,-32.224091],[-67.793504,-32.224105],[-67.793561,-32.224119],[-67.793619,-32.224133],[-67.793676,-32.224146],[-67.793734,-32.22416],[-67.793791,-32.224174],[-67.793848,-32.224188],[-67.793906,-32.224203],[-67.793963,-32.224217],[-67.79402,-32.224231],[-67.794078,-32.224244],[-67.794135,-32.224258],[-67.794192,-32.224272],[-67.79425,-32.224286],[-67.794307,-32.2243],[-67.794365,-32.224313],[-67.794422,-32.224327],[-67.79448,-32.22434],[-67.794537,-32.224354],[-67.794595,-32.224368],[-67.794652,-32.224381],[-67.79471,-32.224395],[-67.794767,-32.224408],[-67.794825,-32.224421],[-67.794882,-32.224435],[-67.79494,-32.224448],[-67.794997,-32.224462],[-67.795055,-32.224475],[-67.795112,-32.224489],[-67.79517,-32.224502],[-67.795227,-32.224515],[-67.795285,-32.224528],[-67.795343,-32.22454],[-67.795401,-32.22455],[-67.79546,-32.224559],[-67.795519,-32.224567],[-67.795579,-32.224573],[-67.795638,-32.224579],[-67.795698,-32.224584],[-67.795758,-32.224588],[-67.795818,-32.224592],[-67.795879,-32.224595],[-67.795939,-32.224597],[-67.795999,-32.2246],[-67.79606,-32.224602],[-67.79612,-32.224605],[-67.79618,-32.224607],[-67.79624,-32.22461],[-67.7963,-32.224613],[-67.796359,-32.224616],[-67.796418,-32.22462],[-67.796477,-32.224625],[-67.796536,-32.224631],[-67.796594,-32.224637],[-67.796652,-32.224645],[-67.796709,-32.224653],[-67.796764,-32.224666],[-67.796818,-32.224686],[-67.796868,-32.224711],[-67.796917,-32.224741],[-67.796964,-32.224776],[-67.79701,-32.224814],[-67.797053,-32.224856],[-67.797096,-32.224901],[-67.797137,-32.224948],[-67.797178,-32.224996],[-67.797218,-32.225045],[-67.797257,-32.225095],[-67.797296,-32.225144],[-67.797335,-32.225193],[-67.797373,-32.22524],[-67.797412,-32.225285],[-67.797452,-32.225327],[-67.797491,-32.225366],[-67.797532,-32.225402],[-67.797574,-32.225433],[-67.797616,-32.225459],[-67.79766,-32.225479],[-67.797706,-32.225493],[-67.797753,-32.225501],[-67.797802,-32.225501],[-67.797853,-32.225499],[-67.797906,-32.225495],[-67.79796,-32.22549],[-67.798015,-32.225482],[-67.798071,-32.225472],[-67.798128,-32.225461],[-67.798186,-32.225448],[-67.798244,-32.225433],[-67.798303,-32.225416],[-67.798361,-32.225398],[-67.798372,-32.225395],[-67.79842,-32.225378],[-67.798479,-32.225357],[-67.798537,-32.225334],[-67.798595,-32.22531],[-67.798653,-32.225284],[-67.798709,-32.225257],[-67.798764,-32.225228],[-67.798819,-32.225198],[-67.798871,-32.225167],[-67.798923,-32.225134],[-67.798972,-32.225101],[-67.79902,-32.225066],[-67.799066,-32.225029],[-67.79911,-32.224992],[-67.799152,-32.224955],[-67.799194,-32.224917],[-67.799236,-32.22488],[-67.799278,-32.224842],[-67.799318,-32.224804],[-67.799359,-32.224767],[-67.799399,-32.224729],[-67.799439,-32.224691],[-67.799478,-32.224653],[-67.799518,-32.224615],[-67.799557,-32.224577],[-67.799595,-32.224539],[-67.799634,-32.224501],[-67.799672,-32.224462],[-67.799711,-32.224424],[-67.799749,-32.224386],[-67.799786,-32.224347],[-67.799824,-32.224309],[-67.799862,-32.22427],[-67.7999,-32.224232],[-67.799938,-32.224193],[-67.799975,-32.224154],[-67.800013,-32.224115],[-67.800051,-32.224076],[-67.800089,-32.224037],[-67.800125,-32.223998],[-67.800159,-32.223958],[-67.800193,-32.223917],[-67.800225,-32.223877],[-67.800257,-32.223836],[-67.800288,-32.223795],[-67.800318,-32.223754],[-67.800348,-32.223713],[-67.800379,-32.223672],[-67.800409,-32.22363],[-67.800439,-32.223589],[-67.80047,-32.223547],[-67.800502,-32.223506],[-67.800534,-32.223465],[-67.800568,-32.223423],[-67.800603,-32.223382],[-67.800639,-32.223342],[-67.800644,-32.223337],[-67.800677,-32.223301],[-67.800717,-32.223261],[-67.800758,-32.223221],[-67.800802,-32.223181],[-67.800848,-32.223142],[-67.800897,-32.223103],[-67.800948,-32.223065],[-67.801002,-32.223028],[-67.801037,-32.223006],[-67.801056,-32.222994],[-67.801112,-32.222962],[-67.801168,-32.222934],[-67.801224,-32.222908],[-67.801561,-32.223019],[-67.801668,-32.223083],[-67.801778,-32.223142],[-67.80189,-32.223195],[-67.802005,-32.223243],[-67.802123,-32.223284],[-67.802242,-32.22332],[-67.802363,-32.22335],[-67.802485,-32.223374],[-67.802608,-32.223392],[-67.802732,-32.223404],[-67.802857,-32.223409],[-67.802981,-32.223409],[-67.803105,-32.223402],[-67.80399,-32.22377],[-67.806859,-32.224827],[-67.807373,-32.225584],[-67.807687,-32.226369],[-67.808388,-32.2269],[-67.808872,-32.227011],[-67.809976,-32.226911],[-67.8106,-32.226854],[-67.812127,-32.225712],[-67.812684,-32.224813],[-67.813418,-32.224487],[-67.81444,-32.224556],[-67.815068,-32.225369],[-67.815368,-32.22614],[-67.816225,-32.226911],[-67.817467,-32.227283],[-67.818795,-32.227211],[-67.820608,-32.226797],[-67.823691,-32.225427],[-67.827047,-32.224627],[-67.827603,-32.224641],[-67.828289,-32.224884],[-67.829359,-32.225541],[-67.830115,-32.226183],[-67.830502,-32.226512],[-67.830673,-32.226597],[-67.831058,-32.226526],[-67.832115,-32.225626],[-67.833071,-32.22437],[-67.834827,-32.223071],[-67.835912,-32.222314],[-67.836455,-32.221115],[-67.836512,-32.220101],[-67.836425,-32.219774],[-67.836368,-32.219643],[-67.836317,-32.21951],[-67.836271,-32.219375],[-67.83623,-32.219238],[-67.836195,-32.2191],[-67.836166,-32.21896],[-67.836143,-32.218819],[-67.836125,-32.218677],[-67.836121,-32.218632],[-67.836113,-32.218535],[-67.836107,-32.218392],[-67.835957,-32.218016],[-67.835692,-32.21735],[-67.835692,-32.216911],[-67.835692,-32.216637],[-67.835737,-32.216428],[-67.835805,-32.216111],[-67.835871,-32.215804],[-67.836733,-32.215358],[-67.838262,-32.215087],[-67.840973,-32.214951],[-67.841143,-32.21498],[-67.841312,-32.215015],[-67.841479,-32.215057],[-67.841645,-32.215105],[-67.841808,-32.21516],[-67.841969,-32.215221],[-67.842128,-32.215289],[-67.842284,-32.215363],[-67.842437,-32.215442],[-67.842586,-32.215528],[-67.842732,-32.215619],[-67.842875,-32.215716],[-67.843013,-32.215819],[-67.843148,-32.215927],[-67.843278,-32.21604],[-67.843403,-32.216158],[-67.843524,-32.216281],[-67.84364,-32.216409],[-67.843751,-32.216541],[-67.843857,-32.216677],[-67.843957,-32.216817],[-67.844051,-32.216961],[-67.84414,-32.217109],[-67.844223,-32.21726],[-67.8443,-32.217414],[-67.844371,-32.217572],[-67.844436,-32.217731],[-67.844552,-32.219215],[-67.844555,-32.219267],[-67.844558,-32.219319],[-67.844561,-32.219371],[-67.844563,-32.219423],[-67.844566,-32.219475],[-67.844569,-32.219527],[-67.844572,-32.219578],[-67.844574,-32.21963],[-67.844577,-32.219682],[-67.84458,-32.219734],[-67.844583,-32.219786],[-67.844585,-32.219838],[-67.844588,-32.21989],[-67.844591,-32.219942],[-67.844593,-32.219994],[-67.844596,-32.220046],[-67.844599,-32.220098],[-67.844601,-32.22015],[-67.844604,-32.220202],[-67.844606,-32.220254],[-67.844609,-32.220306],[-67.844612,-32.220358],[-67.844614,-32.22041],[-67.844617,-32.220461],[-67.844619,-32.220513],[-67.844622,-32.220565],[-67.844623,-32.220617],[-67.844623,-32.220669],[-67.844622,-32.220721],[-67.844619,-32.220773],[-67.844616,-32.220825],[-67.844611,-32.220877],[-67.844605,-32.220928],[-67.844599,-32.22098],[-67.844591,-32.221032],[-67.844584,-32.221084],[-67.844576,-32.221135],[-67.844567,-32.221187],[-67.844559,-32.221239],[-67.84455,-32.221291],[-67.844542,-32.221342],[-67.844534,-32.221394],[-67.844526,-32.221446],[-67.844519,-32.221498],[-67.844512,-32.221549],[-67.844506,-32.221601],[-67.8445,-32.221653],[-67.844496,-32.221705],[-67.844492,-32.221756],[-67.84449,-32.221808],[-67.844489,-32.22186],[-67.844488,-32.221912],[-67.844487,-32.221964],[-67.844487,-32.222015],[-67.844488,-32.222067],[-67.84449,-32.222119],[-67.844493,-32.22217],[-67.844498,-32.222221],[-67.844504,-32.222272],[-67.844513,-32.222323],[-67.844523,-32.222374],[-67.844536,-32.222424],[-67.844552,-32.222474],[-67.84457,-32.222524],[-67.844591,-32.222573],[-67.844616,-32.222622],[-67.844644,-32.222671],[-67.844675,-32.222719],[-67.84471,-32.222766],[-67.844749,-32.222813],[-67.844793,-32.222859],[-67.844841,-32.222905],[-67.844894,-32.222951],[-67.844951,-32.222995],[-67.845009,-32.223035],[-67.845067,-32.223071],[-67.845126,-32.223103],[-67.845184,-32.22313],[-67.845243,-32.223154],[-67.845302,-32.223175],[-67.845362,-32.223192],[-67.845421,-32.223207],[-67.845481,-32.223218],[-67.845541,-32.223228],[-67.845601,-32.223235],[-67.845661,-32.22324],[-67.845721,-32.223243],[-67.845781,-32.223245],[-67.845841,-32.223245],[-67.845902,-32.223245],[-67.845962,-32.223244],[-67.846023,-32.223242],[-67.846084,-32.22324],[-67.846144,-32.223238],[-67.846205,-32.223237],[-67.846266,-32.223236],[-67.846271,-32.223236],[-67.846326,-32.223235],[-67.846387,-32.223235],[-67.846448,-32.223235],[-67.846509,-32.223235],[-67.84657,-32.223234],[-67.846631,-32.223233],[-67.846691,-32.223232],[-67.846752,-32.22323],[-67.846813,-32.223228],[-67.846874,-32.223225],[-67.846935,-32.223222],[-67.846996,-32.223219],[-67.847057,-32.223215],[-67.847118,-32.223211],[-67.847179,-32.223206],[-67.84724,-32.223201],[-67.847301,-32.223195],[-67.847362,-32.223189],[-67.847423,-32.223182],[-67.847484,-32.223175],[-67.847545,-32.223167],[-67.847606,-32.223158],[-67.847667,-32.223149],[-67.847728,-32.22314],[-67.847789,-32.223129],[-67.847849,-32.223118],[-67.84791,-32.223107],[-67.847971,-32.223097],[-67.848032,-32.223086],[-67.848092,-32.223074],[-67.848152,-32.223063],[-67.848212,-32.22305],[-67.848272,-32.223037],[-67.84828,-32.223035],[-67.848331,-32.223023],[-67.848389,-32.223008],[-67.848447,-32.222992],[-67.848504,-32.222974],[-67.84856,-32.222954],[-67.848616,-32.222933],[-67.848671,-32.22291],[-67.848724,-32.222884],[-67.848777,-32.222857],[-67.848828,-32.222826],[-67.848879,-32.222794],[-67.848928,-32.222758],[-67.848975,-32.22272],[-67.849022,-32.222678],[-67.849067,-32.222634],[-67.84911,-32.222585],[-67.84915,-32.222536],[-67.849186,-32.222487],[-67.849218,-32.222438],[-67.849248,-32.222388],[-67.849273,-32.222338],[-67.849296,-32.222288],[-67.849316,-32.222238],[-67.849334,-32.222188],[-67.849349,-32.222137],[-67.849362,-32.222087],[-67.849373,-32.222036],[-67.849381,-32.221985],[-67.849389,-32.221934],[-67.849395,-32.221883],[-67.849399,-32.221831],[-67.849403,-32.22178],[-67.849406,-32.221729],[-67.849408,-32.221677],[-67.849409,-32.221626],[-67.849411,-32.221574],[-67.849412,-32.221522],[-67.849413,-32.22147],[-67.849415,-32.221418],[-67.849417,-32.221367],[-67.849419,-32.221315],[-67.849422,-32.221263],[-67.849424,-32.221211],[-67.849426,-32.221159],[-67.849428,-32.221107],[-67.84943,-32.221055],[-67.849432,-32.221003],[-67.849433,-32.220951],[-67.849434,-32.220898],[-67.849435,-32.220846],[-67.849435,-32.220794],[-67.849435,-32.220742],[-67.849434,-32.22069],[-67.849433,-32.220638],[-67.849431,-32.220586],[-67.849429,-32.220534],[-67.849426,-32.220482],[-67.849423,-32.22043],[-67.849418,-32.220378],[-67.849413,-32.220326],[-67.849408,-32.220274],[-67.849401,-32.220223],[-67.849393,-32.220171],[-67.849385,-32.220119],[-67.849376,-32.220068],[-67.849366,-32.220016],[-67.849356,-32.219965],[-67.849345,-32.219914],[-67.849334,-32.219863],[-67.849322,-32.219812],[-67.849309,-32.219761],[-67.849297,-32.21971],[-67.849283,-32.21966],[-67.849269,-32.219609],[-67.849255,-32.219559],[-67.84924,-32.219509],[-67.849225,-32.219459],[-67.849209,-32.219408],[-67.849192,-32.219358],[-67.849175,-32.219309],[-67.849158,-32.219259],[-67.849139,-32.219209],[-67.849121,-32.219159],[-67.849102,-32.219109],[-67.849082,-32.21906],[-67.849062,-32.21901],[-67.849041,-32.21896],[-67.84902,-32.218911],[-67.848998,-32.218861],[-67.848976,-32.218812],[-67.848953,-32.218763],[-67.84893,-32.218714],[-67.848907,-32.218666],[-67.848884,-32.218618],[-67.84886,-32.21857],[-67.848835,-32.218522],[-67.848811,-32.218475],[-67.848785,-32.218428],[-67.848759,-32.218381],[-67.848733,-32.218334],[-67.848706,-32.218288],[-67.848679,-32.218242],[-67.848651,-32.218196],[-67.848622,-32.21815],[-67.848593,-32.218105],[-67.848563,-32.21806],[-67.848532,-32.218015],[-67.848501,-32.21797],[-67.848469,-32.217925],[-67.848436,-32.217881],[-67.848403,-32.217836],[-67.848369,-32.217792],[-67.848334,-32.217749],[-67.848298,-32.217705],[-67.848262,-32.217663],[-67.848225,-32.21762],[-67.848188,-32.217579],[-67.84815,-32.217537],[-67.848112,-32.217496],[-67.848073,-32.217456],[-67.848034,-32.217415],[-67.847995,-32.217375],[-67.847955,-32.217336],[-67.847915,-32.217296],[-67.847875,-32.217257],[-67.847834,-32.217218],[-67.847794,-32.21718],[-67.847753,-32.217141],[-67.847712,-32.217103],[-67.847671,-32.217065],[-67.84763,-32.217026],[-67.847589,-32.216988],[-67.847548,-32.21695],[-67.847507,-32.216912],[-67.847466,-32.216874],[-67.847425,-32.216836],[-67.847384,-32.216798],[-67.847342,-32.216761],[-67.847298,-32.216725],[-67.847254,-32.216689],[-67.847208,-32.216654],[-67.847161,-32.21662],[-67.847114,-32.216587],[-67.847066,-32.216554],[-67.847017,-32.216521],[-67.846968,-32.216489],[-67.846919,-32.216457],[-67.846869,-32.216425],[-67.84682,-32.216393],[-67.846771,-32.216362],[-67.846721,-32.21633],[-67.846673,-32.216297],[-67.846624,-32.216265],[-67.846576,-32.216232],[-67.846529,-32.216199],[-67.846483,-32.216165],[-67.846438,-32.216131],[-67.846394,-32.216096],[-67.846351,-32.21606],[-67.84631,-32.216023],[-67.84627,-32.215985],[-67.846234,-32.215945],[-67.846203,-32.2159],[-67.846177,-32.215853],[-67.846156,-32.215802],[-67.846139,-32.21575],[-67.846126,-32.215695],[-67.846119,-32.215639],[-67.846115,-32.215582],[-67.846116,-32.215524],[-67.84612,-32.215465],[-67.846129,-32.215407],[-67.846142,-32.215349],[-67.846159,-32.215291],[-67.84618,-32.215235],[-67.846204,-32.215181],[-67.846232,-32.215128],[-67.846264,-32.215078],[-67.846299,-32.215031],[-67.846338,-32.214986],[-67.84638,-32.214946],[-67.846402,-32.214897],[-67.846424,-32.214849],[-67.846447,-32.214801],[-67.84647,-32.214753],[-67.846493,-32.214705],[-67.846517,-32.214657],[-67.846542,-32.21461],[-67.846566,-32.214563],[-67.846567,-32.214563],[-67.846592,-32.214516],[-67.846618,-32.21447],[-67.846645,-32.214424],[-67.846673,-32.214378],[-67.846689,-32.214352],[-67.847577,-32.213406],[-67.850874,-32.211835],[-67.852331,-32.211007],[-67.853359,-32.210721],[-67.854144,-32.210622],[-67.855143,-32.210936],[-67.8557,-32.211235],[-67.856157,-32.211807],[-67.857076,-32.211879],[-67.857784,-32.211935],[-67.858869,-32.21145],[-67.859926,-32.210879],[-67.860911,-32.209437],[-67.861496,-32.208037],[-67.861411,-32.206638],[-67.861796,-32.205353],[-67.862439,-32.204554],[-67.863275,-32.203752],[-67.864652,-32.202498],[-67.86645,-32.201185],[-67.867683,-32.200087],[-67.867805,-32.200011],[-67.868877,-32.199343],[-67.869763,-32.199029],[-67.871933,-32.198415],[-67.873008,-32.198301],[-67.873417,-32.198258],[-67.873642,-32.198187],[-67.873865,-32.198116],[-67.874545,-32.197901],[-67.875088,-32.19783],[-67.875673,-32.197344],[-67.875759,-32.196716],[-67.875345,-32.196045],[-67.874759,-32.195417],[-67.873917,-32.194389],[-67.873377,-32.193661],[-67.872547,-32.192576],[-67.871233,-32.191648],[-67.870862,-32.191134],[-67.870933,-32.190134],[-67.871433,-32.189164],[-67.872133,-32.188602],[-67.872869,-32.188012],[-67.874874,-32.187165],[-67.876201,-32.186765],[-67.87703,-32.186465],[-67.878129,-32.185966],[-67.879114,-32.185066],[-67.88109,-32.182852],[-67.881741,-32.182068],[-67.883226,-32.180983],[-67.884767,-32.180369],[-67.886324,-32.179898],[-67.887694,-32.179884],[-67.889265,-32.179912],[-67.890584,-32.180106],[-67.892034,-32.180312],[-67.894347,-32.180326],[-67.895861,-32.180355],[-67.896914,-32.180176],[-67.897069,-32.180135],[-67.898916,-32.179841],[-67.899658,-32.179827],[-67.900458,-32.179498],[-67.900843,-32.179184],[-67.901286,-32.179056],[-67.901828,-32.178784],[-67.902299,-32.17847],[-67.902913,-32.178213],[-67.903199,-32.178213],[-67.903884,-32.177985],[-67.904469,-32.177714],[-67.905055,-32.177257],[-67.905412,-32.177014],[-67.905726,-32.176557],[-67.906126,-32.175529],[-67.90604,-32.174887],[-67.905783,-32.174173],[-67.905597,-32.173645],[-67.905726,-32.172607],[-67.905797,-32.172331],[-67.906111,-32.172189],[-67.906468,-32.172031],[-67.907111,-32.172031],[-67.907667,-32.172131],[-67.908567,-32.172431],[-67.909766,-32.172902],[-67.910951,-32.173331],[-67.91195,-32.173488],[-67.912664,-32.173716],[-67.913107,-32.173873],[-67.913635,-32.174273],[-67.914106,-32.174944],[-67.914477,-32.175272],[-67.915408,-32.175415],[-67.916062,-32.175301],[-67.916519,-32.175172],[-67.916876,-32.174658],[-67.917135,-32.173941],[-67.917333,-32.173188],[-67.917605,-32.172654],[-67.917605,-32.171774],[-67.917559,-32.17075],[-67.91769,-32.169861],[-67.917675,-32.169062],[-67.917675,-32.16792],[-67.918032,-32.16702],[-67.91824,-32.16618],[-67.919609,-32.165133],[-67.920074,-32.165022],[-67.920759,-32.164707],[-67.922258,-32.163694],[-67.923358,-32.16298],[-67.923615,-32.162152],[-67.924386,-32.16061],[-67.925285,-32.159197],[-67.926698,-32.157226],[-67.927555,-32.156341],[-67.928069,-32.15567],[-67.928269,-32.155228],[-67.928412,-32.154457],[-67.928155,-32.153572],[-67.927484,-32.152843],[-67.92647,-32.15233],[-67.925991,-32.152224],[-67.925399,-32.151858],[-67.924976,-32.151182],[-67.924728,-32.150702],[-67.924314,-32.149803],[-67.923872,-32.148832],[-67.923814,-32.147889],[-67.923814,-32.147247],[-67.923901,-32.147022],[-67.924171,-32.146319],[-67.924628,-32.145362],[-67.925413,-32.14502],[-67.926227,-32.144991],[-67.927736,-32.14509],[-67.928197,-32.14512],[-67.928663,-32.145105],[-67.929181,-32.145093],[-67.929982,-32.145105],[-67.930739,-32.145263],[-67.931024,-32.14512],[-67.931257,-32.144778],[-67.931253,-32.144577],[-67.931024,-32.144135],[-67.930691,-32.143505],[-67.930416,-32.142988],[-67.930168,-32.142493],[-67.930353,-32.141993],[-67.930653,-32.141465],[-67.93121,-32.141079],[-67.932152,-32.141194],[-67.933685,-32.141218],[-67.935736,-32.141251],[-67.936307,-32.140794],[-67.938163,-32.139038],[-67.938248,-32.138552],[-67.93812,-32.137967],[-67.937192,-32.137296],[-67.936421,-32.136982],[-67.93585,-32.136368],[-67.935621,-32.135569],[-67.935322,-32.135055],[-67.934636,-32.134769],[-67.933651,-32.134855],[-67.932894,-32.134941],[-67.932395,-32.134998],[-67.931824,-32.134855],[-67.931324,-32.134598],[-67.931167,-32.134298],[-67.930953,-32.133498],[-67.930953,-32.133142],[-67.931094,-32.132812],[-67.931832,-32.132365],[-67.932909,-32.131928],[-67.93392,-32.131692],[-67.9339,-32.131645],[-67.933878,-32.131593],[-67.933858,-32.131542],[-67.933839,-32.131491],[-67.933821,-32.131439],[-67.933821,-32.131438],[-67.933805,-32.131388],[-67.933792,-32.131337],[-67.93378,-32.131286],[-67.933771,-32.131235],[-67.933765,-32.131184],[-67.933762,-32.131133],[-67.933762,-32.131083],[-67.933765,-32.131033],[-67.933773,-32.130983],[-67.933784,-32.130933],[-67.933797,-32.130884],[-67.933812,-32.130834],[-67.933828,-32.130785],[-67.933846,-32.130735],[-67.933864,-32.130686],[-67.933884,-32.130637],[-67.933904,-32.130588],[-67.933926,-32.130538],[-67.933948,-32.130489],[-67.93397,-32.13044],[-67.933993,-32.130391],[-67.934016,-32.130342],[-67.93404,-32.130293],[-67.934064,-32.130244],[-67.934088,-32.130195],[-67.934111,-32.130146],[-67.934135,-32.130097],[-67.934158,-32.130048],[-67.934181,-32.129998],[-67.934204,-32.129949],[-67.934226,-32.1299],[-67.934247,-32.12985],[-67.934267,-32.129801],[-67.934287,-32.129751],[-67.934306,-32.129702],[-67.934326,-32.129652],[-67.934345,-32.129603],[-67.934364,-32.129553],[-67.934384,-32.129503],[-67.934403,-32.129453],[-67.934422,-32.129403],[-67.934441,-32.129353],[-67.93446,-32.129304],[-67.934479,-32.129254],[-67.934498,-32.129204],[-67.934516,-32.129154],[-67.934535,-32.129104],[-67.934553,-32.129054],[-67.934572,-32.129004],[-67.93459,-32.128953],[-67.934608,-32.128903],[-67.934626,-32.128853],[-67.934644,-32.128803],[-67.934661,-32.128753],[-67.934679,-32.128703],[-67.934696,-32.128653],[-67.934713,-32.128603],[-67.93473,-32.128553],[-67.934746,-32.128501],[-67.934761,-32.128448],[-67.934775,-32.128393],[-67.934787,-32.128338],[-67.934798,-32.128282],[-67.934807,-32.128226],[-67.934814,-32.128169],[-67.934819,-32.128115],[-67.93482,-32.128111],[-67.934823,-32.128054],[-67.934824,-32.128028],[-67.934824,-32.127997],[-67.934823,-32.12794],[-67.934819,-32.127884],[-67.934813,-32.127829],[-67.934804,-32.127774],[-67.934792,-32.12772],[-67.934776,-32.127668],[-67.934758,-32.127617],[-67.934736,-32.127568],[-67.93471,-32.12752],[-67.934681,-32.127475],[-67.934649,-32.127431],[-67.934612,-32.12739],[-67.934571,-32.127352],[-67.934527,-32.127315],[-67.934483,-32.127278],[-67.934439,-32.127241],[-67.934395,-32.127205],[-67.934352,-32.127168],[-67.934308,-32.127131],[-67.934264,-32.127094],[-67.93422,-32.127058],[-67.934176,-32.127021],[-67.934132,-32.126984],[-67.934089,-32.126947],[-67.934045,-32.126911],[-67.934001,-32.126874],[-67.933957,-32.126837],[-67.933913,-32.1268],[-67.93387,-32.126764],[-67.933826,-32.126727],[-67.933782,-32.12669],[-67.933738,-32.126653],[-67.933694,-32.126617],[-67.93365,-32.12658],[-67.933607,-32.126543],[-67.933563,-32.126506],[-67.933519,-32.12647],[-67.933475,-32.126433],[-67.933431,-32.126396],[-67.933387,-32.126359],[-67.933344,-32.126323],[-67.9333,-32.126286],[-67.933256,-32.126249],[-67.933212,-32.126212],[-67.933168,-32.126176],[-67.933124,-32.126139],[-67.933081,-32.126102],[-67.933037,-32.126065],[-67.932993,-32.126029],[-67.932949,-32.125992],[-67.932905,-32.125955],[-67.932861,-32.125918],[-67.932818,-32.125882],[-67.932774,-32.125845],[-67.93273,-32.125808],[-67.932686,-32.125772],[-67.932642,-32.125735],[-67.932599,-32.125698],[-67.932223,-32.125481],[-67.932178,-32.125449],[-67.932133,-32.125415],[-67.932089,-32.125381],[-67.932045,-32.125346],[-67.932002,-32.125311],[-67.931959,-32.125275],[-67.931916,-32.125239],[-67.931874,-32.125204],[-67.931831,-32.125168],[-67.931789,-32.125131],[-67.931748,-32.125095],[-67.931706,-32.125059],[-67.931665,-32.125022],[-67.931659,-32.125017],[-67.931624,-32.124986],[-67.931583,-32.124949],[-67.931542,-32.124912],[-67.931502,-32.124875],[-67.931461,-32.124838],[-67.931421,-32.1248],[-67.931382,-32.124763],[-67.931342,-32.124725],[-67.931302,-32.124687],[-67.931273,-32.124659],[-67.931263,-32.124649],[-67.931224,-32.124611],[-67.931185,-32.124572],[-67.931146,-32.124534],[-67.931107,-32.124495],[-67.931069,-32.124456],[-67.93103,-32.124417],[-67.930992,-32.124378],[-67.930954,-32.124338],[-67.930917,-32.124299],[-67.93088,-32.124259],[-67.930843,-32.124219],[-67.930807,-32.124179],[-67.93077,-32.124139],[-67.930735,-32.124099],[-67.930699,-32.124059],[-67.930663,-32.124018],[-67.930628,-32.123978],[-67.930593,-32.123937],[-67.930558,-32.123896],[-67.930524,-32.123855],[-67.930489,-32.123814],[-67.930455,-32.123773],[-67.93042,-32.123731],[-67.930386,-32.12369],[-67.930352,-32.123648],[-67.930317,-32.123606],[-67.930283,-32.123564],[-67.930249,-32.123522],[-67.930215,-32.12348],[-67.93018,-32.123438],[-67.930146,-32.123395],[-67.930112,-32.123353],[-67.930079,-32.12331],[-67.930046,-32.123266],[-67.930014,-32.123223],[-67.929983,-32.123179],[-67.929952,-32.123134],[-67.929922,-32.12309],[-67.929892,-32.123046],[-67.929863,-32.123001],[-67.929834,-32.122956],[-67.929806,-32.122911],[-67.929779,-32.122865],[-67.929752,-32.12282],[-67.929725,-32.122774],[-67.929699,-32.122728],[-67.929674,-32.122683],[-67.929649,-32.122637],[-67.929624,-32.122591],[-67.9296,-32.122545],[-67.929576,-32.122499],[-67.929552,-32.122453],[-67.929361,-32.121865],[-67.929359,-32.121812],[-67.929359,-32.121758],[-67.929362,-32.121705],[-67.929367,-32.121651],[-67.929375,-32.121598],[-67.929385,-32.121545],[-67.929398,-32.121493],[-67.929415,-32.121441],[-67.929433,-32.121389],[-67.929455,-32.121339],[-67.92948,-32.121289],[-67.929508,-32.12124],[-67.929539,-32.121193],[-67.929573,-32.121147],[-67.92961,-32.121102],[-67.92965,-32.121059],[-67.929693,-32.121017],[-67.929727,-32.120985],[-67.929736,-32.120977],[-67.929777,-32.12094],[-67.929779,-32.120938],[-67.929823,-32.1209],[-67.929868,-32.120864],[-67.929913,-32.120829],[-67.929958,-32.120795],[-67.930004,-32.120762],[-67.930051,-32.120731],[-67.930098,-32.1207],[-67.930146,-32.12067],[-67.930194,-32.120641],[-67.930242,-32.120613],[-67.930291,-32.120586],[-67.930341,-32.12056],[-67.930391,-32.120534],[-67.930442,-32.120508],[-67.930493,-32.120484],[-67.930544,-32.12046],[-67.930596,-32.120436],[-67.930649,-32.120412],[-67.930702,-32.120389],[-67.930755,-32.120367],[-67.930809,-32.120344],[-67.930864,-32.120322],[-67.930918,-32.120299],[-67.930972,-32.120277],[-67.931026,-32.120255],[-67.93108,-32.120233],[-67.931134,-32.120212],[-67.931188,-32.12019],[-67.931242,-32.120169],[-67.931296,-32.120147],[-67.93135,-32.120126],[-67.931404,-32.120105],[-67.931458,-32.120084],[-67.931512,-32.120064],[-67.931566,-32.120043],[-67.931621,-32.120023],[-67.931675,-32.120003],[-67.93173,-32.119983],[-67.931785,-32.119963],[-67.931839,-32.119944],[-67.931895,-32.119924],[-67.93195,-32.119905],[-67.932005,-32.119886],[-67.932061,-32.119868],[-67.932117,-32.11985],[-67.932173,-32.119831],[-67.932229,-32.119813],[-67.932285,-32.119796],[-67.932341,-32.119778],[-67.932398,-32.119761],[-67.932454,-32.119744],[-67.93251,-32.119728],[-67.932566,-32.119711],[-67.932622,-32.119695],[-67.932679,-32.119679],[-67.932735,-32.119663],[-67.932792,-32.119647],[-67.932848,-32.119632],[-67.932905,-32.119617],[-67.932962,-32.119602],[-67.933018,-32.119588],[-67.933075,-32.119573],[-67.933133,-32.119559],[-67.93319,-32.119545],[-67.933247,-32.119531],[-67.933305,-32.119517],[-67.933363,-32.119504],[-67.933421,-32.119491],[-67.933479,-32.119478],[-67.933537,-32.119465],[-67.933596,-32.119452],[-67.933654,-32.119441],[-67.933713,-32.11943],[-67.933772,-32.11942],[-67.933831,-32.11941],[-67.933891,-32.119402],[-67.93395,-32.119394],[-67.934009,-32.119387],[-67.934069,-32.119381],[-67.934128,-32.119375],[-67.934188,-32.11937],[-67.934247,-32.119365],[-67.934307,-32.119361],[-67.934366,-32.119358],[-67.934426,-32.119355],[-67.934486,-32.119352],[-67.934545,-32.11935],[-67.934605,-32.119348],[-67.934665,-32.119347],[-67.934724,-32.119346],[-67.934784,-32.119345],[-67.934843,-32.119344],[-67.934903,-32.119344],[-67.934962,-32.119343],[-67.935021,-32.119343],[-67.93508,-32.119343],[-67.93514,-32.119343],[-67.935199,-32.119344],[-67.935258,-32.119345],[-67.935317,-32.119347],[-67.935376,-32.119349],[-67.935435,-32.119352],[-67.935494,-32.119356],[-67.935553,-32.11936],[-67.935611,-32.119366],[-67.93567,-32.119373],[-67.935729,-32.119381],[-67.935787,-32.11939],[-67.935845,-32.1194],[-67.935903,-32.119412],[-67.935961,-32.119425],[-67.936019,-32.11944],[-67.936076,-32.119457],[-67.936134,-32.119475],[-67.936191,-32.119496],[-67.936248,-32.119518],[-67.936305,-32.119542],[-67.936361,-32.119568],[-67.936417,-32.119597],[-67.936473,-32.119628],[-67.936528,-32.11966],[-67.936579,-32.119693],[-67.936629,-32.119727],[-67.936676,-32.119761],[-67.936722,-32.119797],[-67.936766,-32.119833],[-67.936808,-32.11987],[-67.936848,-32.119907],[-67.936887,-32.119945],[-67.936925,-32.119984],[-67.936962,-32.120023],[-67.936998,-32.120063],[-67.937032,-32.120103],[-67.937066,-32.120143],[-67.9371,-32.120184],[-67.937133,-32.120225],[-67.937165,-32.120266],[-67.937197,-32.120308],[-67.93723,-32.120349],[-67.937262,-32.120391],[-67.937294,-32.120433],[-67.937327,-32.120475],[-67.93736,-32.120517],[-67.937394,-32.120559],[-67.937427,-32.120601],[-67.937458,-32.120644],[-67.937487,-32.120688],[-67.937514,-32.120732],[-67.93754,-32.120776],[-67.937564,-32.120821],[-67.937587,-32.120867],[-67.937609,-32.120913],[-67.937631,-32.120959],[-67.937653,-32.121005],[-67.937675,-32.121051],[-67.937696,-32.121097],[-67.937719,-32.121144],[-67.937742,-32.12119],[-67.937765,-32.121236],[-67.937791,-32.121282],[-67.937817,-32.121327],[-67.937846,-32.121372],[-67.937876,-32.121417],[-67.937908,-32.121461],[-67.937943,-32.121505],[-67.937981,-32.121548],[-67.938022,-32.12159],[-67.938066,-32.121632],[-67.938113,-32.121673],[-67.938161,-32.121711],[-67.93821,-32.121747],[-67.938261,-32.121782],[-67.938312,-32.121814],[-67.938363,-32.121844],[-67.938416,-32.121873],[-67.938469,-32.121899],[-67.938523,-32.121924],[-67.938577,-32.121947],[-67.938632,-32.121969],[-67.938688,-32.121989],[-67.938744,-32.122008],[-67.9388,-32.122025],[-67.938856,-32.122041],[-67.938913,-32.122056],[-67.93897,-32.12207],[-67.939027,-32.122082],[-67.939084,-32.122094],[-67.939142,-32.122105],[-67.939199,-32.122114],[-67.939256,-32.122123],[-67.939313,-32.122132],[-67.93937,-32.122139],[-67.939427,-32.122146],[-67.939484,-32.122151],[-67.939542,-32.122155],[-67.9396,-32.122157],[-67.939659,-32.122157],[-67.939718,-32.122156],[-67.939777,-32.122154],[-67.939836,-32.12215],[-67.939896,-32.122145],[-67.939956,-32.122138],[-67.940015,-32.12213],[-67.940075,-32.122121],[-67.940135,-32.122111],[-67.940195,-32.1221],[-67.940254,-32.122087],[-67.940314,-32.122074],[-67.940373,-32.122059],[-67.940392,-32.122055],[-67.940432,-32.122044],[-67.940491,-32.122028],[-67.9405,-32.122025],[-67.94055,-32.122011],[-67.940608,-32.121993],[-67.940665,-32.121975],[-67.940722,-32.121956],[-67.940779,-32.121936],[-67.940835,-32.121915],[-67.94089,-32.121893],[-67.940941,-32.121867],[-67.94099,-32.121838],[-67.941037,-32.121805],[-67.941081,-32.12177],[-67.941122,-32.121732],[-67.941162,-32.121691],[-67.9412,-32.121649],[-67.941237,-32.121605],[-67.941272,-32.12156],[-67.941306,-32.121513],[-67.941329,-32.121481],[-67.94134,-32.121466],[-67.941372,-32.121418],[-67.941404,-32.12137],[-67.941435,-32.121322],[-67.941467,-32.121275],[-67.941499,-32.121229],[-67.94153,-32.121183],[-67.941563,-32.121139],[-67.941596,-32.121097],[-67.94163,-32.121056],[-67.941665,-32.121018],[-67.941701,-32.120982],[-67.941739,-32.120949],[-67.941778,-32.12092],[-67.94182,-32.120893],[-67.941864,-32.120873],[-67.941913,-32.120861],[-67.941966,-32.120859],[-67.942023,-32.120864],[-67.942084,-32.120875],[-67.942147,-32.120893],[-67.942213,-32.120915],[-67.94228,-32.12094],[-67.942311,-32.120953],[-67.942348,-32.120968],[-67.942418,-32.120998],[-67.942487,-32.121028],[-67.942556,-32.121057],[-67.942624,-32.121085],[-67.942691,-32.12111],[-67.942756,-32.121131],[-67.942819,-32.121148],[-67.942878,-32.121158],[-67.942934,-32.121162],[-67.942986,-32.121159],[-67.943033,-32.121146],[-67.943061,-32.121131],[-67.943261,-32.120665],[-67.943262,-32.120651],[-67.943262,-32.120597],[-67.94326,-32.120543],[-67.943255,-32.120488],[-67.943247,-32.120434],[-67.943237,-32.120379],[-67.943225,-32.120325],[-67.943211,-32.120272],[-67.943195,-32.120219],[-67.943178,-32.120167],[-67.943158,-32.120115],[-67.943138,-32.120065],[-67.943115,-32.120016],[-67.943092,-32.119969],[-67.943068,-32.119923],[-67.943042,-32.119879],[-67.943015,-32.119835],[-67.942986,-32.119792],[-67.942956,-32.119749],[-67.942925,-32.119707],[-67.942893,-32.119665],[-67.942859,-32.119623],[-67.942826,-32.119581],[-67.942791,-32.119539],[-67.942756,-32.119497],[-67.942721,-32.119455],[-67.942685,-32.119413],[-67.94265,-32.119371],[-67.942615,-32.119329],[-67.942581,-32.119287],[-67.942546,-32.119244],[-67.942513,-32.119202],[-67.942481,-32.119158],[-67.942449,-32.119115],[-67.942419,-32.11907],[-67.94239,-32.119026],[-67.942363,-32.11898],[-67.942337,-32.118934],[-67.942313,-32.118888],[-67.942292,-32.118841],[-67.942271,-32.118793],[-67.942252,-32.118745],[-67.942232,-32.118696],[-67.942212,-32.118648],[-67.942193,-32.1186],[-67.942173,-32.118552],[-67.942154,-32.118504],[-67.942136,-32.118455],[-67.942117,-32.118407],[-67.942099,-32.118358],[-67.942082,-32.118309],[-67.942065,-32.118261],[-67.942048,-32.118212],[-67.942032,-32.118163],[-67.942017,-32.118114],[-67.942002,-32.118064],[-67.941988,-32.118015],[-67.941975,-32.117966],[-67.941962,-32.117916],[-67.94195,-32.117866],[-67.941939,-32.117816],[-67.94193,-32.117766],[-67.941921,-32.117716],[-67.941913,-32.117666],[-67.941906,-32.117615],[-67.941906,-32.117615],[-67.941899,-32.117565],[-67.941893,-32.117514],[-67.941888,-32.117464],[-67.941883,-32.117413],[-67.941878,-32.117363],[-67.941873,-32.117312],[-67.941869,-32.117261],[-67.941865,-32.117211],[-67.941862,-32.11716],[-67.941858,-32.117109],[-67.941854,-32.117059],[-67.941851,-32.117008],[-67.941848,-32.116958],[-67.941845,-32.116907],[-67.941841,-32.116856],[-67.941838,-32.116806],[-67.941835,-32.116755],[-67.941831,-32.116704],[-67.941828,-32.116654],[-67.941824,-32.116603],[-67.94182,-32.116552],[-67.941816,-32.116502],[-67.941811,-32.116451],[-67.941806,-32.116401],[-67.941801,-32.11635],[-67.941796,-32.116299],[-67.94179,-32.116249],[-67.941785,-32.116198],[-67.941779,-32.116148],[-67.941773,-32.116097],[-67.941766,-32.116047],[-67.94176,-32.115997],[-67.941753,-32.115946],[-67.941745,-32.115896],[-67.941738,-32.115846],[-67.94173,-32.115795],[-67.941722,-32.115745],[-67.941713,-32.115695],[-67.941704,-32.115645],[-67.941694,-32.115595],[-67.941685,-32.115545],[-67.941674,-32.115495],[-67.941663,-32.115445],[-67.941658,-32.115419],[-67.941652,-32.115395],[-67.94164,-32.115345],[-67.941628,-32.115295],[-67.941615,-32.115245],[-67.941602,-32.115195],[-67.941588,-32.115146],[-67.94157,-32.115099],[-67.941545,-32.115058],[-67.941514,-32.115023],[-67.941476,-32.114993],[-67.941432,-32.114967],[-67.941383,-32.114946],[-67.94133,-32.114928],[-67.941273,-32.114913],[-67.941212,-32.1149],[-67.941149,-32.11489],[-67.941083,-32.11488],[-67.941016,-32.114872],[-67.940948,-32.114864],[-67.940879,-32.114856],[-67.94081,-32.114847],[-67.940741,-32.114837],[-67.940674,-32.114825],[-67.940608,-32.114811],[-67.940545,-32.114794],[-67.940485,-32.114773],[-67.940428,-32.114749],[-67.940375,-32.11472],[-67.940327,-32.114686],[-67.940283,-32.114647],[-67.940244,-32.114603],[-67.940206,-32.114558],[-67.940168,-32.114512],[-67.94013,-32.114466],[-67.940094,-32.114418],[-67.940059,-32.11437],[-67.940025,-32.114322],[-67.939993,-32.114273],[-67.939963,-32.114224],[-67.939935,-32.114174],[-67.939909,-32.114125],[-67.939886,-32.114076],[-67.939866,-32.114026],[-67.939849,-32.113977],[-67.939835,-32.113929],[-67.939825,-32.11388],[-67.939818,-32.113832],[-67.939816,-32.113785],[-67.939817,-32.113739],[-67.939824,-32.113693],[-67.939835,-32.113648],[-67.93985,-32.113604],[-67.939866,-32.113559],[-67.939885,-32.113515],[-67.939905,-32.113471],[-67.939927,-32.113426],[-67.93995,-32.113382],[-67.939975,-32.113338],[-67.940001,-32.113294],[-67.940029,-32.11325],[-67.940058,-32.113206],[-67.940089,-32.113162],[-67.940121,-32.113119],[-67.940154,-32.113076],[-67.940189,-32.113033],[-67.940225,-32.11299],[-67.940262,-32.112948],[-67.940301,-32.112906],[-67.940341,-32.112865],[-67.940382,-32.112824],[-67.940424,-32.112784],[-67.940468,-32.112744],[-67.940512,-32.112704],[-67.940558,-32.112666],[-67.940605,-32.112628],[-67.940652,-32.11259],[-67.940655,-32.112588],[-67.940701,-32.112553],[-67.940749,-32.112518],[-67.940797,-32.112483],[-67.940845,-32.11245],[-67.940894,-32.112417],[-67.940942,-32.112386],[-67.94099,-32.112355],[-67.941038,-32.112325],[-67.941087,-32.112296],[-67.941135,-32.112268],[-67.941184,-32.11224],[-67.941233,-32.112213],[-67.941282,-32.112186],[-67.941332,-32.11216],[-67.941381,-32.112135],[-67.941431,-32.11211],[-67.941482,-32.112085],[-67.941533,-32.112061],[-67.941584,-32.112037],[-67.941635,-32.112013],[-67.941687,-32.111989],[-67.94174,-32.111966],[-67.941793,-32.111943],[-67.941847,-32.111919],[-67.941901,-32.111896],[-67.941955,-32.111873],[-67.94201,-32.111851],[-67.942064,-32.111828],[-67.942118,-32.111806],[-67.942172,-32.111785],[-67.942227,-32.111764],[-67.942281,-32.111743],[-67.942336,-32.111723],[-67.94239,-32.111703],[-67.942445,-32.111683],[-67.9425,-32.111664],[-67.942555,-32.111645],[-67.94261,-32.111627],[-67.942665,-32.111608],[-67.942721,-32.111591],[-67.942776,-32.111574],[-67.942832,-32.111557],[-67.942888,-32.11154],[-67.942945,-32.111524],[-67.943002,-32.111509],[-67.943059,-32.111493],[-67.943116,-32.111479],[-67.943174,-32.111464],[-67.943232,-32.11145],[-67.943291,-32.111437],[-67.943349,-32.111424],[-67.943408,-32.111413],[-67.943467,-32.111402],[-67.943527,-32.111392],[-67.943586,-32.111383],[-67.943646,-32.111374],[-67.943705,-32.111367],[-67.943765,-32.11136],[-67.943825,-32.111355],[-67.943885,-32.11135],[-67.943945,-32.111345],[-67.943965,-32.111344],[-67.944005,-32.111342],[-67.944065,-32.11134],[-67.944125,-32.111338],[-67.944185,-32.111337],[-67.944245,-32.111337],[-67.944304,-32.111338],[-67.944364,-32.111339],[-67.944423,-32.111341],[-67.944483,-32.111344],[-67.944542,-32.111348],[-67.944601,-32.111353],[-67.94466,-32.111358],[-67.944718,-32.111365],[-67.944777,-32.111371],[-67.944835,-32.111378],[-67.944893,-32.111386],[-67.944951,-32.111394],[-67.94501,-32.111403],[-67.945068,-32.111412],[-67.945126,-32.111422],[-67.945183,-32.111432],[-67.945241,-32.111443],[-67.945299,-32.111454],[-67.945356,-32.111466],[-67.945414,-32.111478],[-67.945471,-32.111491],[-67.945528,-32.111505],[-67.945586,-32.111519],[-67.945643,-32.111533],[-67.945699,-32.111548],[-67.945756,-32.111564],[-67.945813,-32.11158],[-67.94587,-32.111597],[-67.945926,-32.111614],[-67.945982,-32.111632],[-67.946039,-32.111651],[-67.946095,-32.11167],[-67.946151,-32.11169],[-67.946206,-32.11171],[-67.946262,-32.111731],[-67.946318,-32.111753],[-67.946373,-32.111775],[-67.946428,-32.111797],[-67.946484,-32.111821],[-67.946539,-32.111845],[-67.946593,-32.11187],[-67.946648,-32.111895],[-67.946704,-32.111913],[-67.946761,-32.11193],[-67.946817,-32.111947],[-67.946874,-32.111964],[-67.94693,-32.111981],[-67.946987,-32.111997],[-67.947044,-32.112013],[-67.947101,-32.11203],[-67.947158,-32.112046],[-67.947215,-32.112062],[-67.947272,-32.112078],[-67.947329,-32.112094],[-67.947387,-32.11211],[-67.947444,-32.112125],[-67.947502,-32.112141],[-67.947559,-32.112156],[-67.947617,-32.11217],[-67.947675,-32.112184],[-67.947733,-32.112199],[-67.947791,-32.112212],[-67.947849,-32.112226],[-67.947906,-32.112239],[-67.947965,-32.112252],[-67.948023,-32.112265],[-67.948081,-32.112278],[-67.948139,-32.112291],[-67.948197,-32.112303],[-67.948255,-32.112316],[-67.948313,-32.112328],[-67.948371,-32.11234],[-67.94843,-32.112352],[-67.948488,-32.112364],[-67.948546,-32.112377],[-67.948604,-32.112389],[-67.948662,-32.112401],[-67.94872,-32.112413],[-67.948779,-32.11242],[-67.94884,-32.11242],[-67.948901,-32.112414],[-67.948964,-32.112402],[-67.949027,-32.112387],[-67.949091,-32.112368],[-67.949155,-32.112346],[-67.949219,-32.112323],[-67.949284,-32.112299],[-67.949348,-32.112276],[-67.949411,-32.112254],[-67.949474,-32.112233],[-67.949535,-32.112216],[-67.949596,-32.112203],[-67.949655,-32.112194],[-67.949713,-32.112191],[-67.949768,-32.112195],[-67.949822,-32.112206],[-67.949874,-32.112225],[-67.949923,-32.112254],[-67.949969,-32.112293],[-67.951168,-32.114123],[-67.951199,-32.114166],[-67.951231,-32.11421],[-67.951263,-32.114253],[-67.951296,-32.114295],[-67.951329,-32.114338],[-67.951363,-32.11438],[-67.951398,-32.114421],[-67.951434,-32.114462],[-67.95147,-32.114503],[-67.951506,-32.114544],[-67.951543,-32.114584],[-67.951579,-32.114625],[-67.951615,-32.114666],[-67.951651,-32.114707],[-67.951688,-32.114747],[-67.951724,-32.114788],[-67.95176,-32.114829],[-67.951797,-32.114869],[-67.951833,-32.11491],[-67.95187,-32.11495],[-67.951906,-32.114991],[-67.951942,-32.115032],[-67.951979,-32.115072],[-67.952015,-32.115113],[-67.952051,-32.115154],[-67.952088,-32.115194],[-67.952093,-32.1152],[-67.952124,-32.115235],[-67.95216,-32.115275],[-67.952197,-32.115316],[-67.952233,-32.115357],[-67.952269,-32.115397],[-67.952306,-32.115438],[-67.952342,-32.115479],[-67.952378,-32.115519],[-67.952415,-32.11556],[-67.952451,-32.115601],[-67.952487,-32.115642],[-67.952524,-32.115682],[-67.95256,-32.115723],[-67.952596,-32.115764],[-67.952632,-32.115804],[-67.952669,-32.115845],[-67.952705,-32.115886],[-67.952712,-32.115893],[-67.952741,-32.115926],[-67.952778,-32.115967],[-67.952814,-32.116008],[-67.95285,-32.116048],[-67.952886,-32.116089],[-67.952923,-32.11613],[-67.952959,-32.11617],[-67.952995,-32.116211],[-67.953032,-32.116252],[-67.953068,-32.116292],[-67.953104,-32.116333],[-67.95314,-32.116374],[-67.953177,-32.116414],[-67.953213,-32.116455],[-67.953249,-32.116496],[-67.953285,-32.116537],[-67.953321,-32.116578],[-67.953356,-32.116619],[-67.953391,-32.11666],[-67.953425,-32.116702],[-67.95346,-32.116744],[-67.953494,-32.116785],[-67.953528,-32.116827],[-67.953562,-32.116869],[-67.953596,-32.116911],[-67.95363,-32.116953],[-67.953664,-32.116995],[-67.953698,-32.117037],[-67.953733,-32.117079],[-67.953767,-32.117121],[-67.953801,-32.117162],[-67.953836,-32.117204],[-67.953871,-32.117246],[-67.953906,-32.117287],[-67.953942,-32.117328],[-67.953978,-32.11737],[-67.954014,-32.117411],[-67.954051,-32.117451],[-67.954089,-32.117492],[-67.954127,-32.117532],[-67.954167,-32.117571],[-67.954208,-32.117608],[-67.95425,-32.117645],[-67.954294,-32.11768],[-67.954333,-32.11771],[-67.954339,-32.117714],[-67.954385,-32.117748],[-67.954432,-32.11778],[-67.95448,-32.117811],[-67.954529,-32.117841],[-67.954579,-32.11787],[-67.95463,-32.117898],[-67.954682,-32.117926],[-67.954734,-32.117952],[-67.954787,-32.117978],[-67.954841,-32.118003],[-67.954895,-32.118027],[-67.954949,-32.118051],[-67.955004,-32.118074],[-67.955059,-32.118096],[-67.955114,-32.118118],[-67.95517,-32.11814],[-67.955225,-32.11816],[-67.955281,-32.118181],[-67.955336,-32.1182],[-67.955392,-32.11822],[-67.955447,-32.11824],[-67.955503,-32.118259],[-67.955558,-32.118279],[-67.955614,-32.118299],[-67.955669,-32.118318],[-67.955719,-32.118335],[-67.955725,-32.118337],[-67.95578,-32.118357],[-67.955836,-32.118376],[-67.955891,-32.118395],[-67.955947,-32.118415],[-67.956002,-32.118434],[-67.956058,-32.118453],[-67.956114,-32.118472],[-67.956169,-32.118491],[-67.956225,-32.11851],[-67.956281,-32.118529],[-67.956337,-32.118548],[-67.956392,-32.118566],[-67.956448,-32.118585],[-67.956504,-32.118603],[-67.95656,-32.118622],[-67.956616,-32.11864],[-67.956672,-32.118659],[-67.956728,-32.118677],[-67.956784,-32.118695],[-67.95684,-32.118713],[-67.956896,-32.118732],[-67.956952,-32.11875],[-67.957008,-32.118768],[-67.957064,-32.118787],[-67.957094,-32.118796],[-67.957121,-32.118805],[-67.957177,-32.118823],[-67.957233,-32.118842],[-67.957289,-32.11886],[-67.957345,-32.118878],[-67.957401,-32.118896],[-67.957457,-32.118914],[-67.957513,-32.118933],[-67.957569,-32.118951],[-67.957625,-32.118969],[-67.957681,-32.118987],[-67.957738,-32.119005],[-67.957794,-32.119023],[-67.95785,-32.11904],[-67.957906,-32.119058],[-67.957963,-32.119076],[-67.958019,-32.119094],[-67.958075,-32.119111],[-67.958132,-32.119129],[-67.958147,-32.119133],[-67.958188,-32.119146],[-67.958245,-32.119163],[-67.958301,-32.11918],[-67.958358,-32.119197],[-67.958415,-32.119214],[-67.958471,-32.11923],[-67.958528,-32.119247],[-67.958585,-32.119263],[-67.958642,-32.119279],[-67.958698,-32.119296],[-67.958755,-32.119312],[-67.958812,-32.119328],[-67.958869,-32.119344],[-67.958926,-32.11936],[-67.958983,-32.119376],[-67.95904,-32.119392],[-67.959097,-32.119408],[-67.959154,-32.119424],[-67.959211,-32.119441],[-67.959268,-32.119457],[-67.959325,-32.119473],[-67.959382,-32.119489],[-67.959439,-32.119505],[-67.959496,-32.119521],[-67.959553,-32.119537],[-67.959611,-32.119553],[-67.959668,-32.119569],[-67.959725,-32.119585],[-67.959783,-32.1196],[-67.95984,-32.119615],[-67.959897,-32.119631],[-67.959955,-32.119646],[-67.960012,-32.11966],[-67.96007,-32.119675],[-67.960128,-32.11969],[-67.960185,-32.119704],[-67.960243,-32.119718],[-67.960301,-32.119733],[-67.960531,-32.119788],[-67.96057,-32.119798],[-67.960589,-32.119802],[-67.960647,-32.119816],[-67.960704,-32.119829],[-67.960762,-32.119843],[-67.96082,-32.119857],[-67.960854,-32.119864],[-67.960877,-32.11987],[-67.960935,-32.119883],[-67.960993,-32.119895],[-67.961052,-32.119906],[-67.96111,-32.119916],[-67.961169,-32.119924],[-67.961229,-32.119931],[-67.961289,-32.119936],[-67.961348,-32.119939],[-67.961408,-32.119941],[-67.961468,-32.119941],[-67.961529,-32.119938],[-67.961589,-32.119934],[-67.961649,-32.119928],[-67.961709,-32.119919],[-67.961769,-32.119908],[-67.961829,-32.119895],[-67.961889,-32.119879],[-67.961949,-32.11986],[-67.962008,-32.119839],[-67.962067,-32.119815],[-67.962125,-32.119788],[-67.962184,-32.119758],[-67.962241,-32.119725],[-67.962299,-32.119689],[-67.962355,-32.119651],[-67.962407,-32.119612],[-67.962456,-32.119572],[-67.962502,-32.119531],[-67.962545,-32.11949],[-67.962585,-32.119448],[-67.962622,-32.119406],[-67.962657,-32.119363],[-67.962689,-32.119319],[-67.962719,-32.119275],[-67.962747,-32.11923],[-67.962773,-32.119185],[-67.962798,-32.11914],[-67.96282,-32.119094],[-67.962841,-32.119047],[-67.962861,-32.119],[-67.96288,-32.118953],[-67.962897,-32.118906],[-67.962913,-32.11886],[-67.962914,-32.118857],[-67.96293,-32.118809],[-67.962946,-32.11876],[-67.962961,-32.118711],[-67.962973,-32.118671],[-67.962976,-32.118662],[-67.962991,-32.118612],[-67.963006,-32.118563],[-67.963021,-32.118513],[-67.963035,-32.118463],[-67.96305,-32.118413],[-67.963064,-32.118363],[-67.963078,-32.118314],[-67.963092,-32.118264],[-67.963105,-32.118214],[-67.963115,-32.118179],[-67.963118,-32.118164],[-67.963132,-32.118115],[-67.963144,-32.118065],[-67.963157,-32.118015],[-67.96317,-32.117965],[-67.963182,-32.117915],[-67.963194,-32.117865],[-67.963206,-32.117815],[-67.963218,-32.117766],[-67.96323,-32.117716],[-67.963241,-32.117665],[-67.963253,-32.117615],[-67.963264,-32.117565],[-67.963275,-32.117515],[-67.963286,-32.117465],[-67.963296,-32.117414],[-67.963307,-32.117364],[-67.963317,-32.117313],[-67.963327,-32.117263],[-67.963337,-32.117212],[-67.963343,-32.11718],[-67.963346,-32.117162],[-67.963356,-32.117111],[-67.963364,-32.11706],[-67.963373,-32.11701],[-67.963381,-32.116959],[-67.963389,-32.116908],[-67.963397,-32.116858],[-67.963404,-32.116807],[-67.963411,-32.116756],[-67.963418,-32.116705],[-67.963425,-32.116654],[-67.963431,-32.116603],[-67.963437,-32.116553],[-67.963443,-32.116502],[-67.963448,-32.116451],[-67.963454,-32.1164],[-67.963459,-32.116349],[-67.963463,-32.116299],[-67.963468,-32.116248],[-67.963472,-32.116197],[-67.963476,-32.116146],[-67.963479,-32.116096],[-67.963482,-32.116044],[-67.963484,-32.115993],[-67.963485,-32.115941],[-67.963485,-32.115889],[-67.963483,-32.115837],[-67.96348,-32.115785],[-67.963475,-32.115733],[-67.963468,-32.115681],[-67.963459,-32.115629],[-67.96345,-32.115585],[-67.963448,-32.115577],[-67.963435,-32.115527],[-67.963419,-32.115476],[-67.9634,-32.115426],[-67.963379,-32.115377],[-67.963355,-32.115329],[-67.963327,-32.115281],[-67.963296,-32.115235],[-67.963262,-32.11519],[-67.963224,-32.115146],[-67.963182,-32.115103],[-67.963158,-32.115081],[-67.963136,-32.115061],[-67.963087,-32.115021],[-67.963032,-32.114982],[-67.962976,-32.114946],[-67.962919,-32.114914],[-67.962862,-32.114885],[-67.962805,-32.114859],[-67.962748,-32.114836],[-67.96269,-32.114816],[-67.962633,-32.114798],[-67.962575,-32.114783],[-67.962517,-32.11477],[-67.962458,-32.114759],[-67.9624,-32.11475],[-67.962342,-32.114742],[-67.962283,-32.114735],[-67.962224,-32.11473],[-67.962165,-32.114726],[-67.962106,-32.114722],[-67.962047,-32.114719],[-67.961988,-32.114716],[-67.961929,-32.114714],[-67.96187,-32.114711],[-67.96181,-32.114708],[-67.961751,-32.114705],[-67.961691,-32.114701],[-67.961632,-32.114696],[-67.961572,-32.11469],[-67.961512,-32.114684],[-67.961453,-32.114678],[-67.961393,-32.114672],[-67.961334,-32.114666],[-67.961274,-32.11466],[-67.961214,-32.114654],[-67.961155,-32.114648],[-67.961095,-32.114642],[-67.961036,-32.114636],[-67.960976,-32.11463],[-67.960916,-32.114624],[-67.960857,-32.114619],[-67.960797,-32.114613],[-67.960737,-32.114607],[-67.960678,-32.114601],[-67.960618,-32.114595],[-67.960559,-32.11459],[-67.960499,-32.114584],[-67.960439,-32.114578],[-67.96038,-32.114572],[-67.96032,-32.114567],[-67.96026,-32.114561],[-67.960201,-32.114556],[-67.960141,-32.11455],[-67.960081,-32.114544],[-67.960022,-32.114539],[-67.959962,-32.114534],[-67.959902,-32.114529],[-67.959843,-32.114524],[-67.959783,-32.11452],[-67.959723,-32.114515],[-67.959663,-32.114511],[-67.959604,-32.114506],[-67.959544,-32.114502],[-67.959484,-32.114498],[-67.959424,-32.114494],[-67.959364,-32.114489],[-67.959305,-32.114485],[-67.959245,-32.114481],[-67.959185,-32.114477],[-67.959125,-32.114472],[-67.959065,-32.114468],[-67.959006,-32.114463],[-67.958946,-32.114459],[-67.958886,-32.114454],[-67.958826,-32.114449],[-67.958767,-32.114444],[-67.958707,-32.114438],[-67.958647,-32.114433],[-67.958588,-32.114426],[-67.958528,-32.114418],[-67.95847,-32.114408],[-67.958412,-32.114397],[-67.958261,-32.114359],[-67.95824,-32.114353],[-67.958185,-32.114335],[-67.958129,-32.114315],[-67.958075,-32.114293],[-67.958021,-32.11427],[-67.957969,-32.114245],[-67.957916,-32.114219],[-67.957865,-32.11419],[-67.957815,-32.11416],[-67.957766,-32.114127],[-67.957718,-32.114093],[-67.95767,-32.114057],[-67.957624,-32.114019],[-67.957579,-32.113979],[-67.957535,-32.113938],[-67.957492,-32.113894],[-67.957451,-32.113848],[-67.957411,-32.1138],[-67.957374,-32.113752],[-67.95734,-32.113704],[-67.957309,-32.113656],[-67.95728,-32.113607],[-67.957254,-32.113559],[-67.957231,-32.11351],[-67.95721,-32.113461],[-67.957191,-32.113412],[-67.957175,-32.113363],[-67.95716,-32.113313],[-67.957147,-32.113264],[-67.957135,-32.113215],[-67.957125,-32.113165],[-67.957116,-32.113115],[-67.957108,-32.113065],[-67.957102,-32.113015],[-67.957096,-32.112965],[-67.95709,-32.112915],[-67.957086,-32.112865],[-67.957082,-32.112814],[-67.957078,-32.112764],[-67.957074,-32.112713],[-67.95707,-32.112663],[-67.957065,-32.112612],[-67.957061,-32.112561],[-67.957058,-32.11251],[-67.957054,-32.112459],[-67.957051,-32.112408],[-67.957049,-32.112357],[-67.957047,-32.112306],[-67.957046,-32.112255],[-67.957045,-32.112204],[-67.957044,-32.112153],[-67.957044,-32.112101],[-67.957045,-32.11205],[-67.957046,-32.111999],[-67.957048,-32.111948],[-67.957051,-32.111897],[-67.957054,-32.111845],[-67.957058,-32.111794],[-67.957063,-32.111743],[-67.957068,-32.111692],[-67.957074,-32.111641],[-67.957081,-32.11159],[-67.957089,-32.111539],[-67.957097,-32.111488],[-67.957106,-32.111437],[-67.957116,-32.111387],[-67.957127,-32.111336],[-67.957139,-32.111286],[-67.957152,-32.111236],[-67.957166,-32.111186],[-67.957182,-32.111137],[-67.957199,-32.111088],[-67.957217,-32.111039],[-67.957236,-32.110991],[-67.957257,-32.110943],[-67.957278,-32.110896],[-67.957301,-32.110849],[-67.957325,-32.110802],[-67.957332,-32.11079],[-67.957351,-32.110756],[-67.957378,-32.11071],[-67.957406,-32.110665],[-67.957435,-32.11062],[-67.957466,-32.110575],[-67.957492,-32.110539],[-67.957497,-32.110531],[-67.957531,-32.110487],[-67.957565,-32.110444],[-67.957601,-32.110401],[-67.957638,-32.110358],[-67.957677,-32.110316],[-67.957716,-32.110274],[-67.957758,-32.110233],[-67.957802,-32.110196],[-67.957848,-32.110163],[-67.957897,-32.110134],[-67.957948,-32.110108],[-67.958001,-32.110085],[-67.958056,-32.110065],[-67.958112,-32.110047],[-67.958169,-32.110032],[-67.958228,-32.110017],[-67.958287,-32.110004],[-67.958347,-32.109992],[-67.958408,-32.109981],[-67.958468,-32.109969],[-67.958529,-32.109957],[-67.958573,-32.109948],[-67.958589,-32.109945],[-67.958648,-32.109932],[-67.958707,-32.109917],[-67.958765,-32.109901],[-67.958822,-32.109882],[-67.958878,-32.109862],[-67.958932,-32.109838],[-67.958984,-32.109812],[-67.959034,-32.109781],[-67.959082,-32.109747],[-67.959128,-32.109711],[-67.959173,-32.109673],[-67.959218,-32.109636],[-67.959263,-32.109598],[-67.959307,-32.10956],[-67.95935,-32.109521],[-67.959392,-32.109482],[-67.959434,-32.109442],[-67.959474,-32.109402],[-67.959513,-32.109362],[-67.959551,-32.109321],[-67.959588,-32.10928],[-67.959624,-32.109238],[-67.959637,-32.109222],[-67.959658,-32.109195],[-67.959691,-32.109153],[-67.959722,-32.109109],[-67.959752,-32.109065],[-67.95978,-32.109021],[-67.959806,-32.108975],[-67.95983,-32.10893],[-67.959853,-32.108884],[-67.959873,-32.108837],[-67.959891,-32.108789],[-67.959908,-32.108741],[-67.959922,-32.108692],[-67.959934,-32.108643],[-67.959944,-32.108593],[-67.959953,-32.108542],[-67.95996,-32.108491],[-67.959965,-32.108439],[-67.959968,-32.108387],[-67.95997,-32.108335],[-67.95997,-32.108283],[-67.959968,-32.10823],[-67.959965,-32.108178],[-67.95996,-32.108125],[-67.959953,-32.108073],[-67.959944,-32.108021],[-67.959934,-32.107969],[-67.959923,-32.107917],[-67.959909,-32.107865],[-67.959894,-32.107814],[-67.959878,-32.107764],[-67.95986,-32.107714],[-67.95984,-32.107664],[-67.959819,-32.107615],[-67.959796,-32.107567],[-67.959771,-32.10752],[-67.959746,-32.107474],[-67.959719,-32.107428],[-67.959691,-32.107383],[-67.959663,-32.107337],[-67.959635,-32.107292],[-67.959606,-32.107248],[-67.959576,-32.107203],[-67.959546,-32.107159],[-67.959516,-32.107114],[-67.959486,-32.10707],[-67.959455,-32.107026],[-67.959425,-32.106982],[-67.959394,-32.106938],[-67.959364,-32.106894],[-67.959334,-32.106849],[-67.959304,-32.106805],[-67.959274,-32.106761],[-67.959245,-32.106716],[-67.959216,-32.106671],[-67.959188,-32.106626],[-67.95916,-32.106581],[-67.959133,-32.106536],[-67.959107,-32.10649],[-67.959082,-32.106444],[-67.959057,-32.106397],[-67.959033,-32.10635],[-67.959009,-32.106304],[-67.958986,-32.106257],[-67.958962,-32.10621],[-67.958938,-32.106163],[-67.958914,-32.106116],[-67.95889,-32.106069],[-67.958866,-32.106022],[-67.958843,-32.105975],[-67.958819,-32.105929],[-67.958795,-32.105882],[-67.958771,-32.105835],[-67.958748,-32.105788],[-67.958724,-32.105741],[-67.9587,-32.105694],[-67.958677,-32.105647],[-67.958653,-32.1056],[-67.95863,-32.105553],[-67.958607,-32.105506],[-67.958583,-32.105459],[-67.95856,-32.105412],[-67.958537,-32.105364],[-67.958514,-32.105317],[-67.958491,-32.10527],[-67.958468,-32.105223],[-67.958445,-32.105175],[-67.958423,-32.105128],[-67.9584,-32.105081],[-67.958377,-32.105034],[-67.958354,-32.104986],[-67.958332,-32.104939],[-67.958309,-32.104892],[-67.958286,-32.104844],[-67.958264,-32.104797],[-67.958241,-32.10475],[-67.958219,-32.104702],[-67.958196,-32.104655],[-67.958174,-32.104608],[-67.958151,-32.10456],[-67.958129,-32.104513],[-67.958106,-32.104466],[-67.958084,-32.104418],[-67.958061,-32.104371],[-67.958039,-32.104324],[-67.958017,-32.104276],[-67.957994,-32.104229],[-67.957972,-32.104181],[-67.95795,-32.104134],[-67.957927,-32.104087],[-67.957905,-32.104039],[-67.957883,-32.103992],[-67.957862,-32.103944],[-67.95784,-32.103896],[-67.957819,-32.103848],[-67.957798,-32.1038],[-67.957778,-32.103753],[-67.957758,-32.103705],[-67.957737,-32.103656],[-67.957717,-32.103608],[-67.957697,-32.10356],[-67.957677,-32.103512],[-67.957657,-32.103464],[-67.957638,-32.103416],[-67.957618,-32.103367],[-67.957598,-32.103319],[-67.957578,-32.103271],[-67.957557,-32.103223],[-67.957537,-32.103175],[-67.957516,-32.103127],[-67.957496,-32.103079],[-67.957475,-32.103031],[-67.957453,-32.102983],[-67.957432,-32.102936],[-67.95741,-32.102888],[-67.957387,-32.102841],[-67.957364,-32.102793],[-67.957341,-32.102746],[-67.957317,-32.1027],[-67.957292,-32.102653],[-67.957267,-32.102606],[-67.957242,-32.10256],[-67.957229,-32.102538],[-67.957216,-32.102514],[-67.95719,-32.102468],[-67.957163,-32.102422],[-67.957137,-32.102376],[-67.95711,-32.102331],[-67.957082,-32.102285],[-67.957055,-32.10224],[-67.957027,-32.102194],[-67.956999,-32.102149],[-67.956972,-32.102104],[-67.956944,-32.102058],[-67.956916,-32.102013],[-67.956888,-32.101968],[-67.95686,-32.101923],[-67.956832,-32.101877],[-67.956804,-32.101832],[-67.956776,-32.101787],[-67.956749,-32.101742],[-67.956721,-32.101697],[-67.956692,-32.101652],[-67.956663,-32.101609],[-67.956633,-32.101565],[-67.956602,-32.101523],[-67.956571,-32.10148],[-67.956539,-32.101438],[-67.956506,-32.101397],[-67.956474,-32.101355],[-67.956441,-32.101313],[-67.956408,-32.101272],[-67.956375,-32.10123],[-67.956342,-32.101188],[-67.956309,-32.101146],[-67.956276,-32.101104],[-67.956243,-32.101061],[-67.956211,-32.101018],[-67.956179,-32.100975],[-67.956148,-32.10093],[-67.956117,-32.100885],[-67.956087,-32.100839],[-67.956058,-32.100793],[-67.956029,-32.100745],[-67.956001,-32.100696],[-67.955975,-32.100647],[-67.95595,-32.100597],[-67.955928,-32.100546],[-67.955907,-32.100496],[-67.955889,-32.100446],[-67.955872,-32.100395],[-67.955858,-32.100345],[-67.955845,-32.100294],[-67.955834,-32.100244],[-67.955824,-32.100193],[-67.955815,-32.100142],[-67.955808,-32.100091],[-67.955802,-32.10004],[-67.955797,-32.09999],[-67.955793,-32.099939],[-67.95579,-32.099888],[-67.955788,-32.099837],[-67.955787,-32.099786],[-67.955786,-32.099735],[-67.955785,-32.099685],[-67.955785,-32.099634],[-67.955786,-32.099583],[-67.955786,-32.099532],[-67.955786,-32.099482],[-67.955787,-32.099431],[-67.955787,-32.099381],[-67.955789,-32.09933],[-67.955791,-32.09928],[-67.955793,-32.09923],[-67.955797,-32.099179],[-67.955801,-32.099129],[-67.955806,-32.099079],[-67.955813,-32.099028],[-67.95582,-32.098978],[-67.955827,-32.098928],[-67.955836,-32.098877],[-67.955846,-32.098827],[-67.955857,-32.098777],[-67.955869,-32.098727],[-67.955883,-32.098677],[-67.955897,-32.098627],[-67.955912,-32.098576],[-67.955929,-32.098526],[-67.955947,-32.098476],[-67.955966,-32.098427],[-67.955987,-32.098377],[-67.956009,-32.098327],[-67.956032,-32.098277],[-67.956056,-32.098227],[-67.956083,-32.098179],[-67.956114,-32.098134],[-67.956147,-32.098091],[-67.956182,-32.09805],[-67.95622,-32.098011],[-67.95626,-32.097974],[-67.956302,-32.097939],[-67.956346,-32.097904],[-67.956368,-32.097888],[-67.956391,-32.097871],[-67.956437,-32.097839],[-67.956483,-32.097807],[-67.956531,-32.097775],[-67.956578,-32.097744],[-67.956626,-32.097712],[-67.956673,-32.09768],[-67.95672,-32.097648],[-67.956767,-32.097615],[-67.956812,-32.09758],[-67.956856,-32.097545],[-67.956899,-32.097508],[-67.95694,-32.097469],[-67.956979,-32.097429],[-67.957015,-32.097386],[-67.95705,-32.097341],[-67.957082,-32.097294],[-67.957113,-32.097246],[-67.957145,-32.097198],[-67.957176,-32.09715],[-67.957208,-32.097101],[-67.957238,-32.097053],[-67.957259,-32.09702],[-67.957269,-32.097004],[-67.957298,-32.096956],[-67.957327,-32.096907],[-67.957354,-32.096858],[-67.95738,-32.096809],[-67.957405,-32.09676],[-67.957428,-32.096712],[-67.957449,-32.096663],[-67.957469,-32.096614],[-67.957486,-32.096565],[-67.957501,-32.096516],[-67.957514,-32.096467],[-67.957524,-32.096419],[-67.957531,-32.09637],[-67.957535,-32.096321],[-67.957536,-32.096273],[-67.957534,-32.096224],[-67.957529,-32.096176],[-67.95752,-32.096128],[-67.957508,-32.09608],[-67.957495,-32.096032],[-67.95748,-32.095984],[-67.957463,-32.095936],[-67.957445,-32.095888],[-67.957426,-32.09584],[-67.957406,-32.095792],[-67.957385,-32.095744],[-67.957363,-32.095696],[-67.95734,-32.095649],[-67.957317,-32.095601],[-67.957293,-32.095553],[-67.957269,-32.095505],[-67.957245,-32.095457],[-67.957221,-32.095409],[-67.957198,-32.095361],[-67.957174,-32.095313],[-67.957151,-32.095265],[-67.957128,-32.095217],[-67.957107,-32.095168],[-67.957086,-32.09512],[-67.957066,-32.095072],[-67.957047,-32.095023],[-67.957029,-32.094975],[-67.957012,-32.094927],[-67.956996,-32.094878],[-67.956979,-32.094829],[-67.956963,-32.09478],[-67.956947,-32.09473],[-67.95693,-32.094681],[-67.956915,-32.094631],[-67.956899,-32.094581],[-67.956883,-32.094531],[-67.956868,-32.094481],[-67.956853,-32.094431],[-67.956839,-32.09438],[-67.956825,-32.09433],[-67.956811,-32.09428],[-67.956799,-32.094229],[-67.956786,-32.094179],[-67.956774,-32.094129],[-67.956763,-32.094078],[-67.956753,-32.094028],[-67.956744,-32.093978],[-67.956735,-32.093928],[-67.956727,-32.093877],[-67.95672,-32.093828],[-67.956714,-32.093778],[-67.956709,-32.093728],[-67.956706,-32.093679],[-67.956706,-32.093629],[-67.956708,-32.09358],[-67.956714,-32.093531],[-67.956721,-32.093482],[-67.956732,-32.093434],[-67.956745,-32.093385],[-67.95676,-32.093337],[-67.956777,-32.093289],[-67.956797,-32.093241],[-67.956819,-32.093194],[-67.956842,-32.093148],[-67.956843,-32.093147],[-67.956869,-32.093099],[-67.956897,-32.093053],[-67.956927,-32.093006],[-67.956959,-32.092959],[-67.956993,-32.092913],[-67.957028,-32.092867],[-67.957065,-32.092822],[-67.957103,-32.092776],[-67.957103,-32.092776],[-67.957143,-32.092731],[-67.957184,-32.092686],[-67.957227,-32.092642],[-67.957271,-32.092597],[-67.957315,-32.092554],[-67.95736,-32.092512],[-67.957373,-32.0925],[-67.957405,-32.092472],[-67.95745,-32.092432],[-67.957495,-32.092394],[-67.95754,-32.092358],[-67.957586,-32.092322],[-67.957632,-32.092288],[-67.957679,-32.092255],[-67.957726,-32.092223],[-67.957773,-32.092192],[-67.957821,-32.092163],[-67.95787,-32.092134],[-67.957919,-32.092107],[-67.957968,-32.092081],[-67.958018,-32.092056],[-67.958069,-32.092031],[-67.95812,-32.092008],[-67.958173,-32.091986],[-67.958225,-32.091965],[-67.958279,-32.091944],[-67.958334,-32.091925],[-67.958389,-32.091906],[-67.958445,-32.091889],[-67.958502,-32.091872],[-67.958558,-32.091855],[-67.958615,-32.091838],[-67.958672,-32.091822],[-67.958729,-32.091806],[-67.958786,-32.091789],[-67.958843,-32.091773],[-67.9589,-32.091757],[-67.958957,-32.091742],[-67.959014,-32.091726],[-67.959071,-32.09171],[-67.959128,-32.091694],[-67.959185,-32.091678],[-67.959242,-32.091663],[-67.959299,-32.091647],[-67.959356,-32.091631],[-67.959413,-32.091615],[-67.95947,-32.091599],[-67.959527,-32.091583],[-67.959584,-32.091567],[-67.959641,-32.09155],[-67.959697,-32.091534],[-67.959754,-32.091517],[-67.959811,-32.0915],[-67.959867,-32.091483],[-67.959924,-32.091466],[-67.95998,-32.091448],[-67.960037,-32.091431],[-67.960093,-32.091414],[-67.96015,-32.091397],[-67.960206,-32.09138],[-67.960263,-32.091363],[-67.960319,-32.091345],[-67.960701,-32.091229],[-67.960715,-32.091225],[-67.960771,-32.091207],[-67.960827,-32.09119],[-67.960884,-32.091173],[-67.96094,-32.091155],[-67.960997,-32.091138],[-67.961053,-32.09112],[-67.961109,-32.091102],[-67.961166,-32.091085],[-67.961177,-32.091081],[-67.961222,-32.091067],[-67.961278,-32.091049],[-67.961334,-32.091031],[-67.96139,-32.091013],[-67.961446,-32.090995],[-67.961502,-32.090976],[-67.961558,-32.090958],[-67.961614,-32.090939],[-67.96167,-32.09092],[-67.961726,-32.090902],[-67.961781,-32.090883],[-67.961837,-32.090864],[-67.961893,-32.090845],[-67.961948,-32.090826],[-67.962004,-32.090807],[-67.96206,-32.090788],[-67.962116,-32.090769],[-67.962171,-32.09075],[-67.962227,-32.090731],[-67.962283,-32.090712],[-67.962338,-32.090693],[-67.962394,-32.090674],[-67.96245,-32.090655],[-67.962506,-32.090637],[-67.962562,-32.090618],[-67.962618,-32.0906],[-67.962674,-32.090581],[-67.96273,-32.090563],[-67.962786,-32.090545],[-67.962842,-32.090527],[-67.962899,-32.09051],[-67.962955,-32.090492],[-67.963011,-32.090475],[-67.963068,-32.090458],[-67.963125,-32.090441],[-67.963181,-32.090424],[-67.963238,-32.090407],[-67.963295,-32.09039],[-67.963351,-32.090374],[-67.963408,-32.090357],[-67.963465,-32.090341],[-67.963522,-32.090324],[-67.963578,-32.090308],[-67.963635,-32.090291],[-67.963692,-32.090275],[-67.963749,-32.090259],[-67.963806,-32.090242],[-67.963863,-32.090226],[-67.963919,-32.090209],[-67.963976,-32.090193],[-67.964033,-32.090176],[-67.96409,-32.090159],[-67.964147,-32.090141],[-67.964206,-32.090123],[-67.964264,-32.090105],[-67.964323,-32.090087],[-67.964382,-32.090068],[-67.964442,-32.09005],[-67.964501,-32.090033],[-67.964561,-32.090016],[-67.964621,-32.089999],[-67.964682,-32.089984],[-67.964742,-32.089969],[-67.964802,-32.089956],[-67.964862,-32.089944],[-67.964922,-32.089933],[-67.964982,-32.089924],[-67.965041,-32.089917],[-67.9651,-32.089912],[-67.965159,-32.089909],[-67.965218,-32.089908],[-67.965276,-32.08991],[-67.965333,-32.089914],[-67.965391,-32.089921],[-67.965447,-32.089931],[-67.965502,-32.089944],[-67.965556,-32.089962],[-67.965607,-32.089982],[-67.965657,-32.090007],[-67.965704,-32.090034],[-67.96575,-32.090064],[-67.965794,-32.090097],[-67.965837,-32.090133],[-67.965879,-32.09017],[-67.965919,-32.09021],[-67.965958,-32.090251],[-67.965997,-32.090294],[-67.966034,-32.090337],[-67.966071,-32.090382],[-67.966108,-32.090427],[-67.966143,-32.090473],[-67.966179,-32.090519],[-67.966214,-32.090564],[-67.96625,-32.090609],[-67.966285,-32.090654],[-67.966321,-32.090698],[-67.966357,-32.09074],[-67.966393,-32.090782],[-67.966426,-32.090824],[-67.966457,-32.090869],[-67.966486,-32.090915],[-67.966512,-32.090963],[-67.966537,-32.091011],[-67.96656,-32.091061],[-67.966582,-32.091111],[-67.966604,-32.091162],[-67.966625,-32.091212],[-67.966645,-32.091263],[-67.966666,-32.091313],[-67.966688,-32.091363],[-67.96671,-32.091412],[-67.966734,-32.09146],[-67.966759,-32.091507],[-67.966786,-32.091553],[-67.966815,-32.091597],[-67.966847,-32.091638],[-67.966881,-32.091678],[-67.966918,-32.091715],[-67.966959,-32.09175],[-67.967004,-32.091782],[-67.967053,-32.091811],[-67.967104,-32.091835],[-67.967157,-32.091856],[-67.967212,-32.091872],[-67.967268,-32.091885],[-67.967326,-32.091894],[-67.967385,-32.091899],[-67.967445,-32.091902],[-67.967506,-32.091901],[-67.967568,-32.091898],[-67.96763,-32.091892],[-67.967693,-32.091883],[-67.967756,-32.091873],[-67.96782,-32.09186],[-67.967883,-32.091846],[-67.967946,-32.09183],[-67.968009,-32.091813],[-67.968072,-32.091794],[-67.968134,-32.091775],[-67.968195,-32.091755],[-67.968256,-32.091734],[-67.968315,-32.091713],[-67.968373,-32.091692],[-67.96843,-32.091671],[-67.968486,-32.09165],[-67.96854,-32.091629],[-67.968595,-32.091609],[-67.96865,-32.091589],[-67.968705,-32.091568],[-67.968761,-32.091548],[-67.968816,-32.091528],[-67.968871,-32.091508],[-67.968926,-32.091487],[-67.968981,-32.091467],[-67.969037,-32.091446],[-67.969092,-32.091425],[-67.969146,-32.091404],[-67.969201,-32.091383],[-67.969256,-32.091362],[-67.96931,-32.09134],[-67.969364,-32.091317],[-67.969418,-32.091295],[-67.969471,-32.091271],[-67.969525,-32.091248],[-67.969578,-32.091223],[-67.96963,-32.091199],[-67.969682,-32.091173],[-67.969734,-32.091147],[-67.969785,-32.09112],[-67.969835,-32.091093],[-67.969886,-32.091065],[-67.969936,-32.091038],[-67.969987,-32.09101],[-67.970037,-32.090982],[-67.970088,-32.090955],[-67.970138,-32.090927],[-67.970189,-32.090899],[-67.970239,-32.090872],[-67.97029,-32.090844],[-67.97034,-32.090816],[-67.97039,-32.090789],[-67.970441,-32.090761],[-67.970491,-32.090733],[-67.970542,-32.090705],[-67.970592,-32.090678],[-67.970642,-32.09065],[-67.970693,-32.090622],[-67.970743,-32.090595],[-67.970794,-32.090567],[-67.970844,-32.090539],[-67.970894,-32.090512],[-67.970945,-32.090484],[-67.970995,-32.090456],[-67.971046,-32.090429],[-67.971096,-32.090401],[-67.971147,-32.090374],[-67.971197,-32.090346],[-67.971248,-32.090319],[-67.971298,-32.090291],[-67.971349,-32.090264],[-67.9714,-32.090236],[-67.97145,-32.090209],[-67.971501,-32.090182],[-67.971552,-32.090154],[-67.971602,-32.090127],[-67.971622,-32.090116],[-67.971653,-32.0901],[-67.971704,-32.090072],[-67.971754,-32.090045],[-67.971805,-32.090018],[-67.971856,-32.08999],[-67.971907,-32.089963],[-67.971957,-32.089935],[-67.972008,-32.089908],[-67.972058,-32.089881],[-67.972109,-32.089853],[-67.97216,-32.089826],[-67.97221,-32.089798],[-67.972261,-32.089771],[-67.972311,-32.089743],[-67.97236,-32.089714],[-67.972405,-32.089682],[-67.972448,-32.089647],[-67.972487,-32.08961],[-67.972524,-32.089571],[-67.972559,-32.089529],[-67.972593,-32.089486],[-67.972624,-32.089442],[-67.972655,-32.089397],[-67.972684,-32.089351],[-67.972713,-32.089304],[-67.972742,-32.089257],[-67.972771,-32.08921],[-67.9728,-32.089163],[-67.972829,-32.089116],[-67.97286,-32.08907],[-67.972887,-32.089032],[-67.972892,-32.089025],[-67.972925,-32.088982],[-67.97296,-32.08894],[-67.972997,-32.088899],[-67.973037,-32.088861],[-67.973079,-32.088825],[-67.973124,-32.088791],[-67.973173,-32.08876],[-67.973224,-32.088732],[-67.973276,-32.088704],[-67.973328,-32.088677],[-67.97338,-32.088652],[-67.973433,-32.088626],[-67.973486,-32.088602],[-67.973539,-32.088578],[-67.973593,-32.088555],[-67.973647,-32.088533],[-67.973701,-32.088511],[-67.973755,-32.08849],[-67.97381,-32.088469],[-67.973865,-32.08845],[-67.973921,-32.08843],[-67.973976,-32.088411],[-67.974032,-32.088393],[-67.974088,-32.088375],[-67.974145,-32.088358],[-67.974201,-32.088341],[-67.974258,-32.088324],[-67.974315,-32.088308],[-67.974373,-32.088292],[-67.97443,-32.088277],[-67.974488,-32.088262],[-67.974546,-32.088247],[-67.974604,-32.088232],[-67.974662,-32.088217],[-67.97472,-32.088202],[-67.974778,-32.088187],[-67.974836,-32.088171],[-67.974894,-32.088156],[-67.974952,-32.088141],[-67.97501,-32.088126],[-67.975068,-32.088112],[-67.975126,-32.088098],[-67.975184,-32.088084],[-67.975242,-32.08807],[-67.9753,-32.088057],[-67.975358,-32.088045],[-67.975416,-32.088033],[-67.975475,-32.088022],[-67.975533,-32.088011],[-67.975592,-32.088002],[-67.975651,-32.087993],[-67.97571,-32.087985],[-67.975769,-32.087978],[-67.975828,-32.087972],[-67.975888,-32.087967],[-67.975948,-32.087964],[-67.976008,-32.087961],[-67.976068,-32.087959],[-67.976128,-32.087957],[-67.976188,-32.087955],[-67.976248,-32.087953],[-67.976308,-32.087951],[-67.976368,-32.08795],[-67.976428,-32.087949],[-67.976488,-32.087947],[-67.976548,-32.087946],[-67.976608,-32.087946],[-67.976668,-32.087945],[-67.976728,-32.087944],[-67.976788,-32.087944],[-67.976848,-32.087943],[-67.976908,-32.087943],[-67.976968,-32.087943],[-67.977028,-32.087943],[-67.977088,-32.087943],[-67.977148,-32.087943],[-67.977208,-32.087943],[-67.977268,-32.087944],[-67.977328,-32.087944],[-67.977388,-32.087945],[-67.977448,-32.087945],[-67.977508,-32.087946],[-67.977567,-32.087947],[-67.977627,-32.087948],[-67.977687,-32.087949],[-67.977747,-32.087951],[-67.977807,-32.087952],[-67.977867,-32.087954],[-67.977927,-32.087955],[-67.977987,-32.087957],[-67.978047,-32.087959],[-67.978107,-32.08796],[-67.978167,-32.087962],[-67.978227,-32.087964],[-67.978287,-32.087965],[-67.978347,-32.087966],[-67.978407,-32.087968],[-67.978467,-32.087969],[-67.978527,-32.08797],[-67.978587,-32.087971],[-67.978647,-32.087971],[-67.978707,-32.087972],[-67.978767,-32.087972],[-67.978827,-32.087972],[-67.978887,-32.087971],[-67.978947,-32.087971],[-67.979007,-32.08797],[-67.979067,-32.087968],[-67.979127,-32.087967],[-67.979187,-32.087965],[-67.979247,-32.087964],[-67.979307,-32.087962],[-67.979367,-32.087959],[-67.979427,-32.087957],[-67.979487,-32.087955],[-67.979547,-32.087952],[-67.979607,-32.08795],[-67.979667,-32.087947],[-67.979727,-32.087944],[-67.979786,-32.087942],[-67.979846,-32.087939],[-67.979906,-32.087936],[-67.979966,-32.087933],[-67.980026,-32.087931],[-67.980086,-32.087928],[-67.980146,-32.087925],[-67.980206,-32.087923],[-67.980266,-32.08792],[-67.980326,-32.087918],[-67.980386,-32.087915],[-67.980446,-32.087913],[-67.980506,-32.087911],[-67.980566,-32.087909],[-67.980626,-32.087907],[-67.980685,-32.087905],[-67.980745,-32.087903],[-67.980805,-32.087901],[-67.980865,-32.087899],[-67.980925,-32.087898],[-67.980985,-32.087896],[-67.981045,-32.087894],[-67.981105,-32.087893],[-67.981165,-32.087892],[-67.981225,-32.087891],[-67.981285,-32.08789],[-67.981346,-32.087889],[-67.981406,-32.087888],[-67.981466,-32.087887],[-67.981526,-32.087887],[-67.981586,-32.087887],[-67.981645,-32.087887],[-67.981705,-32.087887],[-67.981765,-32.087887],[-67.981825,-32.087888],[-67.981885,-32.087889],[-67.981946,-32.087891],[-67.982007,-32.087897],[-67.982068,-32.087906],[-67.98213,-32.087919],[-67.982191,-32.087935],[-67.98225,-32.087954],[-67.982253,-32.087955],[-67.982313,-32.087977],[-67.982372,-32.088002],[-67.982431,-32.08803],[-67.982487,-32.08806],[-67.982542,-32.088093],[-67.982595,-32.088128],[-67.982645,-32.088165],[-67.982692,-32.088204],[-67.982737,-32.088245],[-67.982778,-32.088288],[-67.982815,-32.088332],[-67.982849,-32.088378],[-67.982878,-32.088426],[-67.982903,-32.088474],[-67.982923,-32.088523],[-67.982938,-32.088574],[-67.982948,-32.088625],[-67.982957,-32.088676],[-67.982964,-32.088727],[-67.982971,-32.088778],[-67.982976,-32.088829],[-67.98298,-32.08888],[-67.982984,-32.088931],[-67.982987,-32.088983],[-67.982989,-32.089034],[-67.98299,-32.089085],[-67.982991,-32.089136],[-67.982991,-32.089187],[-67.98299,-32.089238],[-67.98299,-32.089289],[-67.982989,-32.08934],[-67.982987,-32.089391],[-67.982986,-32.089442],[-67.982984,-32.089493],[-67.982983,-32.089517],[-67.982983,-32.089544],[-67.982981,-32.089595],[-67.982979,-32.089646],[-67.982978,-32.089697],[-67.982976,-32.089748],[-67.982975,-32.089799],[-67.982974,-32.08985],[-67.982974,-32.089902],[-67.982973,-32.089953],[-67.982972,-32.090004],[-67.98297,-32.090055],[-67.982968,-32.090106],[-67.982967,-32.090157],[-67.982964,-32.090208],[-67.982962,-32.090259],[-67.98296,-32.09031],[-67.982957,-32.090361],[-67.982955,-32.090412],[-67.982953,-32.090463],[-67.98295,-32.090514],[-67.982948,-32.090565],[-67.982945,-32.090616],[-67.982943,-32.090667],[-67.982941,-32.090718],[-67.982939,-32.09077],[-67.982938,-32.090821],[-67.982936,-32.090872],[-67.982935,-32.090923],[-67.982934,-32.090974],[-67.982933,-32.091025],[-67.982933,-32.091076],[-67.982934,-32.091127],[-67.982938,-32.091177],[-67.982948,-32.091226],[-67.982963,-32.091274],[-67.982982,-32.091321],[-67.983006,-32.091367],[-67.983034,-32.091413],[-67.983065,-32.091458],[-67.983098,-32.091502],[-67.983134,-32.091545],[-67.983172,-32.091588],[-67.983211,-32.091631],[-67.983251,-32.091674],[-67.983291,-32.091716],[-67.983332,-32.091759],[-67.983371,-32.091801],[-67.98341,-32.091844],[-67.983447,-32.091887],[-67.983483,-32.09193],[-67.983515,-32.091974],[-67.983545,-32.092018],[-67.983572,-32.092063],[-67.983595,-32.092109],[-67.983613,-32.092156],[-67.983626,-32.092203],[-67.983634,-32.092251],[-67.983637,-32.0923],[-67.983634,-32.092349],[-67.983627,-32.092398],[-67.983615,-32.092447],[-67.983601,-32.092497],[-67.983583,-32.092547],[-67.983563,-32.092597],[-67.983541,-32.092647],[-67.983518,-32.092697],[-67.983495,-32.092748],[-67.983482,-32.092776],[-67.983471,-32.092798],[-67.983448,-32.092849],[-67.983425,-32.0929],[-67.983405,-32.09295],[-67.983386,-32.093],[-67.983491,-32.093067],[-67.983569,-32.093124],[-67.984648,-32.093923],[-67.986647,-32.09498],[-67.987075,-32.096065],[-67.987475,-32.096664],[-67.987806,-32.096883],[-67.988103,-32.097078],[-67.988788,-32.097235],[-67.989273,-32.097178],[-67.989845,-32.096707],[-67.990187,-32.096036],[-67.990358,-32.095394],[-67.990444,-32.094709],[-67.990444,-32.094166],[-67.990087,-32.093067],[-67.989959,-32.092353],[-67.990088,-32.091912],[-67.990144,-32.091582],[-67.990401,-32.091339],[-67.990787,-32.090997],[-67.991481,-32.090552],[-67.992057,-32.09024],[-67.992928,-32.090026],[-67.993514,-32.090097],[-67.994285,-32.09024],[-67.99497,-32.090069],[-67.995641,-32.08984],[-67.996198,-32.08934],[-67.996869,-32.088627],[-67.997098,-32.088017],[-67.99724,-32.087641],[-67.99744,-32.086157],[-67.996897,-32.084972],[-67.996469,-32.084415],[-67.996455,-32.084129],[-67.996726,-32.083473],[-67.998125,-32.082787],[-67.998368,-32.082673],[-67.998482,-32.082559],[-67.998553,-32.082416],[-67.998653,-32.082259],[-67.998753,-32.082131],[-67.999082,-32.082031],[-68.000138,-32.081902],[-68.001437,-32.081817],[-68.00228,-32.081602],[-68.003093,-32.080889],[-68.003764,-32.080346],[-68.004568,-32.080177],[-68.005121,-32.080061],[-68.005792,-32.079732],[-68.00632,-32.079746],[-68.007805,-32.08026],[-68.008561,-32.081074],[-68.010246,-32.082316],[-68.01112,-32.082587],[-68.011445,-32.082687],[-68.012359,-32.083259],[-68.012748,-32.084048],[-68.012873,-32.084301],[-68.014044,-32.085372],[-68.0147,-32.085543],[-68.015646,-32.085499],[-68.017056,-32.0855],[-68.020697,-32.086043],[-68.022638,-32.086528],[-68.023923,-32.086528],[-68.025465,-32.086085],[-68.026407,-32.085671],[-68.027035,-32.085429],[-68.027492,-32.085471],[-68.027921,-32.085657],[-68.028692,-32.0858],[-68.029662,-32.085529],[-68.030476,-32.085486],[-68.030993,-32.085573],[-68.03149,-32.085657],[-68.032111,-32.085767],[-68.032132,-32.085771],[-68.032832,-32.085743],[-68.033574,-32.085443],[-68.034217,-32.084872],[-68.034602,-32.084315],[-68.034845,-32.083587],[-68.034645,-32.082588],[-68.034445,-32.082088],[-68.034402,-32.081317],[-68.034645,-32.080646],[-68.034945,-32.080403],[-68.035759,-32.079975],[-68.036544,-32.079575],[-68.037001,-32.078961],[-68.037258,-32.078476],[-68.037629,-32.078276],[-68.038052,-32.078329],[-68.038428,-32.078376],[-68.038914,-32.078619],[-68.039485,-32.079004],[-68.039818,-32.079486],[-68.040156,-32.079975],[-68.040256,-32.080289],[-68.040613,-32.080375],[-68.041027,-32.080332],[-68.041184,-32.080003],[-68.041111,-32.07943],[-68.041098,-32.078947],[-68.041284,-32.078504],[-68.041641,-32.077976],[-68.042283,-32.077476],[-68.04304,-32.077277],[-68.043597,-32.077362],[-68.043868,-32.077519],[-68.043854,-32.077948],[-68.043682,-32.07879],[-68.043497,-32.079489],[-68.043497,-32.079904],[-68.043754,-32.080689],[-68.044011,-32.080974],[-68.04471,-32.08136],[-68.045838,-32.08136],[-68.046823,-32.081031],[-68.04788,-32.080432],[-68.048808,-32.07939],[-68.049295,-32.078892],[-68.050107,-32.078433],[-68.05026,-32.07808],[-68.049978,-32.077562],[-68.049893,-32.07712],[-68.050021,-32.076563],[-68.050478,-32.076434],[-68.051377,-32.076491],[-68.052562,-32.07672],[-68.053704,-32.076606],[-68.05386,-32.076609],[-68.054361,-32.07662],[-68.055178,-32.076599],[-68.055775,-32.076606],[-68.056303,-32.076377],[-68.056745,-32.076063],[-68.056817,-32.075521],[-68.056645,-32.075206],[-68.056389,-32.074821],[-68.055475,-32.074221],[-68.054647,-32.07375],[-68.054104,-32.073607],[-68.05386,-32.073643],[-68.052934,-32.073779],[-68.052263,-32.073779],[-68.051849,-32.073679],[-68.051606,-32.07375],[-68.0516,-32.074061],[-68.051649,-32.07455],[-68.051492,-32.074964],[-68.050649,-32.075192],[-68.050335,-32.075106],[-68.049707,-32.074735],[-68.049507,-32.074478],[-68.049507,-32.074236],[-68.049868,-32.07345],[-68.050204,-32.072749],[-68.051149,-32.071566],[-68.051791,-32.071109],[-68.052905,-32.071038],[-68.05386,-32.071416],[-68.054204,-32.071552],[-68.055989,-32.072594],[-68.057488,-32.073393],[-68.059572,-32.07385],[-68.060686,-32.074507],[-68.061757,-32.074907],[-68.062556,-32.075363],[-68.063555,-32.076349],[-68.064469,-32.077676],[-68.06564,-32.078619],[-68.06677,-32.079746],[-68.06696,-32.080948],[-68.06696,-32.081269],[-68.066865,-32.081757],[-68.066865,-32.082292],[-68.066949,-32.083328],[-68.067115,-32.084601],[-68.066282,-32.085671],[-68.065628,-32.087004],[-68.065206,-32.087899],[-68.065033,-32.088265],[-68.065125,-32.088757],[-68.065235,-32.089657],[-68.065806,-32.090525],[-68.066068,-32.091156],[-68.066984,-32.092465],[-68.068828,-32.094356],[-68.071481,-32.096569],[-68.072302,-32.097533],[-68.072838,-32.098366],[-68.072919,-32.098605],[-68.073064,-32.098806],[-68.073254,-32.098973],[-68.073635,-32.099103],[-68.074117,-32.099109],[-68.07486,-32.099068],[-68.075669,-32.098913],[-68.076276,-32.098758],[-68.077371,-32.098247],[-68.07795,-32.097822],[-68.078703,-32.097224],[-68.078977,-32.096664],[-68.078958,-32.096323],[-68.078946,-32.096173],[-68.078925,-32.095973],[-68.078858,-32.09538],[-68.078406,-32.094927],[-68.077965,-32.094487],[-68.077683,-32.094174],[-68.077327,-32.09378],[-68.076859,-32.093262],[-68.076627,-32.093052],[-68.076449,-32.09289],[-68.07644,-32.092882],[-68.076228,-32.092691],[-68.07605,-32.092322],[-68.075979,-32.091989],[-68.075991,-32.091492],[-68.07613,-32.090818],[-68.076325,-32.089864],[-68.076546,-32.088881],[-68.076873,-32.087735],[-68.076859,-32.08704],[-68.077037,-32.086504],[-68.077145,-32.086135],[-68.077418,-32.085838],[-68.077835,-32.085291],[-68.078739,-32.084946],[-68.079679,-32.084838],[-68.080321,-32.084898],[-68.08044,-32.084696],[-68.0805,-32.084601],[-68.08069,-32.084589],[-68.080892,-32.084731],[-68.081213,-32.084993],[-68.081416,-32.085445],[-68.081594,-32.086028],[-68.081677,-32.086599],[-68.081654,-32.087099],[-68.081631,-32.087445],[-68.081606,-32.087813],[-68.081654,-32.088015],[-68.081796,-32.088467],[-68.081951,-32.088788],[-68.08226,-32.089264],[-68.083075,-32.090099],[-68.083593,-32.090454],[-68.084113,-32.090851],[-68.084699,-32.091299],[-68.085401,-32.091596],[-68.085818,-32.091614],[-68.086403,-32.091581],[-68.086698,-32.091565],[-68.086834,-32.091557],[-68.087572,-32.091516],[-68.08809,-32.091251],[-68.088328,-32.090668],[-68.088947,-32.090454],[-68.089446,-32.090323],[-68.090529,-32.090287],[-68.090799,-32.090367],[-68.091493,-32.090573],[-68.092928,-32.091108],[-68.093214,-32.091214],[-68.094003,-32.091584],[-68.095109,-32.091775],[-68.095323,-32.091765],[-68.095568,-32.091754],[-68.095726,-32.091746],[-68.095771,-32.091742],[-68.096716,-32.091644],[-68.097608,-32.092215],[-68.097858,-32.092905],[-68.09772,-32.09323],[-68.097525,-32.09369],[-68.096858,-32.094261],[-68.09549,-32.094844],[-68.094645,-32.095284],[-68.094003,-32.095927],[-68.093706,-32.096369],[-68.093539,-32.096617],[-68.092861,-32.098996],[-68.092671,-32.099496],[-68.092471,-32.099714],[-68.092417,-32.099985],[-68.092552,-32.100483],[-68.092706,-32.100579],[-68.093123,-32.100906],[-68.094195,-32.101405],[-68.094312,-32.101459],[-68.095038,-32.101566],[-68.095585,-32.101357],[-68.096137,-32.100769],[-68.096194,-32.100708],[-68.096454,-32.100008],[-68.096882,-32.099413],[-68.098238,-32.098711],[-68.100154,-32.098366],[-68.102426,-32.098104],[-68.10408,-32.098033],[-68.104799,-32.098093],[-68.105317,-32.098009],[-68.105786,-32.097674],[-68.106245,-32.097128],[-68.106592,-32.096924],[-68.10665,-32.09689],[-68.107197,-32.096807],[-68.107614,-32.096795],[-68.108078,-32.096902],[-68.109565,-32.097604],[-68.109791,-32.097735],[-68.110493,-32.098152],[-68.112456,-32.099306],[-68.112884,-32.099651],[-68.113073,-32.100019],[-68.113129,-32.100128],[-68.113348,-32.100555],[-68.113515,-32.101364],[-68.113681,-32.101971],[-68.114228,-32.102518],[-68.114669,-32.102732],[-68.115125,-32.102747],[-68.115478,-32.102696],[-68.11637,-32.102375],[-68.118036,-32.101388],[-68.119249,-32.101114],[-68.119924,-32.101067],[-68.120284,-32.101043],[-68.121046,-32.100745],[-68.12189,-32.100364],[-68.1225,-32.099915],[-68.122795,-32.09977],[-68.122985,-32.099889],[-68.123167,-32.100232],[-68.123389,-32.10065],[-68.123544,-32.101269],[-68.123615,-32.102375],[-68.123592,-32.103065],[-68.123782,-32.10364],[-68.124147,-32.104743],[-68.124247,-32.105011],[-68.124686,-32.106028],[-68.124655,-32.106396],[-68.124627,-32.10673],[-68.124793,-32.106896],[-68.125793,-32.106967],[-68.12728,-32.106468],[-68.128173,-32.106022],[-68.129754,-32.105159],[-68.130242,-32.105123],[-68.130778,-32.105219],[-68.13176,-32.105543],[-68.132146,-32.105671],[-68.132717,-32.105694],[-68.133732,-32.10557],[-68.133883,-32.105552],[-68.135132,-32.105242],[-68.13581,-32.104981],[-68.136388,-32.104955],[-68.137166,-32.104921],[-68.137511,-32.105028],[-68.137571,-32.105326],[-68.137488,-32.105659],[-68.137162,-32.106221],[-68.13675,-32.106932],[-68.136072,-32.107776],[-68.135763,-32.108395],[-68.135489,-32.108788],[-68.135525,-32.10918],[-68.135644,-32.109668],[-68.135929,-32.110037],[-68.136463,-32.110272],[-68.136738,-32.110394],[-68.138118,-32.110632],[-68.138701,-32.110894],[-68.139217,-32.111205],[-68.139308,-32.111262],[-68.14026,-32.111715],[-68.14032,-32.112103],[-68.140343,-32.11225],[-68.140343,-32.11244],[-68.14089,-32.112726],[-68.141878,-32.112726],[-68.143175,-32.112464],[-68.143816,-32.112296],[-68.144174,-32.112202],[-68.144805,-32.112286],[-68.14515,-32.112167],[-68.145744,-32.111833],[-68.146078,-32.111298],[-68.146387,-32.110965],[-68.146672,-32.110894],[-68.146946,-32.110905],[-68.147279,-32.111096],[-68.147458,-32.111381],[-68.147541,-32.111845],[-68.147493,-32.112726],[-68.147718,-32.11304],[-68.148114,-32.113595],[-68.148445,-32.114096],[-68.148844,-32.114705],[-68.149111,-32.115474],[-68.149047,-32.116125],[-68.148992,-32.116676],[-68.149016,-32.116926],[-68.149028,-32.117199],[-68.149028,-32.117473],[-68.149302,-32.11783],[-68.149908,-32.118448],[-68.150646,-32.118924],[-68.151491,-32.119186],[-68.15199,-32.119269],[-68.152835,-32.119353],[-68.153669,-32.119157],[-68.154358,-32.118663],[-68.154822,-32.118472],[-68.1565,-32.118472],[-68.157256,-32.118534],[-68.15813,-32.11852],[-68.158558,-32.118579],[-68.159105,-32.118722],[-68.159664,-32.118567],[-68.160628,-32.117497],[-68.160781,-32.117357],[-68.161675,-32.116545],[-68.162294,-32.116247],[-68.163007,-32.115938],[-68.163749,-32.115394],[-68.165256,-32.11388],[-68.166148,-32.113273],[-68.166362,-32.112952],[-68.166351,-32.112571],[-68.165887,-32.112012],[-68.165553,-32.111488],[-68.165672,-32.111001],[-68.16597,-32.110703],[-68.166993,-32.110584],[-68.16829,-32.110418],[-68.168742,-32.110049],[-68.169955,-32.109573],[-68.170538,-32.109454],[-68.171038,-32.109537],[-68.173215,-32.11106],[-68.174191,-32.111715],[-68.174762,-32.112083],[-68.17525,-32.112666],[-68.175904,-32.112964],[-68.176344,-32.113023],[-68.176903,-32.112821],[-68.177237,-32.112631],[-68.177605,-32.112202],[-68.178129,-32.111786],[-68.178652,-32.111667],[-68.179259,-32.111762],[-68.179699,-32.112036],[-68.18008,-32.112238],[-68.18052,-32.112155],[-68.181127,-32.111798],[-68.18146,-32.111572],[-68.181924,-32.111417],[-68.183197,-32.111488],[-68.183804,-32.111679],[-68.184577,-32.111619],[-68.185327,-32.111477],[-68.185898,-32.111132],[-68.186112,-32.110572],[-68.186243,-32.110239],[-68.186612,-32.10993],[-68.187028,-32.109704],[-68.187659,-32.109525],[-68.18817,-32.10918],[-68.188646,-32.109252],[-68.18892,-32.109514],[-68.188979,-32.109728],[-68.188932,-32.110085],[-68.188777,-32.110525],[-68.188682,-32.110846],[-68.18861,-32.111048],[-68.18861,-32.111524],[-68.188575,-32.111822],[-68.189229,-32.112452],[-68.189895,-32.112928],[-68.190228,-32.11319],[-68.190466,-32.113713],[-68.190664,-32.11402],[-68.191104,-32.114139],[-68.191454,-32.114082],[-68.191977,-32.114082],[-68.192941,-32.113939],[-68.193298,-32.113963],[-68.193512,-32.114201],[-68.19356,-32.114582],[-68.193526,-32.114999],[-68.193465,-32.11576],[-68.193536,-32.116271],[-68.194107,-32.116961],[-68.194951,-32.117495],[-68.195484,-32.117952],[-68.196106,-32.118294],[-68.196391,-32.118532],[-68.196689,-32.11871],[-68.197129,-32.118865],[-68.1977,-32.119043],[-68.197837,-32.119191],[-68.197883,-32.119196],[-68.197941,-32.119201],[-68.197999,-32.119205],[-68.198058,-32.119209],[-68.198116,-32.119211],[-68.198174,-32.119213],[-68.198233,-32.119213],[-68.198291,-32.119213],[-68.19835,-32.119213],[-68.198409,-32.119211],[-68.198468,-32.119209],[-68.198526,-32.119206],[-68.198585,-32.119203],[-68.198644,-32.119199],[-68.198703,-32.119194],[-68.198762,-32.119189],[-68.19882,-32.119184],[-68.198879,-32.119178],[-68.198938,-32.119172],[-68.198996,-32.119165],[-68.199055,-32.119158],[-68.199113,-32.119151],[-68.199171,-32.119144],[-68.199229,-32.119136],[-68.199287,-32.119128],[-68.199345,-32.119121],[-68.199402,-32.119112],[-68.19946,-32.119104],[-68.199517,-32.119095],[-68.199575,-32.119086],[-68.199632,-32.119076],[-68.199689,-32.119066],[-68.199747,-32.119056],[-68.199796,-32.119047],[-68.199804,-32.119045],[-68.199861,-32.119035],[-68.199919,-32.119024],[-68.199976,-32.119013],[-68.200033,-32.119003],[-68.200091,-32.118992],[-68.200148,-32.118981],[-68.200205,-32.11897],[-68.200262,-32.11896],[-68.20032,-32.118949],[-68.200377,-32.118939],[-68.200435,-32.118929],[-68.200492,-32.11892],[-68.200549,-32.11891],[-68.200607,-32.118901],[-68.200665,-32.118893],[-68.200722,-32.118885],[-68.20078,-32.118877],[-68.200838,-32.11887],[-68.200896,-32.118864],[-68.200954,-32.118858],[-68.201012,-32.118853],[-68.20107,-32.118848],[-68.201128,-32.118844],[-68.201187,-32.11884],[-68.201245,-32.118837],[-68.201304,-32.118835],[-68.201362,-32.118833],[-68.201421,-32.118831],[-68.20148,-32.11883],[-68.201539,-32.118829],[-68.201597,-32.118829],[-68.201656,-32.118828],[-68.201715,-32.118829],[-68.201774,-32.118829],[-68.201832,-32.11883],[-68.201891,-32.118832],[-68.20195,-32.118833],[-68.202009,-32.118835],[-68.202067,-32.118837],[-68.202126,-32.118839],[-68.202184,-32.118841],[-68.202243,-32.118844],[-68.202301,-32.118846],[-68.20236,-32.118849],[-68.202419,-32.118852],[-68.202478,-32.118855],[-68.202538,-32.118859],[-68.202597,-32.118863],[-68.202657,-32.118868],[-68.202716,-32.118873],[-68.202776,-32.11888],[-68.202835,-32.118887],[-68.202894,-32.118896],[-68.202952,-32.118906],[-68.20301,-32.118917],[-68.203068,-32.11893],[-68.203124,-32.118944],[-68.203181,-32.11896],[-68.203236,-32.118978],[-68.203291,-32.118997],[-68.203345,-32.119019],[-68.203398,-32.119043],[-68.203449,-32.11907],[-68.2035,-32.119098],[-68.20355,-32.11913],[-68.203598,-32.119164],[-68.203645,-32.1192],[-68.20369,-32.11924],[-68.203734,-32.11928],[-68.203775,-32.119321],[-68.203814,-32.119362],[-68.203851,-32.119403],[-68.203886,-32.119445],[-68.203919,-32.119487],[-68.203951,-32.119529],[-68.203982,-32.119571],[-68.204011,-32.119614],[-68.204039,-32.119657],[-68.204067,-32.1197],[-68.204093,-32.119743],[-68.204119,-32.119787],[-68.204145,-32.11983],[-68.20417,-32.119874],[-68.204195,-32.119917],[-68.204221,-32.119961],[-68.204246,-32.120005],[-68.204272,-32.120048],[-68.204298,-32.120092],[-68.204324,-32.120135],[-68.204352,-32.120178],[-68.20438,-32.120222],[-68.204408,-32.120266],[-68.204434,-32.12031],[-68.20446,-32.120356],[-68.204484,-32.120401],[-68.204509,-32.120447],[-68.204533,-32.120494],[-68.204556,-32.12054],[-68.20458,-32.120586],[-68.204604,-32.120633],[-68.204627,-32.120679],[-68.204652,-32.120725],[-68.204677,-32.12077],[-68.204702,-32.120816],[-68.204728,-32.12086],[-68.204755,-32.120904],[-68.204784,-32.120947],[-68.204813,-32.120989],[-68.204845,-32.12103],[-68.204877,-32.12107],[-68.204899,-32.121094],[-68.204912,-32.121108],[-68.20495,-32.12114],[-68.204992,-32.121165],[-68.205037,-32.121184],[-68.205085,-32.121197],[-68.205137,-32.121205],[-68.20519,-32.121207],[-68.205247,-32.121204],[-68.205305,-32.121196],[-68.205364,-32.121185],[-68.205425,-32.12117],[-68.205488,-32.121151],[-68.205551,-32.121129],[-68.205615,-32.121104],[-68.20564,-32.121094],[-68.205679,-32.121077],[-68.205743,-32.121049],[-68.205807,-32.121018],[-68.20587,-32.120986],[-68.205932,-32.120954],[-68.205994,-32.12092],[-68.206054,-32.120887],[-68.206112,-32.120854],[-68.206168,-32.120821],[-68.206222,-32.12079],[-68.206274,-32.120759],[-68.206323,-32.12073],[-68.206372,-32.120702],[-68.206421,-32.120673],[-68.20647,-32.120645],[-68.206518,-32.120617],[-68.206567,-32.120589],[-68.206616,-32.120561],[-68.206665,-32.120533],[-68.206714,-32.120505],[-68.206762,-32.120477],[-68.20681,-32.120448],[-68.206858,-32.120419],[-68.206906,-32.12039],[-68.206953,-32.120361],[-68.207,-32.120331],[-68.207046,-32.1203],[-68.207092,-32.120269],[-68.207137,-32.120238],[-68.207181,-32.120206],[-68.207225,-32.120173],[-68.207269,-32.12014],[-68.207311,-32.120106],[-68.207353,-32.120071],[-68.207394,-32.120035],[-68.207434,-32.119998],[-68.207473,-32.11996],[-68.207512,-32.119922],[-68.20755,-32.119884],[-68.207589,-32.119846],[-68.207627,-32.119808],[-68.207665,-32.11977],[-68.207703,-32.119732],[-68.20774,-32.119693],[-68.207766,-32.119667],[-68.207778,-32.119655],[-68.207815,-32.119617],[-68.207853,-32.119578],[-68.20789,-32.11954],[-68.207926,-32.119501],[-68.207963,-32.119463],[-68.207999,-32.119424],[-68.208036,-32.119385],[-68.208072,-32.119346],[-68.208108,-32.119307],[-68.208143,-32.119267],[-68.208179,-32.119228],[-68.208214,-32.119188],[-68.208249,-32.119149],[-68.208284,-32.119109],[-68.208319,-32.119069],[-68.208353,-32.119028],[-68.208387,-32.118988],[-68.208421,-32.118947],[-68.208455,-32.118906],[-68.208489,-32.118866],[-68.208522,-32.118825],[-68.208555,-32.118784],[-68.208588,-32.118742],[-68.208621,-32.118701],[-68.208654,-32.11866],[-68.208687,-32.118619],[-68.20872,-32.118578],[-68.208753,-32.118536],[-68.208786,-32.118495],[-68.208818,-32.118454],[-68.208851,-32.118413],[-68.208884,-32.118371],[-68.208917,-32.11833],[-68.208951,-32.118289],[-68.208984,-32.118248],[-68.209017,-32.118208],[-68.209051,-32.118167],[-68.209085,-32.118126],[-68.209119,-32.118086],[-68.209154,-32.118046],[-68.209188,-32.118006],[-68.209223,-32.117966],[-68.209259,-32.117926],[-68.209294,-32.117886],[-68.20933,-32.117847],[-68.209365,-32.117807],[-68.209401,-32.117767],[-68.209436,-32.117728],[-68.209472,-32.117688],[-68.209508,-32.117649],[-68.209544,-32.11761],[-68.209579,-32.11757],[-68.209615,-32.117531],[-68.209651,-32.117491],[-68.209687,-32.117452],[-68.209723,-32.117413],[-68.209759,-32.117374],[-68.209795,-32.117334],[-68.209831,-32.117295],[-68.209867,-32.117256],[-68.209903,-32.117216],[-68.209939,-32.117177],[-68.209975,-32.117138],[-68.210011,-32.117099],[-68.210047,-32.117059],[-68.210083,-32.11702],[-68.210119,-32.116981],[-68.210155,-32.116941],[-68.210191,-32.116902],[-68.210227,-32.116863],[-68.210262,-32.116823],[-68.210298,-32.116784],[-68.210334,-32.116745],[-68.210369,-32.116706],[-68.210405,-32.116667],[-68.210441,-32.116628],[-68.210477,-32.116589],[-68.210513,-32.11655],[-68.210549,-32.116511],[-68.210585,-32.116472],[-68.210621,-32.116433],[-68.210658,-32.116395],[-68.210694,-32.116356],[-68.210726,-32.116322],[-68.21068,-32.116212],[-68.210727,-32.115923],[-68.210931,-32.115755],[-68.21181,-32.115557],[-68.212127,-32.115641],[-68.212536,-32.115748],[-68.212682,-32.115816],[-68.213095,-32.116009],[-68.215025,-32.117419],[-68.215284,-32.117627],[-68.215546,-32.117854],[-68.215891,-32.117913],[-68.216044,-32.117951],[-68.216207,-32.117899],[-68.216362,-32.117803],[-68.216501,-32.117688],[-68.216795,-32.116973],[-68.216918,-32.116488],[-68.217176,-32.115581],[-68.21734,-32.114703],[-68.217368,-32.114287],[-68.217375,-32.114179],[-68.217527,-32.113832],[-68.21789,-32.113313],[-68.218485,-32.112966],[-68.21858,-32.11269],[-68.218592,-32.1125],[-68.218461,-32.112309],[-68.217951,-32.112009],[-68.21739,-32.111596],[-68.217021,-32.111036],[-68.216855,-32.110727],[-68.2169,-32.110606],[-68.217033,-32.110549],[-68.217199,-32.110586],[-68.217461,-32.110644],[-68.218092,-32.110763],[-68.218437,-32.110739],[-68.219198,-32.110311],[-68.219591,-32.10987],[-68.220055,-32.10943],[-68.220329,-32.108978],[-68.220361,-32.108683],[-68.220505,-32.108522],[-68.221078,-32.108276],[-68.221799,-32.108078],[-68.222327,-32.107979],[-68.222482,-32.108014],[-68.222625,-32.108038],[-68.222839,-32.108205],[-68.223636,-32.108562],[-68.224469,-32.108704],[-68.225504,-32.108478],[-68.225707,-32.108382],[-68.22598,-32.108252],[-68.226301,-32.108062],[-68.226511,-32.107526],[-68.226832,-32.107062],[-68.22943,-32.106206],[-68.229644,-32.106111],[-68.229823,-32.10579],[-68.229823,-32.105564],[-68.229846,-32.105242],[-68.229977,-32.105088],[-68.230114,-32.104989],[-68.230504,-32.10503],[-68.231245,-32.105191],[-68.231538,-32.10531],[-68.231924,-32.105391],[-68.232115,-32.105223],[-68.232201,-32.105016],[-68.232242,-32.104733],[-68.23221,-32.104565],[-68.232186,-32.104468],[-68.232094,-32.1041],[-68.23212,-32.103831],[-68.232208,-32.10353],[-68.232555,-32.103261],[-68.232901,-32.10322],[-68.233144,-32.103104],[-68.233427,-32.102929],[-68.233494,-32.102754],[-68.233616,-32.102363],[-68.233616,-32.102067],[-68.233589,-32.101918],[-68.233417,-32.101703],[-68.233117,-32.101636],[-68.23274,-32.101487],[-68.232619,-32.101366],[-68.232583,-32.101021],[-68.232823,-32.100622],[-68.233225,-32.100262],[-68.233589,-32.100073],[-68.234154,-32.099979],[-68.234693,-32.099858],[-68.235515,-32.099656],[-68.236363,-32.099548],[-68.236767,-32.099332],[-68.237575,-32.098996],[-68.238047,-32.098538],[-68.238532,-32.097837],[-68.238963,-32.096921],[-68.239002,-32.096623],[-68.238922,-32.096302],[-68.238922,-32.09575],[-68.238909,-32.09548],[-68.238883,-32.095339],[-68.238946,-32.095194],[-68.239264,-32.094966],[-68.239488,-32.094926],[-68.239672,-32.094892],[-68.239864,-32.094857],[-68.240654,-32.094857],[-68.240745,-32.094891],[-68.241141,-32.095036],[-68.241289,-32.095045],[-68.241859,-32.095265],[-68.242343,-32.095426],[-68.242788,-32.095561],[-68.243192,-32.09544],[-68.243637,-32.095224],[-68.244054,-32.09482],[-68.244243,-32.094645],[-68.24462,-32.094564],[-68.245374,-32.094349],[-68.245967,-32.093985],[-68.24629,-32.093662],[-68.246425,-32.093231],[-68.246683,-32.092081],[-68.247932,-32.091545],[-68.268311,-32.10982],[-68.274108,-32.115018],[-68.276305,-32.116988],[-68.280564,-32.120808],[-68.284687,-32.124505],[-68.291584,-32.13069],[-68.292875,-32.131848],[-68.299311,-32.137619],[-68.299294,-32.137574],[-68.299024,-32.136874],[-68.299045,-32.136783],[-68.299221,-32.136002],[-68.300155,-32.135085],[-68.300586,-32.134791]]]]}},{"type":"Feature","id":"70063","properties":{"id":70063,"in1":"70063","departamento":"9 DE JULIO","nombre":"9 de Julio","fna":"Departamento 9 de Julio","cabecera":"9 de Julio","provincia":"SAN JUAN","fuente":"Instituto Geográfico Nacional (IGN)"},"geometry":{"type":"MultiPolygon","coordinates":[[[[-68.385117,-31.555855],[-68.38225,-31.556089],[-68.381575,-31.556066],[-68.380574,-31.556032],[-68.380247,-31.556163],[-68.379282,-31.556552],[-68.379124,-31.556615],[-68.379058,-31.556741],[-68.378681,-31.55746],[-68.378657,-31.557506],[-68.378644,-31.557669],[-68.378601,-31.558177],[-68.378595,-31.55825],[-68.379095,-31.561025],[-68.379432,-31.562659],[-68.37907,-31.56479],[-68.378733,-31.565232],[-68.377261,-31.567158],[-68.375692,-31.568336],[-68.373667,-31.568227],[-68.372455,-31.567978],[-68.37183,-31.567518],[-68.371708,-31.567428],[-68.370495,-31.566926],[-68.369513,-31.566822],[-68.367946,-31.567708],[-68.366085,-31.569083],[-68.365748,-31.569665],[-68.364846,-31.571218],[-68.364075,-31.571768],[-68.363805,-31.57196],[-68.360271,-31.574478],[-68.358236,-31.576285],[-68.357684,-31.577676],[-68.357801,-31.57829],[-68.357431,-31.579089],[-68.357253,-31.579473],[-68.357389,-31.579954],[-68.357428,-31.580092],[-68.357464,-31.580127],[-68.357846,-31.580504],[-68.358047,-31.580842],[-68.358109,-31.580947],[-68.358202,-31.581597],[-68.358493,-31.582189],[-68.35895,-31.583111],[-68.359011,-31.583203],[-68.359534,-31.583994],[-68.360044,-31.584524],[-68.360096,-31.584564],[-68.3601,-31.584567],[-68.360532,-31.584901],[-68.360956,-31.585119],[-68.361112,-31.585198],[-68.361117,-31.585201],[-68.361629,-31.585434],[-68.362263,-31.585856],[-68.362677,-31.586192],[-68.362752,-31.586207],[-68.363508,-31.586363],[-68.363733,-31.586456],[-68.363956,-31.586548],[-68.363973,-31.586555],[-68.364115,-31.587457],[-68.363833,-31.587916],[-68.363765,-31.588027],[-68.363742,-31.588064],[-68.362929,-31.588606],[-68.362095,-31.588958],[-68.361555,-31.589352],[-68.361135,-31.589895],[-68.360615,-31.590375],[-68.360269,-31.590533],[-68.360133,-31.590594],[-68.360026,-31.590643],[-68.359072,-31.590787],[-68.358433,-31.591014],[-68.358062,-31.591327],[-68.357362,-31.59216],[-68.357273,-31.592266],[-68.357224,-31.592582],[-68.357168,-31.592937],[-68.357437,-31.593317],[-68.357749,-31.594343],[-68.357397,-31.595369],[-68.356975,-31.596165],[-68.356553,-31.597002],[-68.356256,-31.597672],[-68.355979,-31.598487],[-68.355951,-31.599136],[-68.355582,-31.599553],[-68.355136,-31.600034],[-68.354218,-31.60181],[-68.354065,-31.602481],[-68.353816,-31.60317],[-68.353275,-31.60365],[-68.353117,-31.605159],[-68.353038,-31.605917],[-68.35284,-31.606376],[-68.352095,-31.60786],[-68.351846,-31.608404],[-68.351323,-31.609303],[-68.350525,-31.611604],[-68.350446,-31.612361],[-68.350172,-31.613027],[-68.349327,-31.614849],[-68.348384,-31.616395],[-68.348216,-31.616994],[-68.348084,-31.617465],[-68.347932,-31.618007],[-68.347041,-31.619283],[-68.346495,-31.620137],[-68.346222,-31.620681],[-68.345706,-31.621057],[-68.345116,-31.621388],[-68.344769,-31.621954],[-68.344124,-31.623042],[-68.343997,-31.623583],[-68.344262,-31.624382],[-68.344357,-31.624825],[-68.344255,-31.62541],[-68.344274,-31.626037],[-68.344783,-31.626734],[-68.344728,-31.627825],[-68.344944,-31.628286],[-68.34526,-31.62873],[-68.345108,-31.629356],[-68.344715,-31.62971],[-68.344413,-31.630735],[-68.344062,-31.63193],[-68.343988,-31.63269],[-68.343849,-31.634129],[-68.343947,-31.635768],[-68.34396,-31.635974],[-68.344551,-31.638786],[-68.344262,-31.64168],[-68.344081,-31.642814],[-68.344031,-31.643126],[-68.343947,-31.644573],[-68.344412,-31.646203],[-68.344569,-31.646754],[-68.344665,-31.647066],[-68.34517,-31.64871],[-68.345379,-31.650095],[-68.345569,-31.65112],[-68.345358,-31.65131],[-68.340075,-31.656077],[-68.340044,-31.656105],[-68.338245,-31.657332],[-68.337949,-31.657502],[-68.337483,-31.65777],[-68.337239,-31.658089],[-68.337036,-31.658354],[-68.336836,-31.659065],[-68.336658,-31.660029],[-68.336654,-31.660552],[-68.34019,-31.660363],[-68.340501,-31.660788],[-68.340852,-31.661106],[-68.341441,-31.66133],[-68.342362,-31.661501],[-68.342973,-31.661671],[-68.343131,-31.664247],[-68.340948,-31.664321],[-68.340657,-31.666692],[-68.339202,-31.666648],[-68.339255,-31.66737],[-68.340396,-31.667412],[-68.340393,-31.667917],[-68.338387,-31.667821],[-68.337656,-31.668354],[-68.33712,-31.669636],[-68.337114,-31.669649],[-68.336972,-31.670334],[-68.337302,-31.671044],[-68.337344,-31.671131],[-68.33765,-31.671767],[-68.338038,-31.672445],[-68.338779,-31.673473],[-68.339288,-31.673895],[-68.340403,-31.674708],[-68.341499,-31.675507],[-68.342458,-31.675981],[-68.342928,-31.676267],[-68.343419,-31.676455],[-68.344007,-31.676562],[-68.34497,-31.676851],[-68.345438,-31.677272],[-68.345677,-31.677659],[-68.345845,-31.677933],[-68.34596,-31.678506],[-68.345622,-31.678955],[-68.344876,-31.678902],[-68.34414,-31.679447],[-68.343927,-31.679605],[-68.343255,-31.679971],[-68.342763,-31.680253],[-68.342327,-31.680656],[-68.342106,-31.681395],[-68.342218,-31.681981],[-68.342724,-31.68276],[-68.34276,-31.683283],[-68.342737,-31.683819],[-68.34256,-31.684334],[-68.342536,-31.684405],[-68.342558,-31.684481],[-68.342883,-31.685601],[-68.343113,-31.686274],[-68.343266,-31.686983],[-68.343752,-31.687707],[-68.34409,-31.688194],[-68.344279,-31.688467],[-68.344334,-31.688527],[-68.345019,-31.689278],[-68.345722,-31.689904],[-68.346467,-31.690463],[-68.347505,-31.690973],[-68.347875,-31.691529],[-68.347909,-31.692269],[-68.347745,-31.693211],[-68.347426,-31.693849],[-68.346888,-31.694703],[-68.346715,-31.694789],[-68.346387,-31.694952],[-68.345398,-31.695444],[-68.343911,-31.696154],[-68.343116,-31.6967],[-68.343159,-31.697759],[-68.343241,-31.697962],[-68.3434,-31.698351],[-68.343991,-31.698693],[-68.344831,-31.698783],[-68.346018,-31.698703],[-68.347009,-31.698456],[-68.34785,-31.698501],[-68.348541,-31.698802],[-68.349428,-31.699099],[-68.350019,-31.699486],[-68.350458,-31.700331],[-68.351192,-31.701394],[-68.35153,-31.702451],[-68.352073,-31.702918],[-68.352414,-31.703556],[-68.352407,-31.704485],[-68.352002,-31.705962],[-68.351253,-31.706973],[-68.349811,-31.708151],[-68.348765,-31.709115],[-68.348217,-31.709748],[-68.348263,-31.710339],[-68.348404,-31.711228],[-68.348694,-31.712077],[-68.349186,-31.712671],[-68.34924,-31.712739],[-68.349581,-31.713165],[-68.349627,-31.713223],[-68.349651,-31.713241],[-68.350021,-31.713523],[-68.351055,-31.713947],[-68.351956,-31.714288],[-68.352191,-31.714377],[-68.353079,-31.714467],[-68.355788,-31.716458],[-68.356378,-31.716892],[-68.356571,-31.717614],[-68.357158,-31.71842],[-68.358135,-31.720201],[-68.359208,-31.722236],[-68.36078,-31.723763],[-68.362606,-31.724449],[-68.364634,-31.724545],[-68.36651,-31.724766],[-68.367497,-31.72515],[-68.368088,-31.725491],[-68.368482,-31.72579],[-68.368431,-31.72634],[-68.368326,-31.72693],[-68.367929,-31.727226],[-68.367258,-31.72733],[-68.366888,-31.727388],[-68.365651,-31.727805],[-68.364559,-31.728179],[-68.36381,-31.729316],[-68.363656,-31.730248],[-68.363793,-31.731728],[-68.365127,-31.733849],[-68.36688,-31.735233],[-68.368281,-31.73593],[-68.36913,-31.736791],[-68.371242,-31.737398],[-68.371724,-31.737536],[-68.373503,-31.740649],[-68.374718,-31.740941],[-68.378564,-31.741866],[-68.379136,-31.742197],[-68.379347,-31.74232],[-68.38003,-31.742826],[-68.380161,-31.743139],[-68.380733,-31.744499],[-68.380521,-31.74498],[-68.38006,-31.74551],[-68.377482,-31.748639],[-68.374948,-31.749189],[-68.373819,-31.750685],[-68.373436,-31.750923],[-68.372458,-31.75153],[-68.370118,-31.752435],[-68.363047,-31.755172],[-68.366815,-31.759046],[-68.367169,-31.759864],[-68.367902,-31.763416],[-68.368261,-31.763797],[-68.370896,-31.763977],[-68.372288,-31.764529],[-68.372525,-31.764977],[-68.371851,-31.770263],[-68.371528,-31.770771],[-68.369002,-31.772021],[-68.368801,-31.772498],[-68.369108,-31.77424],[-68.369385,-31.774615],[-68.371407,-31.775854],[-68.371693,-31.776029],[-68.37245,-31.776132],[-68.377288,-31.775304],[-68.377929,-31.775275],[-68.378685,-31.775482],[-68.378962,-31.775961],[-68.378028,-31.778346],[-68.377773,-31.778737],[-68.377542,-31.779092],[-68.375039,-31.781984],[-68.374483,-31.782626],[-68.374277,-31.783513],[-68.374185,-31.785389],[-68.373998,-31.785831],[-68.373047,-31.78808],[-68.373593,-31.790233],[-68.375743,-31.79147],[-68.378223,-31.790869],[-68.378762,-31.7903],[-68.379672,-31.789339],[-68.380074,-31.788863],[-68.381358,-31.787913],[-68.383366,-31.786426],[-68.384565,-31.786292],[-68.387443,-31.786206],[-68.389311,-31.787442],[-68.390426,-31.788128],[-68.391432,-31.786906],[-68.391758,-31.785916],[-68.391715,-31.785595],[-68.391607,-31.784792],[-68.389409,-31.784678],[-68.388972,-31.784437],[-68.388083,-31.781297],[-68.387956,-31.780847],[-68.389594,-31.781027],[-68.389608,-31.781023],[-68.391954,-31.780461],[-68.391122,-31.779366],[-68.389493,-31.77833],[-68.389378,-31.777274],[-68.389421,-31.776832],[-68.390357,-31.774172],[-68.390589,-31.772554],[-68.390341,-31.772066],[-68.387643,-31.771034],[-68.387142,-31.770603],[-68.385905,-31.767639],[-68.385276,-31.76737],[-68.383373,-31.767406],[-68.383012,-31.767413],[-68.382988,-31.767376],[-68.381269,-31.764772],[-68.3836,-31.764215],[-68.385841,-31.762963],[-68.386154,-31.762687],[-68.387959,-31.761093],[-68.387821,-31.759395],[-68.387815,-31.75932],[-68.386595,-31.758295],[-68.386091,-31.758266],[-68.38573,-31.758362],[-68.384365,-31.758724],[-68.384106,-31.758793],[-68.385888,-31.757484],[-68.38654,-31.757005],[-68.387047,-31.756649],[-68.389756,-31.754742],[-68.390111,-31.754493],[-68.391907,-31.753775],[-68.39276,-31.753351],[-68.393164,-31.752889],[-68.393392,-31.752628],[-68.392555,-31.750717],[-68.391456,-31.750576],[-68.390638,-31.750599],[-68.385789,-31.751762],[-68.384655,-31.751995],[-68.384216,-31.751777],[-68.383843,-31.751081],[-68.383917,-31.751003],[-68.385839,-31.748966],[-68.386318,-31.747864],[-68.386343,-31.747861],[-68.388002,-31.747689],[-68.388016,-31.747687],[-68.38914,-31.748847],[-68.389905,-31.747318],[-68.390272,-31.744393],[-68.390519,-31.74292],[-68.390533,-31.742834],[-68.391201,-31.741521],[-68.391803,-31.741068],[-68.393,-31.740456],[-68.393978,-31.740136],[-68.394542,-31.739922],[-68.395443,-31.739582],[-68.396215,-31.73929],[-68.396953,-31.738734],[-68.398892,-31.738118],[-68.401142,-31.736046],[-68.4013,-31.7359],[-68.401476,-31.735761],[-68.402246,-31.735152],[-68.405002,-31.731968],[-68.405502,-31.731614],[-68.405604,-31.731542],[-68.40784,-31.730799],[-68.408093,-31.730422],[-68.408162,-31.729538],[-68.408352,-31.729079],[-68.409396,-31.728412],[-68.409649,-31.728012],[-68.410418,-31.725653],[-68.411798,-31.726516],[-68.413443,-31.728466],[-68.413481,-31.728512],[-68.416661,-31.727553],[-68.416931,-31.726093],[-68.416754,-31.724852],[-68.416758,-31.724185],[-68.41691,-31.723514],[-68.416905,-31.723447],[-68.416893,-31.723292],[-68.416808,-31.722179],[-68.416743,-31.72078],[-68.417569,-31.71935],[-68.417655,-31.717443],[-68.418558,-31.716018],[-68.419905,-31.714879],[-68.419966,-31.714268],[-68.419984,-31.714081],[-68.419954,-31.712904],[-68.419748,-31.712435],[-68.418891,-31.710482],[-68.417485,-31.709204],[-68.416085,-31.707907],[-68.416004,-31.707831],[-68.416012,-31.707788],[-68.416159,-31.706971],[-68.417652,-31.706089],[-68.418809,-31.70549],[-68.419473,-31.705265],[-68.419741,-31.705174],[-68.420596,-31.70521],[-68.42117,-31.70499],[-68.421492,-31.704867],[-68.421495,-31.704826],[-68.421532,-31.704326],[-68.421502,-31.70343],[-68.42147,-31.702481],[-68.421388,-31.702117],[-68.421362,-31.702003],[-68.421374,-31.701964],[-68.421561,-31.701388],[-68.421588,-31.701305],[-68.421702,-31.701246],[-68.422149,-31.701019],[-68.422896,-31.700355],[-68.42279,-31.699687],[-68.422342,-31.699457],[-68.422241,-31.699406],[-68.422159,-31.699364],[-68.420992,-31.699344],[-68.420769,-31.69934],[-68.419704,-31.699321],[-68.418697,-31.699449],[-68.418042,-31.699532],[-68.417023,-31.699661],[-68.415121,-31.700098],[-68.413361,-31.699733],[-68.41308,-31.699674],[-68.412994,-31.699471],[-68.412823,-31.699069],[-68.413649,-31.697738],[-68.414152,-31.697402],[-68.414695,-31.697039],[-68.414714,-31.697019],[-68.415069,-31.696662],[-68.415335,-31.695865],[-68.415451,-31.695072],[-68.415123,-31.693894],[-68.414768,-31.693431],[-68.414754,-31.693414],[-68.414732,-31.693309],[-68.414539,-31.69243],[-68.414588,-31.691866],[-68.414755,-31.689912],[-68.414818,-31.689185],[-68.415689,-31.686993],[-68.415635,-31.686711],[-68.415569,-31.686367],[-68.415543,-31.68623],[-68.41466,-31.684986],[-68.414548,-31.68498],[-68.413395,-31.684917],[-68.411573,-31.684814],[-68.411571,-31.684774],[-68.411445,-31.682626],[-68.415179,-31.679564],[-68.414043,-31.675775],[-68.414435,-31.670821],[-68.408435,-31.671254],[-68.409769,-31.668484],[-68.409967,-31.667934],[-68.409907,-31.667465],[-68.409977,-31.666593],[-68.410122,-31.666376],[-68.410406,-31.666201],[-68.410561,-31.666128],[-68.41108,-31.666075],[-68.411632,-31.666059],[-68.412187,-31.666238],[-68.412375,-31.666341],[-68.412489,-31.666403],[-68.413112,-31.666968],[-68.413431,-31.667258],[-68.413484,-31.667312],[-68.414626,-31.668473],[-68.414669,-31.668869],[-68.41467,-31.66888],[-68.416421,-31.668847],[-68.416443,-31.668703],[-68.4169,-31.665746],[-68.416896,-31.665727],[-68.416634,-31.664406],[-68.416731,-31.663256],[-68.417381,-31.661699],[-68.417114,-31.660575],[-68.417592,-31.660234],[-68.417604,-31.660226],[-68.417667,-31.660304],[-68.417914,-31.660609],[-68.417996,-31.66071],[-68.41813,-31.661261],[-68.418239,-31.661388],[-68.418415,-31.66148],[-68.418456,-31.661501],[-68.41851,-31.661517],[-68.418759,-31.661587],[-68.418978,-31.661604],[-68.418989,-31.661605],[-68.419082,-31.661593],[-68.419301,-31.661564],[-68.419935,-31.661267],[-68.419988,-31.661242],[-68.420283,-31.66104],[-68.420478,-31.660906],[-68.420706,-31.66074],[-68.420907,-31.660592],[-68.421011,-31.6604],[-68.421159,-31.660124],[-68.421355,-31.65976],[-68.421525,-31.659175],[-68.421866,-31.658072],[-68.421962,-31.657535],[-68.42218,-31.656846],[-68.422244,-31.656184],[-68.422243,-31.656178],[-68.422128,-31.65577],[-68.421842,-31.654748],[-68.421694,-31.653976],[-68.422065,-31.653171],[-68.422254,-31.653016],[-68.422693,-31.652655],[-68.42294,-31.651899],[-68.422919,-31.650623],[-68.422943,-31.65053],[-68.423184,-31.649596],[-68.423449,-31.648433],[-68.423699,-31.647641],[-68.423683,-31.647599],[-68.42343,-31.646936],[-68.423413,-31.646847],[-68.423256,-31.645999],[-68.423123,-31.64528],[-68.423016,-31.644707],[-68.422398,-31.643753],[-68.422596,-31.643527],[-68.422825,-31.643268],[-68.423385,-31.643063],[-68.42343,-31.643048],[-68.423942,-31.64288],[-68.424334,-31.642571],[-68.42478,-31.641243],[-68.424662,-31.640701],[-68.424472,-31.64047],[-68.424372,-31.640348],[-68.423719,-31.639723],[-68.423643,-31.639683],[-68.423236,-31.639468],[-68.422803,-31.638677],[-68.422348,-31.637764],[-68.422085,-31.637141],[-68.421484,-31.63643],[-68.421534,-31.635934],[-68.422173,-31.634878],[-68.422173,-31.634877],[-68.422174,-31.634877],[-68.426036,-31.634512],[-68.427005,-31.63442],[-68.427223,-31.6344],[-68.427613,-31.634084],[-68.427811,-31.633924],[-68.427831,-31.633907],[-68.428468,-31.633368],[-68.428787,-31.632851],[-68.429159,-31.631396],[-68.429261,-31.630756],[-68.429435,-31.629905],[-68.429475,-31.629525],[-68.429563,-31.628701],[-68.429763,-31.62785],[-68.429719,-31.627437],[-68.429491,-31.627191],[-68.429234,-31.626914],[-68.428876,-31.626851],[-68.428693,-31.626519],[-68.428021,-31.62675],[-68.427298,-31.62673],[-68.427001,-31.62559],[-68.426717,-31.625403],[-68.426617,-31.625077],[-68.426658,-31.624751],[-68.426966,-31.624661],[-68.427929,-31.62463],[-68.428544,-31.623993],[-68.428729,-31.623542],[-68.429954,-31.62222],[-68.429993,-31.62126],[-68.43,-31.621083],[-68.430464,-31.620544],[-68.430544,-31.619907],[-68.430591,-31.619525],[-68.430476,-31.618654],[-68.430479,-31.61804],[-68.43048,-31.617969],[-68.430772,-31.61751],[-68.431748,-31.616955],[-68.432334,-31.616295],[-68.432508,-31.615403],[-68.43269,-31.614785],[-68.432906,-31.614052],[-68.433056,-31.613286],[-68.433066,-31.611645],[-68.433289,-31.610983],[-68.432514,-31.61052],[-68.432462,-31.610472],[-68.431959,-31.610021],[-68.431842,-31.609272],[-68.43185,-31.607964],[-68.431515,-31.607214],[-68.431568,-31.606615],[-68.432081,-31.605972],[-68.432309,-31.605784],[-68.432909,-31.605291],[-68.433161,-31.603817],[-68.434403,-31.60125],[-68.434415,-31.601225],[-68.435243,-31.600607],[-68.43613,-31.600238],[-68.43697,-31.599888],[-68.437386,-31.599538],[-68.437558,-31.598976],[-68.43771,-31.598147],[-68.437613,-31.59785],[-68.437519,-31.597564],[-68.437474,-31.597233],[-68.437448,-31.597045],[-68.437484,-31.596871],[-68.437573,-31.596441],[-68.438157,-31.596052],[-68.438976,-31.595757],[-68.43901,-31.595744],[-68.44098,-31.59486],[-68.441011,-31.594761],[-68.44118,-31.594205],[-68.441228,-31.59405],[-68.44119,-31.594019],[-68.440997,-31.593862],[-68.4403,-31.593292],[-68.439341,-31.592864],[-68.439199,-31.592237],[-68.439161,-31.59207],[-68.439723,-31.591],[-68.439913,-31.590639],[-68.440505,-31.59024],[-68.442962,-31.589406],[-68.442978,-31.589376],[-68.44305,-31.589238],[-68.443084,-31.589171],[-68.443266,-31.58893],[-68.443586,-31.588504],[-68.443934,-31.587631],[-68.44397,-31.587539],[-68.444037,-31.587327],[-68.445352,-31.58627],[-68.449391,-31.583099],[-68.447624,-31.5778],[-68.447603,-31.577737],[-68.446951,-31.578573],[-68.446896,-31.578519],[-68.446895,-31.578518],[-68.446296,-31.577903],[-68.445555,-31.577144],[-68.445183,-31.576762],[-68.443089,-31.571599],[-68.44251,-31.570192],[-68.442249,-31.569894],[-68.44215,-31.56978],[-68.440105,-31.565978],[-68.437986,-31.56204],[-68.436449,-31.559281],[-68.431537,-31.551176],[-68.421305,-31.55465],[-68.417422,-31.555973],[-68.414909,-31.554353],[-68.414583,-31.554143],[-68.414252,-31.553793],[-68.414245,-31.553764],[-68.41405,-31.552976],[-68.413256,-31.54727],[-68.413229,-31.547076],[-68.413321,-31.545593],[-68.413454,-31.543476],[-68.413497,-31.54256],[-68.41381,-31.539655],[-68.413924,-31.539087],[-68.414528,-31.53877],[-68.415137,-31.538633],[-68.416786,-31.538453],[-68.418114,-31.538443],[-68.417401,-31.537287],[-68.416302,-31.535508],[-68.416175,-31.535302],[-68.415099,-31.534615],[-68.415053,-31.534586],[-68.415004,-31.534545],[-68.414628,-31.534228],[-68.414275,-31.533771],[-68.413261,-31.53227],[-68.413079,-31.531997],[-68.412715,-31.531453],[-68.409456,-31.532445],[-68.408665,-31.533163],[-68.405854,-31.535576],[-68.405838,-31.535594],[-68.403184,-31.536875],[-68.400619,-31.540782],[-68.399998,-31.541167],[-68.395996,-31.542397],[-68.392787,-31.543691],[-68.392515,-31.543801],[-68.391668,-31.544473],[-68.39107,-31.545372],[-68.390119,-31.545837],[-68.389498,-31.546186],[-68.388887,-31.546954],[-68.388631,-31.547422],[-68.388557,-31.547962],[-68.388511,-31.548598],[-68.388311,-31.549382],[-68.3883,-31.549449],[-68.388296,-31.549469],[-68.388206,-31.550021],[-68.387751,-31.550777],[-68.387492,-31.551763],[-68.387673,-31.552269],[-68.388314,-31.553345],[-68.387728,-31.55438],[-68.387145,-31.55527],[-68.385117,-31.555855]]]]}},{"type":"Feature","id":"70007","properties":{"id":70007,"in1":"70007","departamento":"ALBARDON","nombre":"Albardón","fna":"Departamento Albardón","cabecera":"Villa San Martín","provincia":"SAN JUAN","fuente":"Instituto Geográfico Nacional (IGN)"},"geometry":{"type":"MultiPolygon","coordinates":[[[[-68.334304,-30.999425],[-68.334305,-31.099431],[-68.334307,-31.148693],[-68.334307,-31.149428],[-68.334306,-31.19943],[-68.334308,-31.294189],[-68.340308,-31.299405],[-68.350042,-31.305197],[-68.368794,-31.317786],[-68.372578,-31.320327],[-68.385748,-31.331055],[-68.387624,-31.332583],[-68.39239,-31.33767],[-68.403974,-31.350201],[-68.404504,-31.350775],[-68.406973,-31.353444],[-68.409102,-31.355738],[-68.409546,-31.356215],[-68.41063,-31.357405],[-68.410893,-31.357694],[-68.411265,-31.358103],[-68.411518,-31.358505],[-68.412805,-31.360838],[-68.413097,-31.361369],[-68.41324,-31.361625],[-68.417176,-31.368695],[-68.417558,-31.369383],[-68.420124,-31.373991],[-68.420126,-31.373994],[-68.425403,-31.383478],[-68.428931,-31.389817],[-68.433819,-31.39859],[-68.437428,-31.405056],[-68.438069,-31.406216],[-68.441877,-31.413108],[-68.442096,-31.413508],[-68.442214,-31.413709],[-68.444497,-31.416694],[-68.445173,-31.417596],[-68.446395,-31.419143],[-68.448368,-31.421718],[-68.448878,-31.422383],[-68.449034,-31.422465],[-68.449106,-31.422503],[-68.451054,-31.424512],[-68.451868,-31.425316],[-68.452422,-31.426591],[-68.452572,-31.426861],[-68.454665,-31.430616],[-68.454726,-31.430737],[-68.454752,-31.430841],[-68.456371,-31.439998],[-68.456615,-31.441385],[-68.457796,-31.448069],[-68.457949,-31.44894],[-68.457975,-31.448997],[-68.458041,-31.449061],[-68.459416,-31.449533],[-68.462705,-31.450663],[-68.465404,-31.451599],[-68.467418,-31.452287],[-68.468128,-31.452528],[-68.468236,-31.452566],[-68.468365,-31.452619],[-68.469382,-31.453092],[-68.469557,-31.453187],[-68.469681,-31.453264],[-68.469704,-31.453278],[-68.469775,-31.453337],[-68.470064,-31.453659],[-68.469322,-31.454018],[-68.468995,-31.454209],[-68.468557,-31.454519],[-68.468255,-31.45475],[-68.467898,-31.455038],[-68.466833,-31.455871],[-68.465401,-31.456982],[-68.464332,-31.457821],[-68.463328,-31.4586],[-68.463142,-31.458748],[-68.463023,-31.458833],[-68.462878,-31.458902],[-68.462712,-31.458968],[-68.46251,-31.459026],[-68.462251,-31.459052],[-68.460921,-31.459111],[-68.46031,-31.45914],[-68.460315,-31.459294],[-68.460341,-31.459784],[-68.460336,-31.460687],[-68.460328,-31.461392],[-68.460456,-31.461383],[-68.460562,-31.461356],[-68.460751,-31.463119],[-68.465539,-31.464918],[-68.4694,-31.466083],[-68.473447,-31.466476],[-68.474118,-31.466258],[-68.474868,-31.465907],[-68.475797,-31.465845],[-68.476288,-31.465744],[-68.476752,-31.46565],[-68.477219,-31.465232],[-68.477327,-31.465079],[-68.477686,-31.46457],[-68.478282,-31.46402],[-68.478639,-31.463902],[-68.478877,-31.463824],[-68.479188,-31.463383],[-68.479225,-31.463217],[-68.479347,-31.462654],[-68.480071,-31.461744],[-68.488488,-31.459338],[-68.50043,-31.456596],[-68.51195,-31.456757],[-68.518741,-31.457704],[-68.5202,-31.458119],[-68.530768,-31.461126],[-68.544836,-31.467102],[-68.556741,-31.47214],[-68.558189,-31.472574],[-68.568113,-31.475549],[-68.571987,-31.47846],[-68.58282,-31.482344],[-68.589479,-31.487443],[-68.599547,-31.491797],[-68.604188,-31.496865],[-68.607544,-31.498006],[-68.611824,-31.500618],[-68.61519,-31.501526],[-68.617134,-31.502366],[-68.621925,-31.503151],[-68.626717,-31.503678],[-68.629336,-31.504263],[-68.634657,-31.503444],[-68.636832,-31.502745],[-68.638257,-31.502428],[-68.640983,-31.50246],[-68.642091,-31.502473],[-68.642061,-31.502406],[-68.641748,-31.501716],[-68.641301,-31.500728],[-68.64094,-31.500189],[-68.640608,-31.499973],[-68.639653,-31.499355],[-68.634587,-31.496074],[-68.630693,-31.489998],[-68.625826,-31.479887],[-68.617099,-31.465887],[-68.617099,-31.465888],[-68.616745,-31.463282],[-68.615139,-31.459026],[-68.60524,-31.45065],[-68.603327,-31.42539],[-68.601453,-31.400657],[-68.595745,-31.385657],[-68.588613,-31.362461],[-68.587749,-31.359652],[-68.58231,-31.352816],[-68.566781,-31.333302],[-68.566078,-31.330792],[-68.565767,-31.329826],[-68.565374,-31.32849],[-68.564751,-31.326801],[-68.564114,-31.326113],[-68.563046,-31.325163],[-68.56268,-31.32481],[-68.56242,-31.324331],[-68.562443,-31.323844],[-68.562668,-31.322925],[-68.563226,-31.321842],[-68.56341,-31.321484],[-68.56376,-31.320845],[-68.563657,-31.320313],[-68.562638,-31.317982],[-68.561465,-31.314912],[-68.560436,-31.312536],[-68.560124,-31.311985],[-68.559162,-31.31108],[-68.558851,-31.310023],[-68.558725,-31.30966],[-68.558147,-31.307992],[-68.558352,-31.30682],[-68.558929,-31.304711],[-68.559292,-31.303423],[-68.559274,-31.302638],[-68.559068,-31.30188],[-68.558503,-31.301301],[-68.557739,-31.300883],[-68.555413,-31.299577],[-68.554135,-31.29886],[-68.552252,-31.297257],[-68.551752,-31.296245],[-68.551693,-31.293322],[-68.551848,-31.291483],[-68.551749,-31.29031],[-68.55149,-31.289434],[-68.550905,-31.288945],[-68.549314,-31.287767],[-68.548298,-31.287114],[-68.547884,-31.285958],[-68.547972,-31.285066],[-68.548564,-31.284328],[-68.549166,-31.283573],[-68.549443,-31.282726],[-68.549531,-31.281969],[-68.549538,-31.281813],[-68.549601,-31.280409],[-68.549743,-31.2793],[-68.549175,-31.277178],[-68.548092,-31.27538],[-68.547679,-31.273791],[-68.54763,-31.273051],[-68.547907,-31.272367],[-68.548423,-31.271936],[-68.549495,-31.271759],[-68.550433,-31.27114],[-68.550687,-31.270636],[-68.550637,-31.270149],[-68.550486,-31.268678],[-68.550057,-31.266187],[-68.549297,-31.264895],[-68.547677,-31.263275],[-68.546857,-31.262486],[-68.546642,-31.262279],[-68.546215,-31.261637],[-68.545695,-31.260481],[-68.545112,-31.259586],[-68.543508,-31.256856],[-68.545049,-31.255211],[-68.546208,-31.254341],[-68.547336,-31.253505],[-68.548389,-31.252725],[-68.549495,-31.251926],[-68.549928,-31.25126],[-68.549964,-31.250476],[-68.549326,-31.249896],[-68.548445,-31.249713],[-68.547543,-31.249475],[-68.546916,-31.24914],[-68.546098,-31.248703],[-68.545806,-31.248269],[-68.545651,-31.247737],[-68.545739,-31.247051],[-68.546362,-31.246224],[-68.546547,-31.246005],[-68.546827,-31.245675],[-68.547533,-31.24501],[-68.546999,-31.244684],[-68.546551,-31.244087],[-68.546298,-31.24389],[-68.546017,-31.24367],[-68.545273,-31.243415],[-68.543586,-31.242868],[-68.542293,-31.241051],[-68.541658,-31.239867],[-68.538923,-31.23468],[-68.538626,-31.233749],[-68.538489,-31.233317],[-68.538681,-31.232623],[-68.538908,-31.231271],[-68.539397,-31.229875],[-68.540069,-31.227739],[-68.540296,-31.226378],[-68.53954,-31.224355],[-68.538874,-31.223036],[-68.538861,-31.222931],[-68.538632,-31.221123],[-68.538293,-31.219652],[-68.538382,-31.218597],[-68.53829,-31.217758],[-68.538241,-31.217307],[-68.537891,-31.216856],[-68.537448,-31.216285],[-68.536605,-31.214974],[-68.536473,-31.214117],[-68.536605,-31.213947],[-68.537096,-31.213316],[-68.537027,-31.212306],[-68.536525,-31.212069],[-68.535678,-31.211282],[-68.535047,-31.210424],[-68.534407,-31.209554],[-68.534211,-31.208533],[-68.534171,-31.208327],[-68.535878,-31.206845],[-68.537139,-31.206552],[-68.539953,-31.206156],[-68.540522,-31.205797],[-68.540987,-31.205014],[-68.541179,-31.204302],[-68.540995,-31.203454],[-68.539771,-31.202638],[-68.537995,-31.2009],[-68.537531,-31.199356],[-68.537981,-31.197427],[-68.53804,-31.195976],[-68.537526,-31.193854],[-68.537198,-31.192383],[-68.5377,-31.190428],[-68.537706,-31.189147],[-68.537707,-31.18682],[-68.53831,-31.185785],[-68.538436,-31.183693],[-68.538662,-31.182386],[-68.539134,-31.180295],[-68.539068,-31.178798],[-68.538983,-31.176867],[-68.538439,-31.174331],[-68.538058,-31.172904],[-68.537663,-31.172191],[-68.536737,-31.1706],[-68.536429,-31.169264],[-68.536448,-31.167532],[-68.536601,-31.16618],[-68.536368,-31.164501],[-68.535987,-31.163183],[-68.535251,-31.161359],[-68.534305,-31.159588],[-68.533047,-31.157319],[-68.532068,-31.155963],[-68.530588,-31.154135],[-68.530949,-31.15319],[-68.532508,-31.151779],[-68.532231,-31.150416],[-68.531498,-31.148114],[-68.53165,-31.147167],[-68.532037,-31.145076],[-68.532075,-31.143814],[-68.531969,-31.141901],[-68.53184,-31.140476],[-68.530928,-31.138191],[-68.530432,-31.136764],[-68.530022,-31.13494],[-68.529902,-31.13365],[-68.529767,-31.131242],[-68.529648,-31.129834],[-68.529218,-31.127713],[-68.528415,-31.12688],[-68.5264,-31.125258],[-68.52564,-31.124101],[-68.525021,-31.122079],[-68.524283,-31.120831],[-68.523098,-31.118915],[-68.522495,-31.117713],[-68.521574,-31.115455],[-68.520416,-31.114341],[-68.518989,-31.112378],[-68.518616,-31.111637],[-68.517734,-31.109812],[-68.516894,-31.108032],[-68.51592,-31.105801],[-68.515508,-31.104374],[-68.515027,-31.102136],[-68.514287,-31.101141],[-68.512429,-31.099655],[-68.512362,-31.098419],[-68.513453,-31.096285],[-68.514025,-31.095133],[-68.513993,-31.092995],[-68.513999,-31.091823],[-68.514932,-31.089806],[-68.515073,-31.088814],[-68.51528,-31.087228],[-68.515233,-31.086262],[-68.515511,-31.085118],[-68.515564,-31.082999],[-68.515947,-31.08181],[-68.516588,-31.079395],[-68.516248,-31.078383],[-68.514526,-31.076988],[-68.514322,-31.075742],[-68.514773,-31.073724],[-68.514738,-31.072208],[-68.514383,-31.069952],[-68.514213,-31.06831],[-68.514978,-31.066338],[-68.516361,-31.064305],[-68.516691,-31.063269],[-68.516307,-31.062509],[-68.515828,-31.061903],[-68.515224,-31.061234],[-68.514401,-31.060329],[-68.514006,-31.059597],[-68.513753,-31.057846],[-68.51353,-31.056366],[-68.51326,-31.05393],[-68.513089,-31.052477],[-68.512765,-31.050221],[-68.512407,-31.048614],[-68.511674,-31.046537],[-68.511395,-31.045778],[-68.511156,-31.045245],[-68.510709,-31.044639],[-68.510523,-31.044178],[-68.510422,-31.043492],[-68.510435,-31.042843],[-68.509941,-31.041281],[-68.509362,-31.039781],[-68.509018,-31.03932],[-68.508446,-31.038651],[-68.507759,-31.037791],[-68.507021,-31.036706],[-68.506815,-31.035902],[-68.506767,-31.035072],[-68.506807,-31.033458],[-68.506929,-31.032241],[-68.506828,-31.031366],[-68.506501,-31.029867],[-68.506298,-31.028676],[-68.506183,-31.026484],[-68.506099,-31.024526],[-68.50593,-31.02283],[-68.505838,-31.02237],[-68.505634,-31.021341],[-68.504799,-31.019394],[-68.503274,-31.015839],[-68.502901,-31.015143],[-68.502415,-31.013878],[-68.501887,-31.012812],[-68.50096,-31.01187],[-68.500676,-31.011233],[-68.500473,-31.010777],[-68.500366,-31.00912],[-68.500057,-31.004354],[-68.499425,-31.003025],[-68.496861,-31.000715],[-68.49635,-31.000307],[-68.495785,-31.000242],[-68.495229,-31.000384],[-68.494694,-31.000626],[-68.494221,-31.000903],[-68.493727,-31.001343],[-68.492872,-31.001486],[-68.492134,-31.001057],[-68.491621,-31.000495],[-68.491141,-30.999295],[-68.49078,-30.998337],[-68.491118,-30.997671],[-68.491749,-30.997295],[-68.492149,-30.996764],[-68.492298,-30.996323],[-68.493493,-30.994199],[-68.493778,-30.99365],[-68.493791,-30.993118],[-68.493666,-30.992524],[-68.493618,-30.992296],[-68.493265,-30.991772],[-68.492672,-30.990931],[-68.491891,-30.990116],[-68.490756,-30.989029],[-68.489516,-30.987969],[-68.488005,-30.986655],[-68.486983,-30.985939],[-68.486524,-30.985639],[-68.485846,-30.985005],[-68.483299,-30.981802],[-68.482526,-30.981447],[-68.479168,-30.9811],[-68.477183,-30.980244],[-68.476117,-30.979942],[-68.475018,-30.979884],[-68.47369,-30.979734],[-68.473077,-30.979644],[-68.471985,-30.979483],[-68.47094,-30.9791],[-68.469467,-30.978454],[-68.468685,-30.978009],[-68.468122,-30.977646],[-68.46761,-30.977355],[-68.466537,-30.976476],[-68.465245,-30.975433],[-68.464275,-30.974662],[-68.46341,-30.974009],[-68.462524,-30.973419],[-68.461752,-30.972884],[-68.460887,-30.972177],[-68.460273,-30.971687],[-68.459855,-30.971381],[-68.459678,-30.971252],[-68.458897,-30.970554],[-68.45617,-30.9679],[-68.455013,-30.966948],[-68.45394,-30.966204],[-68.453157,-30.965831],[-68.452489,-30.965494],[-68.451851,-30.965338],[-68.449686,-30.965013],[-68.448921,-30.964823],[-68.448913,-30.964821],[-68.448223,-30.964619],[-68.447628,-30.964355],[-68.446961,-30.963901],[-68.446096,-30.963311],[-68.445585,-30.963021],[-68.445105,-30.96273],[-68.444541,-30.962484],[-68.443789,-30.962174],[-68.443257,-30.961928],[-68.442484,-30.961672],[-68.435506,-30.959351],[-68.434995,-30.959033],[-68.434318,-30.958453],[-68.432193,-30.956847],[-68.430744,-30.955786],[-68.429482,-30.955113],[-68.428522,-30.954567],[-68.427426,-30.954174],[-68.425526,-30.953363],[-68.425037,-30.95282],[-68.424429,-30.951293],[-68.423656,-30.949305],[-68.423723,-30.94862],[-68.42437,-30.947099],[-68.424753,-30.946063],[-68.425008,-30.945442],[-68.425137,-30.94491],[-68.427942,-30.934199],[-68.427956,-30.933721],[-68.427678,-30.932917],[-68.426459,-30.93077],[-68.425732,-30.92949],[-68.33431,-30.929928],[-68.33431,-30.930433],[-68.334304,-30.946439],[-68.334303,-30.949426],[-68.334304,-30.999425]]]]}},{"type":"Feature","id":"70014","properties":{"id":70014,"in1":"70014","departamento":"ANGACO","nombre":"Angaco","fna":"Departamento Angaco","cabecera":"Villa del Salvador","provincia":"SAN JUAN","fuente":"Instituto Geográfico Nacional (IGN)"},"geometry":{"type":"MultiPolygon","coordinates":[[[[-67.875254,-30.930697],[-67.874142,-30.93217],[-67.828174,-30.993084],[-67.813713,-31.012246],[-67.86759,-31.058797],[-67.868378,-31.060365],[-67.86893,-31.061524],[-67.869101,-31.062148],[-67.869,-31.06276],[-67.868905,-31.063679],[-67.868962,-31.064139],[-67.869621,-31.065137],[-67.870127,-31.065773],[-67.87054,-31.066318],[-67.870951,-31.066962],[-67.871226,-31.06764],[-67.871448,-31.068355],[-67.871321,-31.06931],[-67.871575,-31.070043],[-67.87143,-31.070781],[-67.870832,-31.071723],[-67.870595,-31.072253],[-67.870155,-31.073151],[-67.870083,-31.073908],[-67.87071,-31.074977],[-67.871257,-31.07564],[-67.873018,-31.076467],[-67.87356,-31.076761],[-67.874279,-31.077029],[-67.874977,-31.077431],[-67.875786,-31.078106],[-67.878107,-31.080309],[-67.879161,-31.08158],[-67.880491,-31.083423],[-67.881493,-31.084694],[-67.882365,-31.086289],[-67.88265,-31.087013],[-67.88276,-31.087447],[-67.88266,-31.087906],[-67.882468,-31.089167],[-67.882555,-31.089745],[-67.882845,-31.091867],[-67.882998,-31.093104],[-67.883222,-31.093674],[-67.884095,-31.095178],[-67.884421,-31.09602],[-67.884441,-31.09694],[-67.884151,-31.097533],[-67.8835,-31.098528],[-67.882949,-31.09911],[-67.88235,-31.100123],[-67.882332,-31.100737],[-67.882505,-31.101216],[-67.882909,-31.10158],[-67.884445,-31.102892],[-67.886061,-31.104485],[-67.887011,-31.105773],[-67.888154,-31.107524],[-67.889074,-31.108596],[-67.891492,-31.109825],[-67.892902,-31.110207],[-67.893989,-31.11138],[-67.894828,-31.112289],[-67.895364,-31.113015],[-67.895692,-31.113676],[-67.895832,-31.114291],[-67.89595,-31.114932],[-67.896287,-31.115729],[-67.896508,-31.116506],[-67.896572,-31.1174],[-67.896629,-31.117833],[-67.897047,-31.11891],[-67.897081,-31.119595],[-67.897117,-31.120074],[-67.8966,-31.121269],[-67.896499,-31.121827],[-67.896343,-31.123593],[-67.896352,-31.124595],[-67.896258,-31.125442],[-67.895976,-31.126251],[-67.895945,-31.12717],[-67.895813,-31.127674],[-67.895645,-31.128593],[-67.895499,-31.129484],[-67.895455,-31.130521],[-67.895383,-31.131323],[-67.895344,-31.131963],[-67.895302,-31.132901],[-67.895368,-31.133497],[-67.895562,-31.133994],[-67.896105,-31.135045],[-67.896515,-31.135914],[-67.896911,-31.137027],[-67.897163,-31.137895],[-67.897196,-31.138608],[-67.897071,-31.139454],[-67.896773,-31.140724],[-67.896185,-31.142676],[-67.895232,-31.144309],[-67.894811,-31.145369],[-67.894772,-31.146036],[-67.894814,-31.146948],[-67.894901,-31.147571],[-67.894565,-31.148533],[-67.894236,-31.149793],[-67.894204,-31.150667],[-67.895192,-31.15137],[-67.896736,-31.151212],[-67.897699,-31.151337],[-67.898348,-31.152344],[-67.899278,-31.153587],[-67.90005,-31.153901],[-67.900539,-31.154221],[-67.901249,-31.155444],[-67.901548,-31.155853],[-67.902403,-31.156284],[-67.90369,-31.156565],[-67.904306,-31.156769],[-67.905161,-31.157173],[-67.906128,-31.157894],[-67.90651,-31.158438],[-67.906989,-31.158749],[-67.907523,-31.158834],[-67.908142,-31.158786],[-67.908916,-31.158936],[-67.909365,-31.159166],[-67.909749,-31.159476],[-67.910107,-31.160272],[-67.910148,-31.161328],[-67.910245,-31.162889],[-67.910212,-31.163917],[-67.910086,-31.164881],[-67.909694,-31.165247],[-67.908645,-31.166158],[-67.907323,-31.167067],[-67.906484,-31.16797],[-67.905081,-31.168734],[-67.903814,-31.169418],[-67.901441,-31.170588],[-67.900565,-31.171031],[-67.900035,-31.171514],[-67.899438,-31.172393],[-67.899168,-31.173905],[-67.898967,-31.174968],[-67.898732,-31.175381],[-67.898098,-31.175799],[-67.89766,-31.17649],[-67.897871,-31.178142],[-67.897648,-31.179331],[-67.897204,-31.180481],[-67.897038,-31.181237],[-67.897446,-31.182242],[-67.897984,-31.18286],[-67.9005,-31.18482],[-67.903038,-31.18578],[-67.904488,-31.186478],[-67.906638,-31.187461],[-67.907764,-31.188111],[-67.908364,-31.188837],[-67.909121,-31.18961],[-67.910109,-31.190331],[-67.9105,-31.191011],[-67.911163,-31.192676],[-67.911007,-31.193486],[-67.910296,-31.194157],[-67.909358,-31.195447],[-67.908678,-31.196145],[-67.908238,-31.197043],[-67.907541,-31.198354],[-67.907799,-31.19961],[-67.908051,-31.200568],[-67.908147,-31.202192],[-67.908055,-31.202949],[-67.907397,-31.20362],[-67.906554,-31.203928],[-67.905791,-31.204535],[-67.905555,-31.204975],[-67.90533,-31.206326],[-67.905389,-31.208455],[-67.905405,-31.209808],[-67.905599,-31.212073],[-67.905943,-31.213194],[-67.906429,-31.213829],[-67.907223,-31.215099],[-67.907654,-31.215923],[-67.907773,-31.216537],[-67.90699,-31.217965],[-67.90668,-31.218476],[-67.906474,-31.219052],[-67.906433,-31.219872],[-67.90699,-31.221653],[-67.907653,-31.223318],[-67.908379,-31.224984],[-67.908571,-31.225644],[-67.908762,-31.226358],[-67.90846,-31.227068],[-67.907458,-31.228385],[-67.906362,-31.229656],[-67.906074,-31.230051],[-67.90608,-31.230484],[-67.906415,-31.23147],[-67.906389,-31.233688],[-67.90634,-31.235266],[-67.906045,-31.23713],[-67.906409,-31.23836],[-67.909,-31.242179],[-67.909432,-31.242886],[-67.909124,-31.244128],[-67.908467,-31.244681],[-67.908103,-31.245282],[-67.907822,-31.246046],[-67.907866,-31.24675],[-67.908141,-31.24751],[-67.908441,-31.247873],[-67.908426,-31.249154],[-67.907715,-31.249842],[-67.90711,-31.250423],[-67.90686,-31.251161],[-67.90679,-31.251782],[-67.906325,-31.252978],[-67.905437,-31.254359],[-67.905132,-31.255349],[-67.904902,-31.256149],[-67.904728,-31.256725],[-67.904476,-31.257652],[-67.90448,-31.258193],[-67.904946,-31.258738],[-67.905378,-31.25949],[-67.90554,-31.259997],[-67.90543,-31.261322],[-67.905336,-31.262196],[-67.905455,-31.262837],[-67.906006,-31.264203],[-67.90618,-31.265485],[-67.906192,-31.266288],[-67.906078,-31.267045],[-67.905955,-31.267738],[-67.905475,-31.268356],[-67.904773,-31.269189],[-67.903875,-31.269677],[-67.903569,-31.270667],[-67.904025,-31.271167],[-67.904961,-31.272924],[-67.905681,-31.273282],[-67.907021,-31.273636],[-67.908142,-31.273853],[-67.908788,-31.274274],[-67.909464,-31.274838],[-67.910138,-31.275548],[-67.911249,-31.27663],[-67.911713,-31.27741],[-67.912406,-31.279255],[-67.912949,-31.281334],[-67.913296,-31.283159],[-67.913511,-31.283594],[-67.914505,-31.283927],[-67.91583,-31.283776],[-67.916765,-31.28372],[-67.918055,-31.283893],[-67.919063,-31.283875],[-67.92005,-31.283865],[-67.921241,-31.283487],[-67.921967,-31.28334],[-67.922787,-31.283266],[-67.923917,-31.283618],[-67.924481,-31.283884],[-67.925879,-31.284762],[-67.926503,-31.28529],[-67.927101,-31.286215],[-67.927406,-31.287128],[-67.928175,-31.288794],[-67.928775,-31.289593],[-67.929208,-31.290273],[-67.929434,-31.290708],[-67.92918,-31.291878],[-67.928605,-31.292567],[-67.927998,-31.293266],[-67.927554,-31.293524],[-67.92713,-31.29389],[-67.926819,-31.294446],[-67.926624,-31.29587],[-67.926604,-31.2977],[-67.926704,-31.299072],[-67.926778,-31.30084],[-67.926984,-31.302095],[-67.92732,-31.303099],[-67.92764,-31.303553],[-67.928369,-31.304118],[-67.9287,-31.304554],[-67.92884,-31.305213],[-67.928504,-31.306085],[-67.928195,-31.306507],[-67.927853,-31.306991],[-67.927701,-31.307467],[-67.927685,-31.307909],[-67.928828,-31.309957],[-67.930112,-31.311591],[-67.931274,-31.312881],[-67.931173,-31.313413],[-67.93127,-31.314144],[-67.931312,-31.315055],[-67.931346,-31.315795],[-67.932093,-31.317596],[-67.9323,-31.318761],[-67.932679,-31.319621],[-67.933602,-31.320693],[-67.934172,-31.321374],[-67.934399,-31.321781],[-67.93465,-31.322766],[-67.93465,-31.32374],[-67.934409,-31.324577],[-67.934098,-31.325107],[-67.933975,-31.325773],[-67.933738,-31.326348],[-67.933239,-31.326813],[-67.932634,-31.327322],[-67.932407,-31.327924],[-67.932275,-31.328446],[-67.93231,-31.329024],[-67.932263,-31.329483],[-67.93196,-31.330311],[-67.931513,-31.330767],[-67.93117,-31.331368],[-67.930934,-31.331808],[-67.930872,-31.332655],[-67.93026,-31.332912],[-67.930713,-31.333745],[-67.931102,-31.334623],[-67.93149,-31.335601],[-67.931743,-31.336441],[-67.931518,-31.336836],[-67.931822,-31.338805],[-67.932004,-31.339374],[-67.932679,-31.340084],[-67.933845,-31.341031],[-67.934586,-31.341515],[-67.935117,-31.34198],[-67.935299,-31.342549],[-67.935221,-31.34391],[-67.935194,-31.34446],[-67.935157,-31.34492],[-67.935191,-31.345624],[-67.935609,-31.346736],[-67.937155,-31.347633],[-67.93772,-31.347845],[-67.938212,-31.347966],[-67.942253,-31.34938],[-67.944105,-31.350098],[-67.945628,-31.351103],[-67.946043,-31.351548],[-67.946393,-31.352164],[-67.947022,-31.353261],[-67.947579,-31.354212],[-67.948253,-31.355038],[-67.949814,-31.356386],[-67.950177,-31.356858],[-67.951557,-31.358402],[-67.952262,-31.359274],[-67.952801,-31.359964],[-67.953695,-31.360855],[-67.955575,-31.362863],[-67.956659,-31.363747],[-67.957532,-31.364611],[-67.958467,-31.364672],[-67.958936,-31.365028],[-67.959384,-31.365338],[-67.960283,-31.365832],[-67.961359,-31.366418],[-67.961414,-31.367104],[-67.961604,-31.367971],[-67.962175,-31.36867],[-67.96285,-31.369424],[-67.965674,-31.371585],[-67.967591,-31.373196],[-67.969902,-31.375217],[-67.96964,-31.376099],[-67.968537,-31.377001],[-67.967648,-31.37758],[-67.967031,-31.378224],[-67.966551,-31.378924],[-67.965996,-31.379632],[-67.966139,-31.381031],[-67.966484,-31.382143],[-67.96661,-31.383145],[-67.966414,-31.383729],[-67.96466,-31.384581],[-67.963512,-31.384734],[-67.963349,-31.384826],[-67.962338,-31.385392],[-67.961771,-31.385802],[-67.961461,-31.386701],[-67.96201,-31.38841],[-67.962487,-31.389974],[-67.963392,-31.391803],[-67.964652,-31.392959],[-67.964715,-31.393879],[-67.964099,-31.394424],[-67.963549,-31.394763],[-67.96281,-31.395018],[-67.962769,-31.395866],[-67.962685,-31.396453],[-67.962621,-31.396902],[-67.963042,-31.397852],[-67.964186,-31.399016],[-67.965661,-31.399695],[-67.967167,-31.400365],[-67.967382,-31.400908],[-67.96742,-31.401341],[-67.967129,-31.401952],[-67.966143,-31.402693],[-67.964824,-31.403142],[-67.962797,-31.403856],[-67.960147,-31.403916],[-67.956883,-31.403348],[-67.95424,-31.403687],[-67.949794,-31.403597],[-67.946541,-31.403904],[-67.938305,-31.40233],[-67.938294,-31.403268],[-67.93835,-31.403936],[-67.938428,-31.404486],[-67.938537,-31.405119],[-67.938534,-31.406273],[-67.939875,-31.407646],[-67.942153,-31.408954],[-67.944211,-31.410125],[-67.944886,-31.410862],[-67.946503,-31.412976],[-67.947668,-31.415051],[-67.949405,-31.416761],[-67.951457,-31.418554],[-67.951892,-31.419135],[-67.952245,-31.420526],[-67.952633,-31.421504],[-67.953251,-31.422717],[-67.95431,-31.422987],[-67.956037,-31.422812],[-67.95704,-31.422414],[-67.957704,-31.422284],[-67.958364,-31.421595],[-67.959157,-31.421205],[-67.960223,-31.421809],[-67.960454,-31.422749],[-67.961182,-31.423566],[-67.962802,-31.424436],[-67.963414,-31.424261],[-67.964377,-31.4237],[-67.965376,-31.422725],[-67.966614,-31.422068],[-67.967895,-31.421312],[-67.96936,-31.420034],[-67.970913,-31.419361],[-67.971899,-31.41862],[-67.973857,-31.417482],[-67.974784,-31.417381],[-67.975676,-31.417514],[-67.976686,-31.418469],[-67.977913,-31.420743],[-67.979119,-31.422042],[-67.98061,-31.423208],[-67.982498,-31.424621],[-67.983984,-31.426247],[-67.985411,-31.42753],[-67.98652,-31.429126],[-67.987454,-31.430261],[-67.989412,-31.432017],[-67.991085,-31.432977],[-67.99232,-31.433573],[-67.993836,-31.433458],[-67.994975,-31.433098],[-67.997284,-31.432593],[-68.001965,-31.432512],[-68.004288,-31.433203],[-68.004361,-31.433225],[-68.005007,-31.434073],[-68.006778,-31.437176],[-68.010198,-31.439028],[-68.013603,-31.442288],[-68.014109,-31.442501],[-68.018007,-31.444148],[-68.021585,-31.44684],[-68.022362,-31.450783],[-68.025199,-31.452607],[-68.025222,-31.452658],[-68.022204,-31.455394],[-68.018319,-31.458918],[-68.019307,-31.461987],[-68.026341,-31.461982],[-68.221866,-31.461832],[-68.230739,-31.461831],[-68.265136,-31.461829],[-68.287776,-31.461687],[-68.294222,-31.461666],[-68.296568,-31.461663],[-68.302077,-31.461657],[-68.307259,-31.461652],[-68.309672,-31.461653],[-68.312556,-31.461669],[-68.317949,-31.461704],[-68.321371,-31.46175],[-68.321635,-31.461769],[-68.323346,-31.461758],[-68.329765,-31.461802],[-68.334559,-31.461842],[-68.337337,-31.461834],[-68.340251,-31.461879],[-68.342421,-31.461997],[-68.344139,-31.462115],[-68.34438,-31.462126],[-68.344855,-31.462116],[-68.345089,-31.462123],[-68.345379,-31.462154],[-68.348263,-31.462495],[-68.348745,-31.462575],[-68.351281,-31.462779],[-68.35411,-31.463022],[-68.356425,-31.463207],[-68.356487,-31.463212],[-68.356984,-31.463231],[-68.35741,-31.463236],[-68.360992,-31.463157],[-68.364626,-31.463107],[-68.365334,-31.463072],[-68.366451,-31.462919],[-68.366547,-31.462906],[-68.370654,-31.462361],[-68.371043,-31.462312],[-68.372351,-31.462182],[-68.375568,-31.461917],[-68.378385,-31.46175],[-68.379852,-31.461666],[-68.380696,-31.461661],[-68.382438,-31.46165],[-68.382867,-31.461707],[-68.383946,-31.461941],[-68.384376,-31.462034],[-68.388787,-31.463086],[-68.392896,-31.46423],[-68.393438,-31.464387],[-68.393882,-31.464512],[-68.394221,-31.464572],[-68.394676,-31.464645],[-68.394936,-31.464676],[-68.3954,-31.464694],[-68.39793,-31.464564],[-68.399517,-31.4645],[-68.400471,-31.46445],[-68.40109,-31.464362],[-68.404787,-31.463853],[-68.406145,-31.463636],[-68.408273,-31.463368],[-68.409518,-31.463199],[-68.410823,-31.462998],[-68.411699,-31.462831],[-68.414156,-31.462333],[-68.414712,-31.462232],[-68.415285,-31.462128],[-68.415885,-31.462036],[-68.420967,-31.461309],[-68.423183,-31.460994],[-68.424464,-31.460825],[-68.427252,-31.460535],[-68.431087,-31.460156],[-68.431625,-31.460102],[-68.432609,-31.460005],[-68.437213,-31.459532],[-68.43921,-31.459319],[-68.44219,-31.459],[-68.443769,-31.458874],[-68.444385,-31.458834],[-68.444718,-31.458812],[-68.445294,-31.458791],[-68.445923,-31.458756],[-68.447863,-31.4586],[-68.44828,-31.45857],[-68.448785,-31.458538],[-68.450748,-31.458451],[-68.452707,-31.45837],[-68.453252,-31.458352],[-68.453773,-31.458352],[-68.454006,-31.458367],[-68.454493,-31.458415],[-68.455475,-31.458555],[-68.45643,-31.458675],[-68.457698,-31.458807],[-68.457927,-31.458816],[-68.45825,-31.45885],[-68.458515,-31.458901],[-68.458654,-31.458946],[-68.458687,-31.458957],[-68.458823,-31.459026],[-68.458927,-31.459106],[-68.458954,-31.459203],[-68.46031,-31.45914],[-68.460921,-31.459111],[-68.462251,-31.459052],[-68.46251,-31.459026],[-68.462712,-31.458968],[-68.462878,-31.458902],[-68.463023,-31.458833],[-68.463142,-31.458748],[-68.463328,-31.4586],[-68.464332,-31.457821],[-68.465401,-31.456982],[-68.466833,-31.455871],[-68.467898,-31.455038],[-68.468255,-31.45475],[-68.468557,-31.454519],[-68.468995,-31.454209],[-68.469322,-31.454018],[-68.470064,-31.453659],[-68.469775,-31.453337],[-68.469704,-31.453278],[-68.469681,-31.453264],[-68.469557,-31.453187],[-68.469382,-31.453092],[-68.468365,-31.452619],[-68.468236,-31.452566],[-68.468128,-31.452528],[-68.467418,-31.452287],[-68.465404,-31.451599],[-68.462705,-31.450663],[-68.459416,-31.449533],[-68.458041,-31.449061],[-68.457975,-31.448997],[-68.457949,-31.44894],[-68.457796,-31.448069],[-68.456615,-31.441385],[-68.456371,-31.439998],[-68.454752,-31.430841],[-68.454726,-31.430737],[-68.454665,-31.430616],[-68.452572,-31.426861],[-68.452422,-31.426591],[-68.451868,-31.425316],[-68.451054,-31.424512],[-68.449106,-31.422503],[-68.449034,-31.422465],[-68.448878,-31.422383],[-68.448368,-31.421718],[-68.446395,-31.419143],[-68.445173,-31.417596],[-68.444497,-31.416694],[-68.442214,-31.413709],[-68.442096,-31.413508],[-68.441877,-31.413108],[-68.438069,-31.406216],[-68.437428,-31.405056],[-68.433819,-31.39859],[-68.428931,-31.389817],[-68.425403,-31.383478],[-68.420126,-31.373994],[-68.420124,-31.373991],[-68.417558,-31.369383],[-68.417176,-31.368695],[-68.41324,-31.361625],[-68.413097,-31.361369],[-68.412805,-31.360838],[-68.411518,-31.358505],[-68.411265,-31.358103],[-68.410893,-31.357694],[-68.41063,-31.357405],[-68.409546,-31.356215],[-68.409102,-31.355738],[-68.406973,-31.353444],[-68.404504,-31.350775],[-68.403974,-31.350201],[-68.39239,-31.33767],[-68.387624,-31.332583],[-68.385748,-31.331055],[-68.372578,-31.320327],[-68.368794,-31.317786],[-68.350042,-31.305197],[-68.340308,-31.299405],[-68.334308,-31.294189],[-68.334306,-31.19943],[-68.334307,-31.149428],[-68.334307,-31.148693],[-68.334305,-31.099431],[-68.334304,-30.999425],[-68.334303,-30.949426],[-68.334304,-30.946439],[-68.33431,-30.930433],[-68.33431,-30.929928],[-68.299996,-30.929986],[-68.005762,-30.930478],[-67.875254,-30.930697]]]]}},{"type":"Feature","id":"70021","properties":{"id":70021,"in1":"70021","departamento":"CALINGASTA","nombre":"Calingasta","fna":"Departamento Calingasta","cabecera":"Tamberías","provincia":"SAN JUAN","fuente":"Instituto Geográfico Nacional (IGN)"},"geometry":{"type":"MultiPolygon","coordinates":[[[[-69.88942,-30.274359],[-69.888659,-30.274464],[-69.888192,-30.274359],[-69.887655,-30.273923],[-69.886803,-30.273845],[-69.88606,-30.273702],[-69.885708,-30.273626],[-69.885423,-30.273464],[-69.885128,-30.273236],[-69.884833,-30.272941],[-69.884699,-30.272845],[-69.884509,-30.272807],[-69.884338,-30.272836],[-69.88409,-30.272865],[-69.883881,-30.272817],[-69.883671,-30.272665],[-69.883525,-30.272307],[-69.883216,-30.272498],[-69.882995,-30.272587],[-69.882326,-30.272856],[-69.881592,-30.273312],[-69.880922,-30.273965],[-69.880419,-30.274663],[-69.880125,-30.275432],[-69.879697,-30.276409],[-69.879123,-30.277333],[-69.87852,-30.278456],[-69.877852,-30.279227],[-69.876944,-30.279982],[-69.875859,-30.280765],[-69.874181,-30.281371],[-69.872182,-30.282079],[-69.866271,-30.283625],[-69.864649,-30.28359],[-69.862629,-30.283152],[-69.861144,-30.283207],[-69.858424,-30.283586],[-69.857137,-30.28382],[-69.855579,-30.28392],[-69.853083,-30.283675],[-69.851493,-30.283776],[-69.851067,-30.283878],[-69.84918,-30.284332],[-69.847762,-30.284927],[-69.838588,-30.289009],[-69.834363,-30.289686],[-69.833421,-30.29017],[-69.831479,-30.291517],[-69.831267,-30.292348],[-69.829975,-30.294377],[-69.829506,-30.295517],[-69.825651,-30.308043],[-69.825317,-30.3092],[-69.822957,-30.319137],[-69.822673,-30.321231],[-69.823703,-30.327503],[-69.823646,-30.32817],[-69.822645,-30.336448],[-69.822901,-30.338449],[-69.822713,-30.339623],[-69.822958,-30.345331],[-69.825369,-30.347526],[-69.826678,-30.3486],[-69.825395,-30.353127],[-69.825464,-30.356446],[-69.823499,-30.360211],[-69.827231,-30.368612],[-69.817573,-30.384277],[-69.816284,-30.388164],[-69.812952,-30.394219],[-69.812389,-30.397767],[-69.812594,-30.401221],[-69.81271,-30.402708],[-69.811192,-30.405334],[-69.808235,-30.407697],[-69.807277,-30.40829],[-69.804125,-30.410239],[-69.801736,-30.412094],[-69.799741,-30.413721],[-69.795982,-30.414745],[-69.79178,-30.415149],[-69.788268,-30.415757],[-69.784678,-30.417131],[-69.780504,-30.419682],[-69.782033,-30.422189],[-69.782208,-30.432372],[-69.781875,-30.433736],[-69.778102,-30.438332],[-69.777808,-30.439299],[-69.776512,-30.4413],[-69.775873,-30.442115],[-69.768217,-30.446914],[-69.765167,-30.450874],[-69.764833,-30.452121],[-69.763316,-30.457821],[-69.762791,-30.460007],[-69.762356,-30.461552],[-69.762059,-30.462293],[-69.76118,-30.46302],[-69.759998,-30.463595],[-69.758793,-30.464035],[-69.756852,-30.464876],[-69.755235,-30.465733],[-69.753443,-30.467016],[-69.752514,-30.468112],[-69.751425,-30.469968],[-69.751061,-30.471332],[-69.750943,-30.473606],[-69.751917,-30.47443],[-69.752986,-30.476616],[-69.75343,-30.477497],[-69.753884,-30.479623],[-69.7541,-30.480668],[-69.755066,-30.48299],[-69.755573,-30.48397],[-69.757358,-30.487144],[-69.759407,-30.493545],[-69.758431,-30.496635],[-69.757508,-30.502459],[-69.754869,-30.508734],[-69.750897,-30.51508],[-69.748889,-30.518257],[-69.748251,-30.51928],[-69.748078,-30.519813],[-69.747931,-30.521014],[-69.747791,-30.524523],[-69.747719,-30.525949],[-69.747194,-30.528135],[-69.746432,-30.529276],[-69.74397,-30.531644],[-69.73861,-30.535237],[-69.73753,-30.535748],[-69.735411,-30.53659],[-69.73387,-30.536806],[-69.731363,-30.537389],[-69.729834,-30.537713],[-69.727052,-30.537701],[-69.725645,-30.537781],[-69.722987,-30.53767],[-69.721341,-30.537616],[-69.713895,-30.536917],[-69.71228,-30.536863],[-69.712023,-30.537324],[-69.713119,-30.537688],[-69.724985,-30.538714],[-69.726499,-30.539003],[-69.727934,-30.540096],[-69.72839,-30.541067],[-69.729138,-30.549154],[-69.729501,-30.551714],[-69.72873,-30.554505],[-69.726058,-30.556811],[-69.725178,-30.557655],[-69.723329,-30.56682],[-69.721135,-30.57044],[-69.719175,-30.573211],[-69.718598,-30.575569],[-69.718951,-30.576794],[-69.72251,-30.582254],[-69.726122,-30.587794],[-69.726442,-30.588802],[-69.726345,-30.591094],[-69.72629,-30.592132],[-69.721526,-30.600691],[-69.71777,-30.601858],[-69.713546,-30.60317],[-69.711093,-30.605583],[-69.709324,-30.606098],[-69.706092,-30.606233],[-69.704731,-30.60688],[-69.703624,-30.608149],[-69.702513,-30.61023],[-69.702198,-30.611431],[-69.702733,-30.61472],[-69.693173,-30.610785],[-69.68639,-30.607051],[-69.684969,-30.606706],[-69.682444,-30.60653],[-69.681178,-30.605896],[-69.678137,-30.603432],[-69.674771,-30.602331],[-69.670723,-30.601928],[-69.668468,-30.603139],[-69.66788,-30.603936],[-69.666799,-30.606043],[-69.666574,-30.606667],[-69.666871,-30.608929],[-69.661766,-30.609632],[-69.650495,-30.613089],[-69.648619,-30.614731],[-69.647958,-30.61569],[-69.646236,-30.617079],[-69.644823,-30.61788],[-69.642752,-30.618639],[-69.638817,-30.619749],[-69.637507,-30.620234],[-69.634122,-30.622596],[-69.632139,-30.624057],[-69.630478,-30.626817],[-69.629921,-30.627793],[-69.629685,-30.62995],[-69.629778,-30.63142],[-69.630389,-30.632418],[-69.630678,-30.633463],[-69.629978,-30.634946],[-69.62832,-30.636559],[-69.62554,-30.639044],[-69.623032,-30.641645],[-69.62066,-30.644236],[-69.619538,-30.645017],[-69.615907,-30.646577],[-69.613976,-30.647948],[-69.612919,-30.649071],[-69.611689,-30.650881],[-69.611132,-30.651903],[-69.610277,-30.653774],[-69.609463,-30.655257],[-69.608022,-30.656734],[-69.606798,-30.657976],[-69.605022,-30.659247],[-69.60414,-30.660044],[-69.603726,-30.662184],[-69.603903,-30.663328],[-69.60391,-30.663374],[-69.603969,-30.664474],[-69.601123,-30.664896],[-69.540207,-30.673927],[-69.533628,-30.674902],[-69.514306,-30.675921],[-69.484871,-30.677472],[-69.45115,-30.680289],[-69.435221,-30.681619],[-69.335422,-30.698435],[-69.226069,-30.745395],[-69.103754,-30.794774],[-69.104227,-30.796954],[-69.105814,-30.798778],[-69.107109,-30.801211],[-69.107875,-30.803441],[-69.107761,-30.806584],[-69.109115,-30.80851],[-69.111759,-30.809623],[-69.112821,-30.813121],[-69.111883,-30.815302],[-69.113886,-30.820218],[-69.113126,-30.823058],[-69.113715,-30.824426],[-69.115187,-30.827163],[-69.121069,-30.832228],[-69.120367,-30.83522],[-69.121958,-30.838615],[-69.120963,-30.842064],[-69.122493,-30.843888],[-69.123106,-30.845127],[-69.123731,-30.846473],[-69.124204,-30.848855],[-69.122159,-30.858288],[-69.122104,-30.860873],[-69.126103,-30.862999],[-69.122409,-30.869746],[-69.123528,-30.871671],[-69.122418,-30.876743],[-69.123244,-30.879632],[-69.124422,-30.88105],[-69.126131,-30.884547],[-69.125137,-30.888249],[-69.129316,-30.892301],[-69.132843,-30.892146],[-69.134789,-30.895743],[-69.134794,-30.899698],[-69.135328,-30.903297],[-69.132394,-30.907559],[-69.137628,-30.908112],[-69.136866,-30.909532],[-69.137164,-30.91227],[-69.145933,-30.916924],[-69.147525,-30.919863],[-69.147591,-30.924528],[-69.146417,-30.925949],[-69.146011,-30.9296],[-69.142075,-30.932595],[-69.141018,-30.93427],[-69.140903,-30.935689],[-69.140376,-30.937312],[-69.139327,-30.943854],[-69.140563,-30.944917],[-69.141805,-30.949327],[-69.143634,-30.952874],[-69.142879,-30.959415],[-69.144652,-30.964483],[-69.147012,-30.969044],[-69.149901,-30.972742],[-69.148963,-30.974872],[-69.15074,-30.982323],[-69.150628,-30.986024],[-69.157879,-30.993519],[-69.157447,-30.998208],[-69.157815,-30.999028],[-69.158183,-30.999993],[-69.158519,-31.000534],[-69.158792,-31.001174],[-69.158971,-31.001796],[-69.159539,-31.00332],[-69.16018,-31.004437],[-69.160484,-31.005005],[-69.160736,-31.005393],[-69.161062,-31.005753],[-69.161084,-31.006466],[-69.160729,-31.007188],[-69.159924,-31.008],[-69.159181,-31.008434],[-69.15934,-31.00921],[-69.160169,-31.010526],[-69.160683,-31.010976],[-69.161837,-31.012102],[-69.16211,-31.012742],[-69.162457,-31.013499],[-69.162982,-31.014409],[-69.163402,-31.015112],[-69.16357,-31.015545],[-69.164043,-31.016365],[-69.164243,-31.016861],[-69.164339,-31.017646],[-69.164623,-31.018466],[-69.16499,-31.019151],[-69.165295,-31.019602],[-69.165704,-31.020097],[-69.167025,-31.020655],[-69.167779,-31.020915],[-69.168638,-31.021149],[-69.169152,-31.021329],[-69.170116,-31.021535],[-69.171216,-31.02166],[-69.173164,-31.021846],[-69.174128,-31.021854],[-69.175249,-31.022177],[-69.17546,-31.02298],[-69.17543,-31.023972],[-69.175305,-31.024477],[-69.175087,-31.025262],[-69.174534,-31.026517],[-69.174304,-31.026905],[-69.174148,-31.027329],[-69.174002,-31.027807],[-69.173888,-31.028457],[-69.173921,-31.028935],[-69.174288,-31.029575],[-69.17495,-31.030755],[-69.174732,-31.031477],[-69.174743,-31.03219],[-69.174818,-31.032695],[-69.175157,-31.034778],[-69.175473,-31.035643],[-69.175736,-31.036626],[-69.1758,-31.037203],[-69.175895,-31.037708],[-69.176546,-31.038311],[-69.17705,-31.038951],[-69.177292,-31.039357],[-69.17747,-31.039816],[-69.178142,-31.040285],[-69.179044,-31.041068],[-69.179433,-31.041636],[-69.17999,-31.042681],[-69.180368,-31.042978],[-69.180747,-31.044051],[-69.180674,-31.044628],[-69.180519,-31.045594],[-69.180206,-31.046036],[-69.179704,-31.046389],[-69.179348,-31.046921],[-69.179182,-31.047778],[-69.178996,-31.048888],[-69.179007,-31.049366],[-69.179323,-31.050231],[-69.179272,-31.050673],[-69.180205,-31.051367],[-69.181434,-31.052772],[-69.181791,-31.053177],[-69.182421,-31.053898],[-69.183355,-31.05469],[-69.184246,-31.055293],[-69.184761,-31.055816],[-69.185254,-31.056104],[-69.186941,-31.056534],[-69.187455,-31.056732],[-69.188346,-31.056983],[-69.188933,-31.05728],[-69.189877,-31.057486],[-69.190411,-31.057666],[-69.190946,-31.057791],[-69.191816,-31.058277],[-69.193965,-31.05886],[-69.194532,-31.05913],[-69.194962,-31.059391],[-69.196254,-31.060913],[-69.196444,-31.061986],[-69.196487,-31.062473],[-69.196583,-31.063131],[-69.196595,-31.063709],[-69.196586,-31.064466],[-69.19667,-31.064899],[-69.196861,-31.065837],[-69.196872,-31.066297],[-69.196905,-31.066874],[-69.196927,-31.067541],[-69.196971,-31.068182],[-69.197037,-31.069679],[-69.197174,-31.070175],[-69.197731,-31.07104],[-69.198298,-31.071445],[-69.198749,-31.072057],[-69.199232,-31.072553],[-69.199705,-31.073093],[-69.200135,-31.073408],[-69.200786,-31.073768],[-69.201416,-31.074191],[-69.202066,-31.074641],[-69.20274,-31.075938],[-69.202824,-31.076443],[-69.203036,-31.077264],[-69.203364,-31.078706],[-69.203837,-31.079689],[-69.204069,-31.080374],[-69.204911,-31.082122],[-69.206215,-31.083753],[-69.206572,-31.084393],[-69.207371,-31.085438],[-69.207728,-31.085816],[-69.20839,-31.086699],[-69.20961,-31.088401],[-69.209894,-31.088996],[-69.210115,-31.089429],[-69.21062,-31.090411],[-69.210957,-31.091042],[-69.211326,-31.091817],[-69.21162,-31.092249],[-69.212061,-31.092655],[-69.212418,-31.09297],[-69.212901,-31.093212],[-69.213908,-31.093815],[-69.214591,-31.094382],[-69.215,-31.094742],[-69.215547,-31.095418],[-69.215852,-31.095778],[-69.215822,-31.096373],[-69.21577,-31.09686],[-69.215951,-31.09778],[-69.216098,-31.098276],[-69.216226,-31.098988],[-69.2165,-31.099511],[-69.216752,-31.100079],[-69.21731,-31.100899],[-69.217719,-31.101169],[-69.218298,-31.102006],[-69.218634,-31.102619],[-69.218773,-31.103791],[-69.218765,-31.104847],[-69.218788,-31.105794],[-69.218748,-31.106254],[-69.218843,-31.106687],[-69.218823,-31.107237],[-69.218962,-31.108292],[-69.219008,-31.110294],[-69.21902,-31.110844],[-69.218865,-31.111837],[-69.218668,-31.112757],[-69.218839,-31.113974],[-69.219188,-31.115552],[-69.219327,-31.116517],[-69.219696,-31.117535],[-69.22037,-31.118815],[-69.220539,-31.119248],[-69.220791,-31.119725],[-69.221916,-31.120896],[-69.222032,-31.121338],[-69.223096,-31.123356],[-69.223275,-31.123933],[-69.223497,-31.124618],[-69.223846,-31.125664],[-69.224005,-31.126719],[-69.224049,-31.127476],[-69.224188,-31.128721],[-69.224295,-31.129523],[-69.224476,-31.130596],[-69.224458,-31.131949],[-69.22446,-31.132941],[-69.224539,-31.135142],[-69.224498,-31.135584],[-69.224405,-31.136116],[-69.224364,-31.13664],[-69.224262,-31.137957],[-69.224454,-31.139192],[-69.22455,-31.139922],[-69.225161,-31.140922],[-69.225362,-31.141635],[-69.225436,-31.14223],[-69.225553,-31.142662],[-69.225753,-31.14314],[-69.225713,-31.14388],[-69.225704,-31.144565],[-69.225655,-31.145855],[-69.225646,-31.146432],[-69.225742,-31.14737],[-69.226082,-31.149201],[-69.22662,-31.150453],[-69.226768,-31.150913],[-69.227536,-31.15175],[-69.227788,-31.152156],[-69.228198,-31.152633],[-69.228777,-31.153263],[-69.228977,-31.15384],[-69.22902,-31.154318],[-69.229001,-31.154941],[-69.229612,-31.155896],[-69.230285,-31.156823],[-69.230937,-31.157643],[-69.231411,-31.158301],[-69.231989,-31.158859],[-69.232672,-31.159426],[-69.233376,-31.159731],[-69.23389,-31.159974],[-69.234646,-31.160396],[-69.235329,-31.160936],[-69.236478,-31.163189],[-69.237025,-31.163801],[-69.237299,-31.164189],[-69.23772,-31.164756],[-69.238078,-31.165459],[-69.239005,-31.166891],[-69.239363,-31.167621],[-69.239669,-31.168189],[-69.239691,-31.168847],[-69.239619,-31.169406],[-69.239477,-31.171129],[-69.2395,-31.171977],[-69.239721,-31.172455],[-69.240227,-31.173112],[-69.240448,-31.173545],[-69.240922,-31.174482],[-69.242007,-31.176139],[-69.241888,-31.17899],[-69.241944,-31.180117],[-69.242281,-31.180703],[-69.242482,-31.181189],[-69.243502,-31.18227],[-69.244028,-31.183044],[-69.244974,-31.183737],[-69.245658,-31.184367],[-69.246236,-31.184835],[-69.24694,-31.185258],[-69.247455,-31.185644],[-69.248086,-31.186139],[-69.248991,-31.187067],[-69.24957,-31.187922],[-69.250044,-31.18867],[-69.25035,-31.189337],[-69.250477,-31.189769],[-69.250385,-31.190572],[-69.250376,-31.191177],[-69.250262,-31.191862],[-69.24994,-31.193225],[-69.24946,-31.194173],[-69.249315,-31.194615],[-69.249202,-31.195562],[-69.249161,-31.196067],[-69.249226,-31.196798],[-69.249586,-31.198105],[-69.249766,-31.198772],[-69.250105,-31.199863],[-69.250558,-31.200592],[-69.250561,-31.201927],[-69.250093,-31.203353],[-69.249602,-31.20431],[-69.249215,-31.204825],[-69.248809,-31.205773],[-69.249105,-31.206548],[-69.248701,-31.208596],[-69.248,-31.209671],[-69.247363,-31.210854],[-69.24703,-31.211639],[-69.246843,-31.212379],[-69.24629,-31.213814],[-69.246061,-31.214554],[-69.245372,-31.215692],[-69.244953,-31.216252],[-69.244566,-31.216739],[-69.243615,-31.218112],[-69.242527,-31.219404],[-69.242076,-31.219757],[-69.241468,-31.219947],[-69.240377,-31.22013],[-69.23958,-31.220239],[-69.239013,-31.220249],[-69.238163,-31.220467],[-69.237326,-31.221245],[-69.23714,-31.222372],[-69.237099,-31.222923],[-69.236871,-31.22415],[-69.236662,-31.22461],[-69.236045,-31.225477],[-69.234199,-31.22567],[-69.233643,-31.225752],[-69.233087,-31.226105],[-69.232816,-31.22671],[-69.232607,-31.22717],[-69.232441,-31.227955],[-69.232191,-31.228695],[-69.231888,-31.22948],[-69.23169,-31.230058],[-69.230181,-31.230755],[-69.229593,-31.230765],[-69.228795,-31.230802],[-69.22826,-31.230948],[-69.227222,-31.23113],[-69.225952,-31.231358],[-69.225365,-31.231413],[-69.224672,-31.231612],[-69.223563,-31.233085],[-69.223052,-31.234285],[-69.222352,-31.236018],[-69.221945,-31.236902],[-69.221559,-31.23767],[-69.220868,-31.238834],[-69.220127,-31.24027],[-69.219719,-31.24101],[-69.219594,-31.241615],[-69.219344,-31.242282],[-69.218907,-31.243807],[-69.218447,-31.244737],[-69.21827,-31.24527],[-69.218124,-31.245703],[-69.217382,-31.24721],[-69.216566,-31.248772],[-69.216002,-31.25],[-69.215448,-31.251038],[-69.214863,-31.252292],[-69.214549,-31.252735],[-69.213932,-31.253872],[-69.213629,-31.254432],[-69.212245,-31.255228],[-69.21193,-31.25572],[-69.211377,-31.256582],[-69.211126,-31.25716],[-69.210823,-31.25772],[-69.210593,-31.258162],[-69.210415,-31.258577],[-69.210197,-31.259344],[-69.210072,-31.259867],[-69.209926,-31.260517],[-69.209844,-31.261527],[-69.209699,-31.262222],[-69.209585,-31.262799],[-69.209355,-31.263467],[-69.209157,-31.264162],[-69.208991,-31.265082],[-69.208836,-31.265984],[-69.208201,-31.268754],[-69.207994,-31.27009],[-69.208218,-31.271487],[-69.208366,-31.272154],[-69.210316,-31.275308],[-69.210979,-31.276191],[-69.211832,-31.277281],[-69.213022,-31.278749],[-69.213654,-31.279523],[-69.215086,-31.280991],[-69.21536,-31.281424],[-69.215907,-31.281964],[-69.216192,-31.282396],[-69.216466,-31.282919],[-69.216698,-31.283351],[-69.217036,-31.284217],[-69.217132,-31.284722],[-69.216966,-31.285669],[-69.216852,-31.286634],[-69.216738,-31.28723],[-69.216582,-31.287699],[-69.216247,-31.288159],[-69.215859,-31.288674],[-69.215503,-31.289162],[-69.214959,-31.289974],[-69.214519,-31.290471],[-69.214016,-31.291004],[-69.213696,-31.291589],[-69.21357,-31.293269],[-69.213961,-31.294242],[-69.2141,-31.295532],[-69.214123,-31.296289],[-69.21403,-31.296957],[-69.213779,-31.297625],[-69.213214,-31.298446],[-69.212523,-31.299602],[-69.212314,-31.300207],[-69.211833,-31.301181],[-69.211499,-31.301831],[-69.210965,-31.302761],[-69.21061,-31.303574],[-69.210464,-31.304169],[-69.210108,-31.304864],[-69.209753,-31.305649],[-69.209387,-31.306191],[-69.208967,-31.306607],[-69.20818,-31.307059],[-69.207604,-31.307412],[-69.207132,-31.307773],[-69.207068,-31.308329],[-69.20703,-31.309334],[-69.206937,-31.310046],[-69.207012,-31.310596],[-69.207087,-31.311444],[-69.207457,-31.312363],[-69.207867,-31.312769],[-69.208278,-31.313264],[-69.208889,-31.313939],[-69.209627,-31.314939],[-69.210153,-31.315525],[-69.210689,-31.315497],[-69.210514,-31.317084],[-69.209896,-31.318132],[-69.209247,-31.318872],[-69.20887,-31.319757],[-69.208588,-31.320217],[-69.207214,-31.321329],[-69.206942,-31.322114],[-69.207049,-31.322961],[-69.207166,-31.323466],[-69.207504,-31.324151],[-69.20762,-31.324719],[-69.207905,-31.325332],[-69.208211,-31.325719],[-69.20838,-31.326242],[-69.208875,-31.326674],[-69.209285,-31.326989],[-69.209612,-31.32735],[-69.210276,-31.328205],[-69.210802,-31.328728],[-69.211181,-31.329133],[-69.211834,-31.329583],[-69.212244,-31.329916],[-69.212708,-31.330258],[-69.21317,-31.330455],[-69.213791,-31.330716],[-69.214285,-31.330959],[-69.214853,-31.3313],[-69.215422,-31.331633],[-69.216441,-31.33183],[-69.217907,-31.338664],[-69.218636,-31.340403],[-69.217798,-31.341514],[-69.216235,-31.342734],[-69.214788,-31.344324],[-69.213049,-31.346654],[-69.212255,-31.348838],[-69.212038,-31.350398],[-69.211875,-31.352491],[-69.211567,-31.356009],[-69.211267,-31.358192],[-69.210187,-31.359042],[-69.20878,-31.359865],[-69.20688,-31.360878],[-69.20541,-31.361413],[-69.202878,-31.362192],[-69.202165,-31.362924],[-69.202209,-31.363907],[-69.203429,-31.369136],[-69.203653,-31.370452],[-69.205182,-31.372479],[-69.206983,-31.374271],[-69.205565,-31.374968],[-69.203265,-31.375964],[-69.201889,-31.376291],[-69.199726,-31.377512],[-69.199054,-31.378045],[-69.20028,-31.381181],[-69.202011,-31.384308],[-69.202624,-31.385841],[-69.204573,-31.387398],[-69.207691,-31.390333],[-69.208667,-31.391116],[-69.210451,-31.392547],[-69.211221,-31.39398],[-69.212403,-31.395791],[-69.212795,-31.397251],[-69.213462,-31.399306],[-69.214558,-31.400324],[-69.215632,-31.400944],[-69.216076,-31.401683],[-69.216024,-31.402306],[-69.214616,-31.402587],[-69.21361,-31.403933],[-69.212603,-31.405251],[-69.211757,-31.407544],[-69.21108,-31.410783],[-69.211431,-31.412252],[-69.21196,-31.413821],[-69.211564,-31.415616],[-69.211044,-31.418025],[-69.210637,-31.419523],[-69.209737,-31.421526],[-69.209046,-31.4227],[-69.20803,-31.424704],[-69.207402,-31.426121],[-69.206364,-31.427881],[-69.206359,-31.427888],[-69.205599,-31.428821],[-69.205128,-31.430012],[-69.205141,-31.43141],[-69.206785,-31.432769],[-69.206978,-31.432893],[-69.209914,-31.434784],[-69.212937,-31.436826],[-69.213201,-31.437232],[-69.212983,-31.438296],[-69.211315,-31.440346],[-69.209972,-31.441837],[-69.210543,-31.443216],[-69.211375,-31.443801],[-69.213439,-31.44478],[-69.215427,-31.444389],[-69.216623,-31.447896],[-69.217735,-31.450861],[-69.218919,-31.453177],[-69.219199,-31.456189],[-69.21837,-31.457227],[-69.21729,-31.458493],[-69.21581,-31.460226],[-69.21391,-31.46197],[-69.212636,-31.466571],[-69.211139,-31.469749],[-69.211375,-31.471823],[-69.212293,-31.473093],[-69.212873,-31.473389],[-69.21296,-31.474625],[-69.212004,-31.475348],[-69.210774,-31.47599],[-69.207833,-31.478728],[-69.206776,-31.486188],[-69.206716,-31.487595],[-69.205669,-31.489779],[-69.205297,-31.493144],[-69.206261,-31.49574],[-69.206901,-31.49959],[-69.206871,-31.50051],[-69.205675,-31.502424],[-69.204956,-31.505753],[-69.20328,-31.509273],[-69.201507,-31.512405],[-69.200531,-31.513796],[-69.198824,-31.512797],[-69.197666,-31.512862],[-69.195677,-31.513118],[-69.193055,-31.513212],[-69.191814,-31.513692],[-69.189447,-31.514652],[-69.188427,-31.515212],[-69.189349,-31.517953],[-69.18952,-31.519368],[-69.189515,-31.521939],[-69.189648,-31.52514],[-69.192023,-31.528284],[-69.191039,-31.531226],[-69.188127,-31.533557],[-69.186959,-31.533775],[-69.185331,-31.536014],[-69.183136,-31.53884],[-69.182128,-31.540294],[-69.17773,-31.542293],[-69.176594,-31.543224],[-69.176456,-31.54804],[-69.175998,-31.551242],[-69.175928,-31.552712],[-69.174836,-31.554491],[-69.173773,-31.555168],[-69.171005,-31.556092],[-69.168626,-31.556817],[-69.16768,-31.557792],[-69.166691,-31.55847],[-69.165775,-31.564919],[-69.165937,-31.566975],[-69.165981,-31.568003],[-69.16646,-31.571078],[-69.166127,-31.573108],[-69.165277,-31.574994],[-69.16472,-31.575608],[-69.161973,-31.577036],[-69.158805,-31.57916],[-69.157637,-31.580009],[-69.157229,-31.581489],[-69.157715,-31.582182],[-69.159173,-31.584995],[-69.161836,-31.588662],[-69.163366,-31.59077],[-69.159931,-31.595233],[-69.15689,-31.599184],[-69.152691,-31.615369],[-69.152441,-31.617488],[-69.152137,-31.618255],[-69.156038,-31.625718],[-69.155218,-31.626937],[-69.153611,-31.630384],[-69.153107,-31.63162],[-69.152774,-31.634064],[-69.152229,-31.636049],[-69.152674,-31.637455],[-69.153881,-31.6408],[-69.154706,-31.64235],[-69.154509,-31.644307],[-69.153944,-31.64705],[-69.153825,-31.651108],[-69.153247,-31.658991],[-69.155922,-31.663317],[-69.153676,-31.669876],[-69.1537,-31.671671],[-69.153492,-31.67315],[-69.153609,-31.673971],[-69.153813,-31.676099],[-69.154046,-31.676622],[-69.153647,-31.677903],[-69.153723,-31.679184],[-69.153767,-31.680013],[-69.153824,-31.682791],[-69.154015,-31.683449],[-69.156822,-31.684492],[-69.158268,-31.684833],[-69.159631,-31.686626],[-69.159484,-31.687068],[-69.158571,-31.689396],[-69.158393,-31.690298],[-69.158352,-31.691173],[-69.158482,-31.693148],[-69.158547,-31.694022],[-69.157663,-31.695286],[-69.156014,-31.69941],[-69.154439,-31.703876],[-69.156702,-31.7073],[-69.156272,-31.70841],[-69.155819,-31.709231],[-69.1556,-31.710368],[-69.155813,-31.711576],[-69.156321,-31.712802],[-69.156924,-31.713613],[-69.158182,-31.715],[-69.158742,-31.715504],[-69.159136,-31.716034],[-69.159144,-31.716045],[-69.159041,-31.717984],[-69.159296,-31.718868],[-69.161807,-31.72479],[-69.162072,-31.725493],[-69.161764,-31.726899],[-69.161444,-31.728362],[-69.161139,-31.729246],[-69.160529,-31.730094],[-69.158108,-31.731146],[-69.150185,-31.734589],[-69.150008,-31.734743],[-69.149152,-31.735492],[-69.148448,-31.737189],[-69.148061,-31.738153],[-69.147428,-31.739733],[-69.147514,-31.740445],[-69.148647,-31.743113],[-69.148564,-31.744268],[-69.146849,-31.747544],[-69.146703,-31.748671],[-69.146896,-31.750069],[-69.146686,-31.751341],[-69.146329,-31.752342],[-69.145496,-31.752965],[-69.142312,-31.755278],[-69.14167,-31.755937],[-69.141015,-31.755865],[-69.140931,-31.755856],[-69.137753,-31.755508],[-69.134633,-31.758641],[-69.136347,-31.768496],[-69.136307,-31.769561],[-69.135681,-31.772924],[-69.135073,-31.776197],[-69.134777,-31.777787],[-69.134538,-31.780258],[-69.13413,-31.782703],[-69.134237,-31.783965],[-69.134586,-31.784533],[-69.133301,-31.786086],[-69.132353,-31.787656],[-69.131669,-31.789884],[-69.12967,-31.792147],[-69.128823,-31.793107],[-69.128107,-31.794595],[-69.128464,-31.796004],[-69.128882,-31.797652],[-69.127256,-31.799867],[-69.125425,-31.802363],[-69.125265,-31.803011],[-69.125152,-31.803473],[-69.125144,-31.805844],[-69.125248,-31.806289],[-69.125761,-31.808486],[-69.124086,-31.808761],[-69.123659,-31.808831],[-69.121898,-31.810609],[-69.121065,-31.81181],[-69.118527,-31.81716],[-69.117632,-31.819091],[-69.117624,-31.820484],[-69.117623,-31.820633],[-69.117596,-31.824538],[-69.114535,-31.826362],[-69.114078,-31.826529],[-69.112396,-31.827139],[-69.110502,-31.827827],[-69.10815,-31.830706],[-69.106409,-31.832736],[-69.106942,-31.837173],[-69.106967,-31.837266],[-69.107119,-31.837857],[-69.107303,-31.838571],[-69.106315,-31.842648],[-69.105599,-31.844623],[-69.104924,-31.845814],[-69.103979,-31.84684],[-69.103943,-31.846879],[-69.102993,-31.847854],[-69.102477,-31.849685],[-69.102309,-31.850263],[-69.102479,-31.850993],[-69.102628,-31.852165],[-69.103316,-31.853058],[-69.10418,-31.85392],[-69.105421,-31.855157],[-69.105802,-31.85641],[-69.105858,-31.859098],[-69.105701,-31.85981],[-69.10461,-31.861344],[-69.104276,-31.861814],[-69.104046,-31.862236],[-69.103232,-31.863726],[-69.103488,-31.865927],[-69.103734,-31.868055],[-69.103555,-31.868957],[-69.102697,-31.871494],[-69.102555,-31.871916],[-69.103689,-31.875206],[-69.104431,-31.87682],[-69.104654,-31.878398],[-69.105047,-31.880066],[-69.105108,-31.880387],[-69.105536,-31.882645],[-69.10702,-31.885999],[-69.107609,-31.892185],[-69.109911,-31.895994],[-69.110112,-31.896326],[-69.112833,-31.900829],[-69.113106,-31.901279],[-69.113386,-31.901701],[-69.113667,-31.902125],[-69.114345,-31.903145],[-69.114274,-31.904409],[-69.114252,-31.904805],[-69.114409,-31.906184],[-69.117215,-31.907237],[-69.117382,-31.907559],[-69.117641,-31.90806],[-69.117766,-31.908301],[-69.117641,-31.90978],[-69.117241,-31.911052],[-69.116564,-31.91372],[-69.116452,-31.914164],[-69.115969,-31.916608],[-69.115917,-31.91742],[-69.117399,-31.918813],[-69.118754,-31.920087],[-69.119051,-31.920654],[-69.119041,-31.920679],[-69.117997,-31.92319],[-69.117816,-31.923488],[-69.117342,-31.924272],[-69.116975,-31.926284],[-69.116838,-31.926721],[-69.116596,-31.927493],[-69.116259,-31.928584],[-69.115826,-31.929171],[-69.115463,-31.929757],[-69.115245,-31.930109],[-69.114443,-31.93084],[-69.112468,-31.933638],[-69.110102,-31.935669],[-69.1095,-31.936193],[-69.109789,-31.9377],[-69.110096,-31.939303],[-69.110879,-31.940195],[-69.115795,-31.944841],[-69.116131,-31.94516],[-69.116479,-31.945798],[-69.116979,-31.946719],[-69.117416,-31.948685],[-69.117328,-31.949644],[-69.117103,-31.952112],[-69.11693,-31.952927],[-69.11643,-31.955287],[-69.115998,-31.956586],[-69.115101,-31.958454],[-69.114547,-31.959285],[-69.114098,-31.959961],[-69.115243,-31.962268],[-69.117585,-31.965414],[-69.117527,-31.96976],[-69.117635,-31.971113],[-69.118589,-31.972483],[-69.119713,-31.974881],[-69.12026,-31.975676],[-69.120625,-31.976205],[-69.122871,-31.977344],[-69.123021,-31.97742],[-69.123271,-31.977547],[-69.123692,-31.977809],[-69.124774,-31.978486],[-69.125792,-31.979122],[-69.127688,-31.980672],[-69.12807,-31.981717],[-69.128452,-31.982763],[-69.128476,-31.982882],[-69.128932,-31.985143],[-69.128852,-31.986144],[-69.128786,-31.986965],[-69.128239,-31.989067],[-69.128263,-31.991796],[-69.128274,-31.992938],[-69.128277,-31.993281],[-69.128064,-31.993922],[-69.127297,-31.996228],[-69.126632,-31.997654],[-69.12653,-31.999989],[-69.12652,-32.000199],[-69.126445,-32.001907],[-69.127207,-32.000964],[-69.127777,-32.000257],[-69.127816,-32.00021],[-69.128012,-31.999966],[-69.128433,-31.999444],[-69.129168,-31.999443],[-69.129474,-31.999443],[-69.131303,-31.999441],[-69.133188,-31.999439],[-69.133817,-31.999438],[-69.13511,-31.999437],[-69.135774,-31.999436],[-69.136229,-31.999436],[-69.137098,-31.999435],[-69.144333,-31.999427],[-69.146499,-31.999425],[-69.147141,-31.999424],[-69.149187,-31.999422],[-69.149313,-31.999422],[-69.152504,-31.999418],[-69.155137,-31.999416],[-69.156313,-31.999414],[-69.15641,-31.999414],[-69.168814,-31.999401],[-69.170651,-31.999399],[-69.170714,-31.999399],[-69.177017,-31.999392],[-69.180297,-31.999389],[-69.183994,-31.999385],[-69.184267,-31.999453],[-69.188433,-32.000484],[-69.194728,-32.002043],[-69.197048,-32.002618],[-69.197356,-32.002695],[-69.198305,-32.00293],[-69.211001,-32.009399],[-69.211392,-32.0093],[-69.217714,-32.007691],[-69.217789,-32.007718],[-69.217789,-32.007718],[-69.223745,-32.009892],[-69.22803,-32.011108],[-69.233584,-32.013123],[-69.238738,-32.014533],[-69.241413,-32.015266],[-69.24322,-32.01576],[-69.244509,-32.016113],[-69.248274,-32.020313],[-69.250308,-32.022583],[-69.261013,-32.031614],[-69.262441,-32.033161],[-69.262613,-32.034159],[-69.26282,-32.035361],[-69.262826,-32.035395],[-69.26363,-32.038872],[-69.265051,-32.04153],[-69.265075,-32.041575],[-69.265108,-32.041637],[-69.2652,-32.041809],[-69.2652,-32.041809],[-69.265573,-32.044474],[-69.265994,-32.047485],[-69.26608,-32.047745],[-69.266537,-32.049127],[-69.266777,-32.049854],[-69.266962,-32.050412],[-69.267437,-32.05291],[-69.267398,-32.055603],[-69.269578,-32.057238],[-69.269848,-32.057441],[-69.270058,-32.057598],[-69.271031,-32.058328],[-69.271758,-32.058873],[-69.274112,-32.061523],[-69.276428,-32.068842],[-69.276428,-32.068843],[-69.276632,-32.069485],[-69.276797,-32.070007],[-69.27695,-32.07012],[-69.277613,-32.070606],[-69.280702,-32.072875],[-69.283831,-32.07166],[-69.287783,-32.070801],[-69.291096,-32.071022],[-69.294192,-32.071228],[-69.298292,-32.07336],[-69.29836,-32.073395],[-69.300271,-32.074389],[-69.305606,-32.079102],[-69.305643,-32.079151],[-69.306059,-32.079706],[-69.307537,-32.081677],[-69.309525,-32.084328],[-69.309712,-32.084577],[-69.311099,-32.086426],[-69.311134,-32.086479],[-69.31375,-32.090428],[-69.3142,-32.091109],[-69.324334,-32.088335],[-69.33172,-32.086314],[-69.344912,-32.082703],[-69.3501,-32.079407],[-69.356409,-32.076522],[-69.36289,-32.073559],[-69.364382,-32.072876],[-69.365059,-32.072628],[-69.369863,-32.070866],[-69.371707,-32.07019],[-69.372658,-32.069629],[-69.373608,-32.069067],[-69.374633,-32.068461],[-69.374762,-32.068385],[-69.375625,-32.067875],[-69.376295,-32.067479],[-69.376503,-32.067356],[-69.377078,-32.067017],[-69.37738,-32.06646],[-69.377969,-32.065377],[-69.378083,-32.065168],[-69.378152,-32.065039],[-69.37824,-32.064877],[-69.378282,-32.064801],[-69.378385,-32.064611],[-69.378604,-32.064209],[-69.378604,-32.064209],[-69.378604,-32.064209],[-69.378749,-32.064209],[-69.378749,-32.064209],[-69.379301,-32.064209],[-69.379909,-32.064209],[-69.380622,-32.064209],[-69.381078,-32.064209],[-69.381106,-32.064209],[-69.382187,-32.064034],[-69.383139,-32.064629],[-69.383222,-32.06478],[-69.383387,-32.06508],[-69.38496,-32.067168],[-69.386531,-32.069856],[-69.386793,-32.070261],[-69.386591,-32.070777],[-69.386493,-32.071029],[-69.386245,-32.071665],[-69.386531,-32.072402],[-69.387157,-32.073378],[-69.387422,-32.07379],[-69.388374,-32.07492],[-69.388982,-32.076638],[-69.390409,-32.077946],[-69.391932,-32.07797],[-69.393265,-32.077637],[-69.394407,-32.077732],[-69.396548,-32.076424],[-69.397786,-32.075686],[-69.398903,-32.074326],[-69.399438,-32.073374],[-69.400449,-32.073076],[-69.401104,-32.072838],[-69.401877,-32.07266],[-69.402948,-32.072541],[-69.403483,-32.0726],[-69.404851,-32.07266],[-69.405486,-32.072739],[-69.405669,-32.072762],[-69.406279,-32.072838],[-69.406576,-32.072957],[-69.406993,-32.072957],[-69.407275,-32.072829],[-69.407647,-32.07266],[-69.407826,-32.072006],[-69.408064,-32.070816],[-69.408183,-32.070578],[-69.409231,-32.068976],[-69.410146,-32.068317],[-69.410562,-32.068198],[-69.411157,-32.067782],[-69.411633,-32.067604],[-69.411655,-32.067598],[-69.413834,-32.067068],[-69.414488,-32.066592],[-69.415737,-32.066533],[-69.416689,-32.066949],[-69.417284,-32.067187],[-69.420746,-32.067986],[-69.420779,-32.067993],[-69.421511,-32.068059],[-69.423709,-32.068258],[-69.426356,-32.069706],[-69.426368,-32.069715],[-69.428468,-32.071232],[-69.430014,-32.073374],[-69.431079,-32.074173],[-69.431479,-32.075876],[-69.431574,-32.07659],[-69.433478,-32.076971],[-69.436547,-32.076685],[-69.438715,-32.076382],[-69.440759,-32.076781],[-69.443828,-32.077399],[-69.446184,-32.076662],[-69.448778,-32.075547],[-69.449748,-32.075407],[-69.452262,-32.074326],[-69.453511,-32.074504],[-69.454761,-32.074682],[-69.457278,-32.076721],[-69.457285,-32.076729],[-69.459876,-32.079798],[-69.461066,-32.08194],[-69.46297,-32.084676],[-69.465349,-32.087413],[-69.466555,-32.088405],[-69.467372,-32.089078],[-69.468262,-32.089248],[-69.46987,-32.089554],[-69.471298,-32.090625],[-69.471298,-32.091447],[-69.471298,-32.09158],[-69.471298,-32.092172],[-69.471298,-32.093004],[-69.471536,-32.094194],[-69.472131,-32.095503],[-69.473167,-32.097315],[-69.473268,-32.098378],[-69.473439,-32.098834],[-69.474153,-32.100024],[-69.474986,-32.101332],[-69.475101,-32.101756],[-69.475343,-32.102641],[-69.475261,-32.104477],[-69.47557,-32.105977],[-69.476176,-32.107162],[-69.476299,-32.108717],[-69.476783,-32.111147],[-69.477593,-32.111235],[-69.479496,-32.110831],[-69.481138,-32.110545],[-69.482949,-32.110713],[-69.484314,-32.111517],[-69.484742,-32.111802],[-69.487002,-32.112992],[-69.489533,-32.113381],[-69.490096,-32.113468],[-69.491166,-32.113706],[-69.491515,-32.113845],[-69.492356,-32.114182],[-69.494736,-32.114419],[-69.497234,-32.114182],[-69.499494,-32.114182],[-69.500922,-32.113587],[-69.501896,-32.113457],[-69.501901,-32.113456],[-69.501947,-32.11345],[-69.502707,-32.113349],[-69.503077,-32.113377],[-69.504253,-32.113468],[-69.504647,-32.113575],[-69.505562,-32.113825],[-69.506038,-32.114538],[-69.506146,-32.116755],[-69.506027,-32.118374],[-69.504998,-32.120465],[-69.504733,-32.121003],[-69.505242,-32.122752],[-69.506038,-32.123699],[-69.507585,-32.125365],[-69.508517,-32.125862],[-69.509369,-32.126317],[-69.509858,-32.126866],[-69.511681,-32.129136],[-69.512309,-32.130199],[-69.513071,-32.131104],[-69.51476,-32.131722],[-69.517734,-32.13246],[-69.520692,-32.132802],[-69.52091,-32.13286],[-69.522002,-32.133094],[-69.522725,-32.133593],[-69.523326,-32.134007],[-69.52354,-32.134411],[-69.524138,-32.136086],[-69.524373,-32.136743],[-69.525193,-32.137857],[-69.528405,-32.139761],[-69.531141,-32.14095],[-69.533283,-32.141426],[-69.534311,-32.141426],[-69.534948,-32.141426],[-69.53539,-32.141359],[-69.53608,-32.140907],[-69.536461,-32.140514],[-69.536794,-32.140169],[-69.537294,-32.140049],[-69.538079,-32.13986],[-69.538793,-32.139908],[-69.540339,-32.139908],[-69.541933,-32.140311],[-69.542314,-32.140407],[-69.543552,-32.140647],[-69.544527,-32.140836],[-69.545349,-32.141046],[-69.545812,-32.141164],[-69.546573,-32.141359],[-69.54762,-32.141335],[-69.548488,-32.141249],[-69.54949,-32.141148],[-69.549762,-32.141121],[-69.549849,-32.141115],[-69.549911,-32.14111],[-69.550436,-32.141071],[-69.551935,-32.140958],[-69.553471,-32.140869],[-69.554182,-32.140837],[-69.55496,-32.140802],[-69.555292,-32.140787],[-69.555668,-32.140757],[-69.556472,-32.140693],[-69.557285,-32.140473],[-69.558494,-32.140146],[-69.55966,-32.139598],[-69.560493,-32.138837],[-69.560647,-32.138333],[-69.560885,-32.135597],[-69.560768,-32.134487],[-69.560702,-32.13386],[-69.560647,-32.133336],[-69.560696,-32.131696],[-69.561017,-32.131389],[-69.561278,-32.131508],[-69.562349,-32.132246],[-69.563705,-32.132484],[-69.56549,-32.132412],[-69.567679,-32.132698],[-69.569836,-32.132924],[-69.57063,-32.133007],[-69.572187,-32.133336],[-69.574923,-32.13405],[-69.576232,-32.135835],[-69.578968,-32.136786],[-69.581229,-32.136548],[-69.583965,-32.136192],[-69.58493,-32.136148],[-69.585811,-32.136434],[-69.585609,-32.13737],[-69.585911,-32.137752],[-69.58662,-32.137671],[-69.587167,-32.137695],[-69.588,-32.137528],[-69.588856,-32.13798],[-69.589784,-32.138742],[-69.589832,-32.139075],[-69.590665,-32.140003],[-69.592531,-32.140118],[-69.5949,-32.14055],[-69.596233,-32.140907],[-69.596947,-32.142858],[-69.598446,-32.144833],[-69.599302,-32.146047],[-69.599374,-32.147332],[-69.599374,-32.148926],[-69.598945,-32.150092],[-69.598657,-32.150606],[-69.598282,-32.151275],[-69.598208,-32.151519],[-69.597994,-32.152352],[-69.599194,-32.153205],[-69.600265,-32.153919],[-69.599313,-32.154751],[-69.5984,-32.15539],[-69.598123,-32.155584],[-69.597885,-32.156179],[-69.597528,-32.15725],[-69.596576,-32.158796],[-69.596101,-32.161176],[-69.595863,-32.162366],[-69.595863,-32.163488],[-69.595043,-32.165701],[-69.595019,-32.166462],[-69.59687,-32.168706],[-69.597462,-32.169626],[-69.597498,-32.169682],[-69.597766,-32.170099],[-69.598123,-32.171883],[-69.598242,-32.172716],[-69.600302,-32.175124],[-69.60192,-32.176813],[-69.602406,-32.177832],[-69.60312,-32.179617],[-69.60312,-32.179974],[-69.603239,-32.181044],[-69.603834,-32.181758],[-69.604667,-32.182591],[-69.605737,-32.1839],[-69.606094,-32.185684],[-69.605856,-32.186755],[-69.60657,-32.187469],[-69.606451,-32.18961],[-69.606451,-32.190324],[-69.60657,-32.190919],[-69.60657,-32.192109],[-69.606658,-32.193782],[-69.607749,-32.195325],[-69.608249,-32.197276],[-69.609069,-32.200199],[-69.609663,-32.20127],[-69.609848,-32.201917],[-69.609901,-32.202103],[-69.60977,-32.202355],[-69.608355,-32.205077],[-69.606213,-32.206148],[-69.605142,-32.207218],[-69.603643,-32.208418],[-69.603358,-32.208646],[-69.603185,-32.209686],[-69.603395,-32.210625],[-69.60418,-32.211172],[-69.605394,-32.211886],[-69.606298,-32.212791],[-69.608273,-32.213933],[-69.61089,-32.21498],[-69.613746,-32.216455],[-69.614911,-32.220167],[-69.61553,-32.221595],[-69.615792,-32.223379],[-69.61572,-32.224735],[-69.615697,-32.225663],[-69.615493,-32.226373],[-69.615673,-32.228257],[-69.617023,-32.230104],[-69.617397,-32.231132],[-69.61763,-32.231832],[-69.617635,-32.231846],[-69.617635,-32.231955],[-69.617635,-32.232127],[-69.617635,-32.233155],[-69.617635,-32.233749],[-69.617873,-32.23601],[-69.61802,-32.236414],[-69.618054,-32.23651],[-69.6186,-32.237013],[-69.620051,-32.237561],[-69.622988,-32.238508],[-69.625606,-32.239103],[-69.627218,-32.241399],[-69.628474,-32.243985],[-69.628903,-32.24477],[-69.629164,-32.245032],[-69.629283,-32.246317],[-69.629175,-32.246955],[-69.629498,-32.248411],[-69.630603,-32.249097],[-69.631125,-32.251097],[-69.631877,-32.253503],[-69.631568,-32.25505],[-69.63096,-32.256549],[-69.63096,-32.258258],[-69.63096,-32.259283],[-69.63096,-32.259334],[-69.63096,-32.260042],[-69.630307,-32.261593],[-69.630307,-32.262093],[-69.630782,-32.262735],[-69.632781,-32.263663],[-69.633233,-32.263687],[-69.634851,-32.263306],[-69.635732,-32.262997],[-69.637503,-32.262779],[-69.637672,-32.262883],[-69.63838,-32.263319],[-69.639325,-32.264306],[-69.64011,-32.265757],[-69.641038,-32.266471],[-69.642775,-32.26759],[-69.643933,-32.267888],[-69.644345,-32.267994],[-69.645265,-32.268679],[-69.645535,-32.268881],[-69.64652,-32.269146],[-69.647258,-32.269431],[-69.648233,-32.269645],[-69.649933,-32.269088],[-69.650828,-32.268965],[-69.651255,-32.269146],[-69.652041,-32.269526],[-69.652612,-32.270431],[-69.652969,-32.271263],[-69.653468,-32.272001],[-69.654235,-32.27287],[-69.65492,-32.274047],[-69.655872,-32.274952],[-69.657347,-32.276451],[-69.658275,-32.27726],[-69.659393,-32.278065],[-69.659632,-32.278721],[-69.659689,-32.278756],[-69.659742,-32.278788],[-69.661774,-32.28003],[-69.662844,-32.282409],[-69.664034,-32.28348],[-69.664244,-32.283939],[-69.665123,-32.285862],[-69.666269,-32.286161],[-69.666652,-32.286573],[-69.667365,-32.287049],[-69.671292,-32.288358],[-69.672243,-32.288834],[-69.673433,-32.289072],[-69.674428,-32.289846],[-69.674504,-32.289905],[-69.674742,-32.290856],[-69.675456,-32.29276],[-69.676526,-32.294664],[-69.676764,-32.296091],[-69.67724,-32.296686],[-69.678073,-32.298114],[-69.678311,-32.298828],[-69.678591,-32.299683],[-69.679782,-32.302976],[-69.680396,-32.304298],[-69.681765,-32.305077],[-69.683819,-32.305646],[-69.685235,-32.306115],[-69.687005,-32.306847],[-69.688256,-32.307414],[-69.68877,-32.307909],[-69.689555,-32.308665],[-69.692411,-32.309255],[-69.693709,-32.309609],[-69.695772,-32.30956],[-69.696276,-32.309654],[-69.700797,-32.309654],[-69.704604,-32.309892],[-69.706508,-32.309892],[-69.709125,-32.309892],[-69.711029,-32.310844],[-69.712456,-32.311796],[-69.714122,-32.31251],[-69.718167,-32.312748],[-69.721498,-32.314175],[-69.723878,-32.316555],[-69.724591,-32.317982],[-69.725543,-32.3206],[-69.725719,-32.322545],[-69.725931,-32.324481],[-69.726369,-32.326346],[-69.726495,-32.326548],[-69.727685,-32.329166],[-69.728874,-32.330831],[-69.72935,-32.333449],[-69.729826,-32.335828],[-69.73054,-32.339635],[-69.730778,-32.341539],[-69.73054,-32.343918],[-69.730298,-32.345608],[-69.729637,-32.34752],[-69.729236,-32.348794],[-69.728528,-32.351037],[-69.727378,-32.352592],[-69.727209,-32.353436],[-69.726982,-32.354686],[-69.726733,-32.356054],[-69.726733,-32.358604],[-69.72723,-32.362226],[-69.727678,-32.364964],[-69.728292,-32.366617],[-69.728575,-32.367726],[-69.730322,-32.369568],[-69.731125,-32.371125],[-69.731054,-32.372259],[-69.730896,-32.37437],[-69.731016,-32.375089],[-69.731492,-32.376517],[-69.733158,-32.379134],[-69.733158,-32.383418],[-69.733158,-32.384845],[-69.733395,-32.387939],[-69.733158,-32.390556],[-69.730652,-32.392182],[-69.729588,-32.393887],[-69.727923,-32.395553],[-69.726517,-32.395975],[-69.723146,-32.39603],[-69.721021,-32.395841],[-69.719817,-32.396218],[-69.718684,-32.396856],[-69.716725,-32.398225],[-69.714908,-32.40057],[-69.714171,-32.401241],[-69.711296,-32.402592],[-69.709125,-32.403167],[-69.707244,-32.403346],[-69.706126,-32.402804],[-69.705182,-32.402922],[-69.70419,-32.403206],[-69.703176,-32.404595],[-69.701511,-32.406022],[-69.700154,-32.407714],[-69.699611,-32.40795],[-69.698997,-32.408446],[-69.698313,-32.409343],[-69.697463,-32.409674],[-69.697274,-32.41024],[-69.69666,-32.41083],[-69.696282,-32.411397],[-69.696424,-32.411869],[-69.696551,-32.413209],[-69.695086,-32.417027],[-69.69211,-32.420102],[-69.691517,-32.420716],[-69.691377,-32.420971],[-69.690626,-32.422334],[-69.690366,-32.422808],[-69.690268,-32.422985],[-69.689212,-32.430176],[-69.689032,-32.436634],[-69.689019,-32.437134],[-69.689505,-32.438073],[-69.690684,-32.440346],[-69.694134,-32.442845],[-69.696199,-32.443154],[-69.698324,-32.443473],[-69.698893,-32.443558],[-69.699375,-32.44402],[-69.699516,-32.44428],[-69.699493,-32.445295],[-69.698761,-32.446263],[-69.69777,-32.44775],[-69.696802,-32.449544],[-69.696353,-32.450771],[-69.69607,-32.451574],[-69.695716,-32.452707],[-69.695551,-32.453864],[-69.695621,-32.45502],[-69.695763,-32.45554],[-69.69574,-32.456555],[-69.695574,-32.456814],[-69.695315,-32.457263],[-69.695551,-32.458183],[-69.695858,-32.458632],[-69.696157,-32.459858],[-69.696521,-32.460971],[-69.697109,-32.462773],[-69.696157,-32.465866],[-69.699726,-32.469435],[-69.700916,-32.472766],[-69.7023,-32.474843],[-69.702231,-32.476549],[-69.701948,-32.478012],[-69.702278,-32.478697],[-69.702868,-32.480019],[-69.703738,-32.480904],[-69.704549,-32.482627],[-69.704569,-32.483678],[-69.70389,-32.486686],[-69.704128,-32.490136],[-69.704233,-32.492559],[-69.704247,-32.492873],[-69.704961,-32.496442],[-69.70556,-32.497463],[-69.705937,-32.497463],[-69.706763,-32.497109],[-69.708557,-32.496755],[-69.710115,-32.496708],[-69.711744,-32.496826],[-69.714152,-32.497086],[-69.714671,-32.496897],[-69.715521,-32.496897],[-69.716324,-32.497393],[-69.716654,-32.497558],[-69.717787,-32.49777],[-69.719912,-32.497463],[-69.72147,-32.497558],[-69.723476,-32.497629],[-69.724326,-32.497723],[-69.72548,-32.497541],[-69.725936,-32.497468],[-69.726937,-32.498144],[-69.727702,-32.498644],[-69.72841,-32.499234],[-69.729283,-32.499564],[-69.730912,-32.499989],[-69.73162,-32.500296],[-69.732541,-32.500792],[-69.733249,-32.50124],[-69.734335,-32.501665],[-69.734943,-32.501658],[-69.735208,-32.501847],[-69.736176,-32.502539],[-69.737215,-32.503436],[-69.738065,-32.504403],[-69.73856,-32.504758],[-69.738631,-32.505773],[-69.738631,-32.50615],[-69.738748,-32.507445],[-69.739245,-32.508322],[-69.74,-32.50903],[-69.740118,-32.509219],[-69.740685,-32.509738],[-69.742526,-32.510163],[-69.743636,-32.510423],[-69.745288,-32.510423],[-69.745949,-32.510352],[-69.74779,-32.510305],[-69.748569,-32.510234],[-69.750576,-32.509951],[-69.752629,-32.509502],[-69.754305,-32.509597],[-69.754919,-32.510045],[-69.755722,-32.510919],[-69.756099,-32.511414],[-69.757185,-32.511745],[-69.758861,-32.512382],[-69.760136,-32.513303],[-69.760962,-32.514011],[-69.762237,-32.515404],[-69.763488,-32.516301],[-69.764196,-32.516584],[-69.76481,-32.516985],[-69.765565,-32.517575],[-69.766747,-32.518531],[-69.768145,-32.521326],[-69.768823,-32.526286],[-69.769206,-32.529041],[-69.769234,-32.529077],[-69.770413,-32.530592],[-69.771538,-32.532683],[-69.772741,-32.533557],[-69.775031,-32.534406],[-69.776145,-32.534457],[-69.777108,-32.534501],[-69.778312,-32.53561],[-69.778174,-32.535888],[-69.777982,-32.536271],[-69.778501,-32.537451],[-69.778879,-32.539198],[-69.779091,-32.540544],[-69.77869,-32.541464],[-69.778643,-32.542007],[-69.778761,-32.542409],[-69.780791,-32.542763],[-69.783317,-32.542739],[-69.78445,-32.542975],[-69.786551,-32.544368],[-69.787778,-32.545289],[-69.788902,-32.545382],[-69.789997,-32.545902],[-69.791933,-32.54661],[-69.793227,-32.547103],[-69.793978,-32.54677],[-69.795856,-32.545935],[-69.797641,-32.545578],[-69.799059,-32.545735],[-69.799842,-32.545808],[-69.802626,-32.546068],[-69.804963,-32.545454],[-69.805978,-32.544983],[-69.80697,-32.544368],[-69.809,-32.544132],[-69.811124,-32.544368],[-69.81247,-32.545171],[-69.813952,-32.545862],[-69.815249,-32.545816],[-69.815931,-32.545488],[-69.817074,-32.54494],[-69.81724,-32.54486],[-69.81732,-32.544822],[-69.818223,-32.544388],[-69.81977,-32.544031],[-69.820898,-32.544031],[-69.82095,-32.544031],[-69.821554,-32.544031],[-69.822387,-32.544388],[-69.823339,-32.545102],[-69.824882,-32.546028],[-69.825923,-32.547488],[-69.827814,-32.54942],[-69.828574,-32.550456],[-69.829174,-32.551206],[-69.829526,-32.551645],[-69.83024,-32.553906],[-69.830571,-32.554967],[-69.830715,-32.556166],[-69.830358,-32.558427],[-69.830002,-32.559379],[-69.829196,-32.560586],[-69.828937,-32.560857],[-69.827384,-32.562472],[-69.827384,-32.56271],[-69.828217,-32.563543],[-69.831,-32.565896],[-69.832393,-32.567384],[-69.833172,-32.567808],[-69.835376,-32.568007],[-69.838092,-32.568659],[-69.840114,-32.569015],[-69.842613,-32.56961],[-69.843564,-32.569967],[-69.843846,-32.570013],[-69.846863,-32.570499],[-69.849006,-32.569588],[-69.849394,-32.569372],[-69.850703,-32.568183],[-69.851614,-32.567271],[-69.853001,-32.566605],[-69.854228,-32.565731],[-69.855928,-32.56474],[-69.857226,-32.56422],[-69.8581,-32.563441],[-69.858336,-32.562819],[-69.858548,-32.562261],[-69.860295,-32.561482],[-69.861192,-32.561317],[-69.862805,-32.561205],[-69.863576,-32.561152],[-69.865456,-32.56152],[-69.867835,-32.562472],[-69.869855,-32.563111],[-69.871531,-32.562993],[-69.873703,-32.562591],[-69.877504,-32.562969],[-69.878967,-32.562686],[-69.88121,-32.562757],[-69.883783,-32.562757],[-69.8856,-32.561813],[-69.887057,-32.560332],[-69.888671,-32.560015],[-69.891272,-32.560182],[-69.892281,-32.560963],[-69.893296,-32.562001],[-69.894523,-32.562568],[-69.896577,-32.562969],[-69.898324,-32.562828],[-69.899504,-32.562544],[-69.900708,-32.561978],[-69.901504,-32.561044],[-69.902219,-32.559972],[-69.903116,-32.559263],[-69.903659,-32.558649],[-69.904,-32.556898],[-69.904009,-32.556853],[-69.904202,-32.555864],[-69.904296,-32.554825],[-69.905028,-32.553952],[-69.906273,-32.553823],[-69.908002,-32.553645],[-69.908977,-32.553294],[-69.909773,-32.553008],[-69.910835,-32.552276],[-69.912322,-32.551827],[-69.913432,-32.551355],[-69.91499,-32.550812],[-69.916335,-32.550694],[-69.917043,-32.550364],[-69.917923,-32.549028],[-69.918755,-32.547838],[-69.919358,-32.547606],[-69.920962,-32.547342],[-69.921764,-32.546233],[-69.92298,-32.544816],[-69.924177,-32.544204],[-69.925848,-32.543353],[-69.92717,-32.542763],[-69.928374,-32.542432],[-69.930168,-32.541819],[-69.931301,-32.542314],[-69.933166,-32.543046],[-69.935031,-32.543377],[-69.937037,-32.543801],[-69.939776,-32.544085],[-69.941711,-32.543793],[-69.942051,-32.543729],[-69.943552,-32.543447],[-69.944591,-32.543188],[-69.945973,-32.541552],[-69.947046,-32.54092],[-69.947164,-32.540851],[-69.947721,-32.540845],[-69.947849,-32.540853],[-69.948408,-32.540888],[-69.949336,-32.540945],[-69.950516,-32.541606],[-69.951626,-32.542692],[-69.952057,-32.543347],[-69.952853,-32.544557],[-69.953731,-32.544416],[-69.95495,-32.54422],[-69.955071,-32.544201],[-69.956087,-32.544037],[-69.957177,-32.544507],[-69.958366,-32.545019],[-69.95918,-32.546091],[-69.960171,-32.546492],[-69.961493,-32.546634],[-69.963995,-32.546729],[-69.964326,-32.546209],[-69.9648,-32.545577],[-69.965009,-32.545472],[-69.965988,-32.544983],[-69.967177,-32.544031],[-69.968605,-32.543198],[-69.970727,-32.541145],[-69.971336,-32.53967],[-69.972446,-32.539482],[-69.974075,-32.538844],[-69.975869,-32.538018],[-69.977261,-32.536743],[-69.978465,-32.535775],[-69.978607,-32.535492],[-69.978725,-32.53502],[-69.979616,-32.534026],[-69.979693,-32.532778],[-69.979835,-32.532494],[-69.980708,-32.53214],[-69.982525,-32.531539],[-69.98431,-32.531063],[-69.985618,-32.531063],[-69.98696,-32.531153],[-69.988167,-32.530936],[-69.989158,-32.531068],[-69.99002,-32.531182],[-69.992012,-32.531207],[-69.994069,-32.531078],[-69.996996,-32.530771],[-69.999835,-32.530231],[-70.000834,-32.530056],[-70.001342,-32.529787],[-70.001797,-32.529517],[-70.00275,-32.528922],[-70.003558,-32.529095],[-70.00403,-32.529426],[-70.004786,-32.530535],[-70.005352,-32.53122],[-70.00606,-32.531786],[-70.00644,-32.531871],[-70.007642,-32.53214],[-70.008043,-32.532707],[-70.008327,-32.533486],[-70.008586,-32.534147],[-70.009294,-32.535162],[-70.008954,-32.536416],[-70.008421,-32.538325],[-70.010498,-32.54052],[-70.012576,-32.541606],[-70.013839,-32.542009],[-70.014172,-32.542247],[-70.014456,-32.542467],[-70.014786,-32.542724],[-70.016117,-32.54366],[-70.016777,-32.544321],[-70.01699,-32.544793],[-70.016986,-32.54516],[-70.01698,-32.545642],[-70.016966,-32.54687],[-70.016754,-32.547744],[-70.017415,-32.549231],[-70.017722,-32.549538],[-70.018834,-32.550433],[-70.019407,-32.55117],[-70.019624,-32.551667],[-70.019635,-32.551691],[-70.020239,-32.553073],[-70.020953,-32.554263],[-70.021198,-32.554643],[-70.022024,-32.555928],[-70.023095,-32.557713],[-70.024473,-32.558437],[-70.025441,-32.558862],[-70.02622,-32.558933],[-70.026456,-32.559877],[-70.026031,-32.560727],[-70.025811,-32.560986],[-70.025228,-32.561671],[-70.025039,-32.562214],[-70.024426,-32.562851],[-70.024237,-32.563347],[-70.025228,-32.564291],[-70.02595,-32.565027],[-70.026409,-32.565495],[-70.026597,-32.567879],[-70.026715,-32.568304],[-70.027494,-32.568517],[-70.027306,-32.569532],[-70.026456,-32.570641],[-70.026173,-32.571184],[-70.025831,-32.572109],[-70.025712,-32.573417],[-70.025474,-32.574131],[-70.025474,-32.574845],[-70.025345,-32.575212],[-70.024989,-32.577273],[-70.025459,-32.57811],[-70.025831,-32.578771],[-70.027199,-32.579113],[-70.027259,-32.579128],[-70.028092,-32.579366],[-70.030471,-32.579842],[-70.032494,-32.580199],[-70.032852,-32.580329],[-70.033802,-32.580675],[-70.033826,-32.580679],[-70.035706,-32.581032],[-70.036777,-32.581746],[-70.039037,-32.582697],[-70.039394,-32.582912],[-70.040227,-32.583411],[-70.040635,-32.583887],[-70.04117,-32.584511],[-70.041351,-32.585253],[-70.04187,-32.586174],[-70.041888,-32.586205],[-70.042366,-32.587071],[-70.041988,-32.588133],[-70.041774,-32.588404],[-70.04154,-32.5887],[-70.040569,-32.590019],[-70.040407,-32.590328],[-70.04036,-32.59132],[-70.040572,-32.592712],[-70.041257,-32.593728],[-70.041689,-32.594132],[-70.041774,-32.594357],[-70.042487,-32.594833],[-70.043201,-32.595428],[-70.043971,-32.596584],[-70.044231,-32.597693],[-70.044231,-32.598874],[-70.044137,-32.599204],[-70.043856,-32.599723],[-70.043856,-32.600246],[-70.043856,-32.601138],[-70.044094,-32.60209],[-70.044391,-32.602804],[-70.045521,-32.604529],[-70.0457,-32.605183],[-70.046711,-32.605897],[-70.046805,-32.605935],[-70.047901,-32.606373],[-70.048615,-32.607146],[-70.049266,-32.607761],[-70.049685,-32.608158],[-70.050399,-32.608634],[-70.051291,-32.609466],[-70.052005,-32.61024],[-70.052481,-32.611132],[-70.052817,-32.611805],[-70.05398,-32.612754],[-70.055184,-32.613462],[-70.056527,-32.614225],[-70.057419,-32.614523],[-70.058727,-32.615355],[-70.059798,-32.616486],[-70.060631,-32.617319],[-70.061642,-32.618984],[-70.061817,-32.619906],[-70.062133,-32.621243],[-70.062242,-32.621889],[-70.062531,-32.622558],[-70.06262,-32.622763],[-70.062766,-32.623143],[-70.062894,-32.623485],[-70.063045,-32.623919],[-70.063486,-32.624159],[-70.063962,-32.624516],[-70.064313,-32.624809],[-70.064676,-32.625111],[-70.065449,-32.625528],[-70.066163,-32.625825],[-70.066639,-32.625885],[-70.067591,-32.625944],[-70.068305,-32.626063],[-70.069673,-32.626004],[-70.070105,-32.626052],[-70.071279,-32.626182],[-70.072171,-32.62636],[-70.07348,-32.626242],[-70.075086,-32.625944],[-70.07574,-32.625647],[-70.07699,-32.624516],[-70.077703,-32.623922],[-70.078239,-32.623743],[-70.07931,-32.623029],[-70.080088,-32.622361],[-70.081056,-32.622385],[-70.08163,-32.622553],[-70.082165,-32.622672],[-70.083355,-32.622791],[-70.083466,-32.622801],[-70.084782,-32.62291],[-70.085496,-32.623029],[-70.086448,-32.623029],[-70.087578,-32.623029],[-70.088305,-32.622798],[-70.088321,-32.622793],[-70.088887,-32.622613],[-70.089363,-32.622494],[-70.089601,-32.622434],[-70.089616,-32.622418],[-70.090434,-32.621542],[-70.090731,-32.620888],[-70.091088,-32.620055],[-70.091237,-32.619485],[-70.091311,-32.619202],[-70.091302,-32.61872],[-70.091293,-32.618239],[-70.091248,-32.615797],[-70.091207,-32.613571],[-70.090683,-32.61138],[-70.090553,-32.610835],[-70.090411,-32.6098],[-70.090593,-32.609496],[-70.090687,-32.609166],[-70.091016,-32.608693],[-70.091195,-32.606456],[-70.091207,-32.606314],[-70.091371,-32.604961],[-70.091631,-32.603146],[-70.09156,-32.602698],[-70.091266,-32.602209],[-70.091773,-32.601399],[-70.092221,-32.600998],[-70.094003,-32.600067],[-70.09498,-32.599374],[-70.095429,-32.599055],[-70.097811,-32.597648],[-70.098226,-32.596855],[-70.098484,-32.59571],[-70.098513,-32.595581],[-70.098881,-32.593405],[-70.100546,-32.592453],[-70.101736,-32.590907],[-70.10364,-32.590312],[-70.104912,-32.590683],[-70.106495,-32.591144],[-70.106969,-32.591239],[-70.107685,-32.591382],[-70.109369,-32.590821],[-70.109469,-32.590788],[-70.110103,-32.59045],[-70.111915,-32.589276],[-70.11297,-32.587153],[-70.114169,-32.585001],[-70.114622,-32.584189],[-70.116905,-32.582586],[-70.118058,-32.581186],[-70.118211,-32.581001],[-70.11841,-32.580759],[-70.118742,-32.580356],[-70.119701,-32.578014],[-70.121296,-32.57722],[-70.122752,-32.576878],[-70.122794,-32.576868],[-70.123821,-32.576488],[-70.124219,-32.576341],[-70.124295,-32.576312],[-70.124329,-32.5763],[-70.124439,-32.576259],[-70.1247,-32.576162],[-70.12497,-32.576063],[-70.125008,-32.576004],[-70.12517,-32.575752],[-70.126052,-32.574386],[-70.126155,-32.574226],[-70.126157,-32.574223],[-70.126159,-32.574219],[-70.126201,-32.574154],[-70.126165,-32.574022],[-70.126199,-32.573486],[-70.126356,-32.573148],[-70.126634,-32.572549],[-70.126584,-32.572265],[-70.126533,-32.571981],[-70.126483,-32.571587],[-70.1264,-32.570943],[-70.126349,-32.570692],[-70.126299,-32.570441],[-70.126232,-32.569739],[-70.126433,-32.568936],[-70.126968,-32.567932],[-70.127303,-32.567062],[-70.127437,-32.566125],[-70.127872,-32.565389],[-70.127988,-32.565156],[-70.128207,-32.56472],[-70.12814,-32.563147],[-70.128039,-32.562411],[-70.127772,-32.561541],[-70.127705,-32.561357],[-70.127638,-32.561173],[-70.127537,-32.560403],[-70.127136,-32.559801],[-70.125863,-32.55853],[-70.125801,-32.558418],[-70.125738,-32.558306],[-70.12557,-32.558235],[-70.125396,-32.558161],[-70.125245,-32.557977],[-70.125095,-32.557793],[-70.125128,-32.557057],[-70.125429,-32.556588],[-70.125864,-32.556287],[-70.125899,-32.556263],[-70.125904,-32.556259],[-70.126115,-32.556112],[-70.126199,-32.556053],[-70.126533,-32.556053],[-70.126768,-32.555451],[-70.127035,-32.554848],[-70.127537,-32.554112],[-70.127688,-32.553878],[-70.127838,-32.553644],[-70.127939,-32.552707],[-70.127805,-32.551837],[-70.127705,-32.551168],[-70.12737,-32.550532],[-70.126968,-32.549963],[-70.126968,-32.549127],[-70.126701,-32.548859],[-70.126366,-32.548625],[-70.125753,-32.548561],[-70.125571,-32.548542],[-70.125406,-32.54846],[-70.125242,-32.548377],[-70.124918,-32.5481],[-70.124889,-32.547927],[-70.12486,-32.547755],[-70.12486,-32.547052],[-70.124794,-32.546584],[-70.12466,-32.546416],[-70.124526,-32.546249],[-70.124455,-32.546186],[-70.124225,-32.545981],[-70.124124,-32.545814],[-70.124024,-32.545647],[-70.123509,-32.54468],[-70.123499,-32.544662],[-70.123489,-32.544643],[-70.123321,-32.544074],[-70.123434,-32.543791],[-70.123483,-32.543669],[-70.123589,-32.543405],[-70.123622,-32.542769],[-70.123689,-32.542066],[-70.123756,-32.541665],[-70.123857,-32.541431],[-70.124071,-32.541094],[-70.124091,-32.541062],[-70.124191,-32.540828],[-70.124292,-32.540594],[-70.124024,-32.540126],[-70.12389,-32.540008],[-70.123756,-32.539891],[-70.123388,-32.539289],[-70.123656,-32.538252],[-70.123689,-32.537449],[-70.123455,-32.536612],[-70.12336,-32.536413],[-70.123264,-32.536214],[-70.123254,-32.535575],[-70.123388,-32.535173],[-70.123487,-32.535061],[-70.12389,-32.534604],[-70.124007,-32.534471],[-70.124124,-32.534337],[-70.124626,-32.533567],[-70.12519,-32.532636],[-70.125209,-32.53261],[-70.125228,-32.532583],[-70.1259,-32.53133],[-70.126649,-32.530177],[-70.126825,-32.530032],[-70.127002,-32.529886],[-70.12737,-32.529318],[-70.127872,-32.528682],[-70.127895,-32.528636],[-70.127918,-32.52859],[-70.128207,-32.528013],[-70.128675,-32.52731],[-70.129311,-32.52644],[-70.129456,-32.526263],[-70.129612,-32.526072],[-70.129673,-32.525987],[-70.130047,-32.52547],[-70.130047,-32.5252],[-70.130047,-32.525027],[-70.130047,-32.524834],[-70.12988,-32.523897],[-70.130112,-32.52317],[-70.13013,-32.523115],[-70.130147,-32.52306],[-70.130281,-32.522391],[-70.130214,-32.521521],[-70.130013,-32.520718],[-70.130058,-32.520592],[-70.130125,-32.520402],[-70.130214,-32.520149],[-70.130341,-32.519781],[-70.130495,-32.519332],[-70.131821,-32.517832],[-70.133852,-32.515535],[-70.134397,-32.515465],[-70.134547,-32.515348],[-70.134698,-32.51523],[-70.134765,-32.51436],[-70.134631,-32.513524],[-70.134163,-32.512654],[-70.134092,-32.512557],[-70.13405,-32.512499],[-70.133895,-32.512286],[-70.133694,-32.511817],[-70.133661,-32.511249],[-70.13368,-32.511192],[-70.133712,-32.511096],[-70.133795,-32.510847],[-70.134029,-32.510312],[-70.134281,-32.510165],[-70.134399,-32.510095],[-70.13443,-32.510077],[-70.134665,-32.50991],[-70.134865,-32.509475],[-70.135434,-32.508806],[-70.136204,-32.507869],[-70.136371,-32.506999],[-70.136271,-32.505928],[-70.136806,-32.504657],[-70.137107,-32.503653],[-70.137475,-32.50285],[-70.137977,-32.502381],[-70.138479,-32.50198],[-70.139048,-32.501545],[-70.139483,-32.501177],[-70.139821,-32.500941],[-70.139915,-32.500324],[-70.140177,-32.500099],[-70.14018,-32.500096],[-70.140184,-32.500091],[-70.140187,-32.500086],[-70.140548,-32.499527],[-70.141017,-32.498959],[-70.141079,-32.498902],[-70.141149,-32.498839],[-70.141352,-32.498657],[-70.141251,-32.498189],[-70.141033,-32.498031],[-70.140947,-32.49797],[-70.140871,-32.497786],[-70.140588,-32.497604],[-70.14018,-32.496884],[-70.139678,-32.496148],[-70.139009,-32.495412],[-70.138039,-32.494475],[-70.137906,-32.494372],[-70.137774,-32.49427],[-70.137303,-32.493906],[-70.137186,-32.493822],[-70.137069,-32.493739],[-70.136868,-32.493203],[-70.13673,-32.492694],[-70.136628,-32.492607],[-70.136526,-32.492519],[-70.135797,-32.492199],[-70.135228,-32.491831],[-70.135195,-32.491547],[-70.135161,-32.491262],[-70.135462,-32.490493],[-70.135758,-32.489696],[-70.13582,-32.489438],[-70.135883,-32.48918],[-70.135889,-32.489131],[-70.135944,-32.488721],[-70.136004,-32.48862],[-70.136065,-32.488519],[-70.136117,-32.488292],[-70.13621,-32.48789],[-70.136265,-32.487649],[-70.136366,-32.487347],[-70.1365,-32.487294],[-70.1367,-32.487214],[-70.137269,-32.48708],[-70.137566,-32.48708],[-70.137722,-32.48708],[-70.138005,-32.48708],[-70.138942,-32.486946],[-70.139712,-32.486578],[-70.139879,-32.486461],[-70.140047,-32.486344],[-70.140287,-32.485907],[-70.140415,-32.485674],[-70.140532,-32.485574],[-70.140649,-32.485474],[-70.140906,-32.484951],[-70.141344,-32.484037],[-70.141725,-32.483105],[-70.142186,-32.482044],[-70.142201,-32.481852],[-70.142303,-32.481706],[-70.142406,-32.481561],[-70.143395,-32.480923],[-70.143634,-32.480923],[-70.143989,-32.480767],[-70.144129,-32.480655],[-70.144499,-32.480069],[-70.145011,-32.478593],[-70.14507,-32.477796],[-70.145094,-32.477023],[-70.145094,-32.476523],[-70.14513,-32.476059],[-70.145154,-32.475667],[-70.145166,-32.475333],[-70.1453,-32.475134],[-70.145509,-32.474688],[-70.145666,-32.47449],[-70.146404,-32.474331],[-70.147006,-32.473662],[-70.147676,-32.472792],[-70.148077,-32.472022],[-70.148201,-32.471846],[-70.148325,-32.47167],[-70.148784,-32.471183],[-70.148819,-32.471146],[-70.14882,-32.471143],[-70.14883,-32.471089],[-70.148944,-32.470996],[-70.149081,-32.470885],[-70.149315,-32.47065],[-70.149315,-32.470517],[-70.149315,-32.470383],[-70.149181,-32.46968],[-70.149131,-32.469545],[-70.14913,-32.469544],[-70.149081,-32.469412],[-70.148713,-32.468777],[-70.148512,-32.468275],[-70.148445,-32.46804],[-70.148378,-32.467806],[-70.148473,-32.467335],[-70.148479,-32.467304],[-70.148604,-32.467179],[-70.14868,-32.467103],[-70.148746,-32.466668],[-70.148676,-32.466128],[-70.148664,-32.466038],[-70.148646,-32.465899],[-70.148746,-32.465665],[-70.149081,-32.465363],[-70.149341,-32.465286],[-70.14945,-32.465253],[-70.14975,-32.465163],[-70.150118,-32.464862],[-70.150286,-32.464694],[-70.150453,-32.464527],[-70.150742,-32.464173],[-70.150754,-32.464159],[-70.150955,-32.464025],[-70.151156,-32.463891],[-70.152439,-32.463325],[-70.152665,-32.46325],[-70.152891,-32.463174],[-70.153026,-32.463035],[-70.153297,-32.462754],[-70.153582,-32.462703],[-70.153866,-32.462653],[-70.155238,-32.462486],[-70.155379,-32.462496],[-70.155519,-32.462507],[-70.156141,-32.462553],[-70.156443,-32.462569],[-70.156744,-32.462586],[-70.157547,-32.462687],[-70.158624,-32.462821],[-70.158714,-32.462804],[-70.158803,-32.462787],[-70.159828,-32.462592],[-70.16019,-32.462218],[-70.160391,-32.462068],[-70.160592,-32.461917],[-70.1608,-32.461818],[-70.161227,-32.461616],[-70.161462,-32.461415],[-70.161696,-32.461214],[-70.161744,-32.461162],[-70.162097,-32.460779],[-70.162265,-32.460696],[-70.162432,-32.460612],[-70.162557,-32.460522],[-70.162738,-32.460357],[-70.16277,-32.460331],[-70.162834,-32.460277],[-70.163034,-32.459675],[-70.163001,-32.45914],[-70.162981,-32.458865],[-70.162976,-32.458784],[-70.162967,-32.458671],[-70.163,-32.458044],[-70.163813,-32.457259],[-70.164975,-32.456613],[-70.165284,-32.455903],[-70.165598,-32.455489],[-70.166735,-32.454877],[-70.16689,-32.454759],[-70.168004,-32.454428],[-70.169155,-32.453934],[-70.17228,-32.453167],[-70.174135,-32.452619],[-70.177176,-32.452094],[-70.17772,-32.452032],[-70.179866,-32.451328],[-70.180196,-32.451134],[-70.181217,-32.450535],[-70.181721,-32.4503],[-70.182179,-32.450088],[-70.182542,-32.450038],[-70.183513,-32.44957],[-70.184081,-32.449503],[-70.18418,-32.449544],[-70.184981,-32.449882],[-70.18511,-32.449887],[-70.189052,-32.449854],[-70.189502,-32.449804],[-70.189728,-32.449804],[-70.189954,-32.449804],[-70.190506,-32.449804],[-70.191376,-32.449871],[-70.192706,-32.450008],[-70.192741,-32.449988],[-70.192776,-32.449969],[-70.193712,-32.449439],[-70.193808,-32.449302],[-70.194073,-32.449285],[-70.194321,-32.449269],[-70.194555,-32.448834],[-70.194689,-32.448633],[-70.194822,-32.448432],[-70.194826,-32.448425],[-70.195023,-32.447997],[-70.195207,-32.447847],[-70.195391,-32.447696],[-70.19586,-32.447462],[-70.196261,-32.446893],[-70.196395,-32.446642],[-70.196529,-32.446391],[-70.196763,-32.445521],[-70.197232,-32.444919],[-70.197499,-32.444551],[-70.197501,-32.444547],[-70.197633,-32.444249],[-70.198135,-32.443848],[-70.198905,-32.443246],[-70.199072,-32.443062],[-70.199239,-32.442878],[-70.199366,-32.442286],[-70.200057,-32.441792],[-70.20029,-32.441737],[-70.200522,-32.441681],[-70.20118,-32.441305],[-70.202519,-32.441138],[-70.202676,-32.441146],[-70.202834,-32.441155],[-70.203757,-32.441205],[-70.203908,-32.441229],[-70.205275,-32.441218],[-70.205637,-32.441222],[-70.206493,-32.441151],[-70.20676,-32.441199],[-70.206903,-32.441284],[-70.207177,-32.441474],[-70.207781,-32.441601],[-70.207951,-32.441559],[-70.20891,-32.44087],[-70.209347,-32.440751],[-70.210782,-32.440099],[-70.21152,-32.439799],[-70.212289,-32.439364],[-70.212746,-32.439009],[-70.212892,-32.438896],[-70.213436,-32.438569],[-70.21347,-32.438265],[-70.213527,-32.437758],[-70.213962,-32.436788],[-70.21433,-32.436085],[-70.214447,-32.435834],[-70.214565,-32.435583],[-70.215067,-32.434613],[-70.215334,-32.43381],[-70.215803,-32.433174],[-70.216405,-32.432304],[-70.216405,-32.431601],[-70.21694,-32.430932],[-70.217275,-32.430196],[-70.21761,-32.42966],[-70.217624,-32.429384],[-70.217634,-32.429192],[-70.217643,-32.429025],[-70.218011,-32.42859],[-70.218379,-32.428456],[-70.218697,-32.428505],[-70.219249,-32.42859],[-70.219485,-32.428906],[-70.219952,-32.429049],[-70.220235,-32.429078],[-70.22032,-32.429125],[-70.221056,-32.429259],[-70.22157,-32.429376],[-70.222388,-32.42942],[-70.222816,-32.429592],[-70.223003,-32.429753],[-70.22303,-32.429761],[-70.223231,-32.429928],[-70.223432,-32.430095],[-70.224302,-32.430229],[-70.225099,-32.43031],[-70.225716,-32.430629],[-70.225919,-32.430616],[-70.226121,-32.430604],[-70.226894,-32.430556],[-70.227347,-32.430344],[-70.228049,-32.43033],[-70.228288,-32.43033],[-70.228502,-32.43033],[-70.228551,-32.43033],[-70.229187,-32.430463],[-70.229957,-32.430865],[-70.230174,-32.431032],[-70.230392,-32.4312],[-70.231493,-32.431297],[-70.231868,-32.431377],[-70.232019,-32.431377],[-70.232475,-32.431378],[-70.232667,-32.431367],[-70.233136,-32.431099],[-70.233303,-32.430949],[-70.23347,-32.430798],[-70.234139,-32.430463],[-70.234775,-32.429995],[-70.234976,-32.429945],[-70.235177,-32.429895],[-70.235352,-32.429817],[-70.235408,-32.429658],[-70.235561,-32.429582],[-70.235685,-32.429563],[-70.236013,-32.429527],[-70.236649,-32.429292],[-70.236627,-32.429125],[-70.236551,-32.428897],[-70.236446,-32.428488],[-70.236417,-32.428069],[-70.236417,-32.427802],[-70.236314,-32.427488],[-70.236254,-32.426694],[-70.236056,-32.426298],[-70.235941,-32.425765],[-70.235922,-32.425385],[-70.23595,-32.425265],[-70.235999,-32.424633],[-70.236132,-32.424262],[-70.236189,-32.423909],[-70.236313,-32.42351],[-70.236398,-32.423234],[-70.236341,-32.422577],[-70.236303,-32.42153],[-70.236265,-32.420968],[-70.236303,-32.420493],[-70.236427,-32.419874],[-70.236627,-32.419436],[-70.236846,-32.41897],[-70.23736,-32.418208],[-70.237512,-32.417904],[-70.237607,-32.417637],[-70.237598,-32.417456],[-70.23755,-32.417352],[-70.237436,-32.417218],[-70.237236,-32.417085],[-70.23695,-32.41699],[-70.23677,-32.416923],[-70.236389,-32.416229],[-70.23598,-32.414871],[-70.235927,-32.414786],[-70.235645,-32.414335],[-70.235494,-32.414135],[-70.235466,-32.413944],[-70.235504,-32.413744],[-70.235618,-32.413497],[-70.23577,-32.413316],[-70.235985,-32.413166],[-70.23628,-32.41267],[-70.23634,-32.412374],[-70.236322,-32.411812],[-70.236415,-32.411491],[-70.236641,-32.411113],[-70.236753,-32.410508],[-70.236722,-32.409947],[-70.236703,-32.409538],[-70.236703,-32.409281],[-70.236703,-32.409176],[-70.23677,-32.409071],[-70.237674,-32.408348],[-70.238054,-32.407872],[-70.238331,-32.407074],[-70.238487,-32.406573],[-70.238695,-32.405458],[-70.238672,-32.405067],[-70.23859,-32.404832],[-70.238322,-32.40423],[-70.23782,-32.403226],[-70.237374,-32.402655],[-70.236519,-32.401869],[-70.236431,-32.401815],[-70.236033,-32.40146],[-70.235477,-32.400962],[-70.235424,-32.400915],[-70.235354,-32.400786],[-70.234971,-32.400391],[-70.234933,-32.400201],[-70.234961,-32.399915],[-70.235009,-32.399563],[-70.235056,-32.399192],[-70.235094,-32.399058],[-70.235377,-32.398709],[-70.235444,-32.398274],[-70.235377,-32.397906],[-70.234842,-32.397538],[-70.234622,-32.397345],[-70.234124,-32.397107],[-70.233637,-32.396601],[-70.23347,-32.396467],[-70.233303,-32.396333],[-70.232667,-32.395965],[-70.232533,-32.395714],[-70.232399,-32.395463],[-70.232399,-32.394894],[-70.232461,-32.393913],[-70.232372,-32.392796],[-70.232306,-32.392291],[-70.23199,-32.391474],[-70.231764,-32.391214],[-70.231563,-32.391063],[-70.231362,-32.390912],[-70.230526,-32.390678],[-70.230024,-32.390444],[-70.229941,-32.390444],[-70.229735,-32.390444],[-70.229488,-32.390444],[-70.228984,-32.390445],[-70.228425,-32.390428],[-70.22825,-32.390344],[-70.227514,-32.390109],[-70.227255,-32.390083],[-70.227146,-32.390073],[-70.226845,-32.390042],[-70.226176,-32.390176],[-70.225573,-32.390344],[-70.22539,-32.390497],[-70.225015,-32.39073],[-70.224939,-32.390778],[-70.224768,-32.390825],[-70.224511,-32.39074],[-70.224372,-32.390694],[-70.224196,-32.390635],[-70.22393,-32.390502],[-70.223597,-32.390454],[-70.223264,-32.390426],[-70.223189,-32.390416],[-70.223035,-32.390397],[-70.222797,-32.390311],[-70.222626,-32.390216],[-70.222545,-32.390112],[-70.222493,-32.390045],[-70.222388,-32.389836],[-70.221602,-32.388312],[-70.221633,-32.387355],[-70.22163,-32.386684],[-70.220417,-32.385014],[-70.219689,-32.383886],[-70.218061,-32.382601],[-70.217562,-32.382516],[-70.217462,-32.38243],[-70.217333,-32.382201],[-70.217433,-32.381987],[-70.217861,-32.381802],[-70.218192,-32.38154],[-70.21834,-32.38145],[-70.218908,-32.381383],[-70.219243,-32.380914],[-70.219377,-32.380797],[-70.219511,-32.38068],[-70.22018,-32.380111],[-70.220782,-32.379408],[-70.220983,-32.378773],[-70.221184,-32.37807],[-70.221451,-32.377434],[-70.221552,-32.377183],[-70.221652,-32.376932],[-70.221732,-32.376846],[-70.222054,-32.376497],[-70.222522,-32.376062],[-70.223091,-32.375594],[-70.223459,-32.375092],[-70.223643,-32.374891],[-70.223827,-32.37469],[-70.224262,-32.374189],[-70.224396,-32.373938],[-70.22453,-32.373687],[-70.224643,-32.37336],[-70.224977,-32.372722],[-70.225584,-32.372198],[-70.225768,-32.372114],[-70.226136,-32.371846],[-70.226604,-32.371411],[-70.226705,-32.370381],[-70.226728,-32.370148],[-70.226931,-32.369324],[-70.227594,-32.368401],[-70.228183,-32.366858],[-70.228274,-32.366766],[-70.228445,-32.366593],[-70.228646,-32.365991],[-70.228662,-32.365706],[-70.228679,-32.365422],[-70.229014,-32.364886],[-70.229183,-32.364485],[-70.229181,-32.363682],[-70.22888,-32.36318],[-70.228445,-32.362578],[-70.228352,-32.362429],[-70.228277,-32.36231],[-70.228257,-32.362066],[-70.228363,-32.361801],[-70.228612,-32.361574],[-70.228797,-32.361417],[-70.228799,-32.361415],[-70.229047,-32.361206],[-70.229095,-32.36103],[-70.229222,-32.360688],[-70.229081,-32.360302],[-70.22893,-32.360152],[-70.228779,-32.360001],[-70.228452,-32.359643],[-70.228411,-32.359599],[-70.228406,-32.35956],[-70.228311,-32.358863],[-70.228612,-32.358228],[-70.228763,-32.35801],[-70.228913,-32.357793],[-70.22898,-32.356856],[-70.22888,-32.355952],[-70.228679,-32.354915],[-70.228558,-32.354449],[-70.228096,-32.353629],[-70.227572,-32.352831],[-70.226763,-32.352248],[-70.226102,-32.351951],[-70.225558,-32.3515],[-70.224679,-32.351135],[-70.224614,-32.351108],[-70.224595,-32.351104],[-70.224014,-32.350987],[-70.223854,-32.350898],[-70.223669,-32.350726],[-70.223503,-32.350571],[-70.223295,-32.350119],[-70.223194,-32.349827],[-70.223051,-32.349399],[-70.222878,-32.348887],[-70.222682,-32.34859],[-70.222054,-32.347969],[-70.221552,-32.347553],[-70.221016,-32.347219],[-70.220929,-32.34714],[-70.220508,-32.346815],[-70.220237,-32.346401],[-70.220087,-32.346101],[-70.219844,-32.345437],[-70.219778,-32.344642],[-70.219745,-32.343772],[-70.220146,-32.342802],[-70.220481,-32.3423],[-70.220732,-32.342183],[-70.220983,-32.342066],[-70.221384,-32.341731],[-70.221518,-32.341564],[-70.221587,-32.341479],[-70.2216,-32.341275],[-70.221351,-32.340694],[-70.220849,-32.339891],[-70.220581,-32.338887],[-70.220247,-32.338151],[-70.219845,-32.337281],[-70.21931,-32.336444],[-70.218574,-32.335775],[-70.21834,-32.335541],[-70.218239,-32.335106],[-70.218139,-32.334403],[-70.21812,-32.334156],[-70.218102,-32.333908],[-70.21815,-32.333235],[-70.218167,-32.332984],[-70.218184,-32.332733],[-70.218485,-32.332265],[-70.218953,-32.331529],[-70.219455,-32.330659],[-70.219656,-32.329889],[-70.220258,-32.329153],[-70.220894,-32.328283],[-70.221563,-32.327379],[-70.221931,-32.326811],[-70.221998,-32.326175],[-70.222099,-32.325506],[-70.222366,-32.325004],[-70.222534,-32.324786],[-70.222701,-32.324569],[-70.223504,-32.324435],[-70.224173,-32.324268],[-70.224675,-32.323598],[-70.225177,-32.322762],[-70.225378,-32.322611],[-70.225579,-32.322461],[-70.226415,-32.322159],[-70.227118,-32.322093],[-70.227335,-32.321992],[-70.227553,-32.321892],[-70.228021,-32.321725],[-70.228557,-32.321189],[-70.229125,-32.320888],[-70.229494,-32.320386],[-70.229728,-32.320202],[-70.229962,-32.320018],[-70.230665,-32.319951],[-70.231133,-32.31975],[-70.231267,-32.319667],[-70.231401,-32.319583],[-70.231836,-32.319115],[-70.232593,-32.318534],[-70.233378,-32.31834],[-70.233845,-32.318226],[-70.23454,-32.318131],[-70.235024,-32.31782],[-70.235409,-32.317732],[-70.236621,-32.317676],[-70.237725,-32.317575],[-70.238495,-32.317341],[-70.239398,-32.317341],[-70.240268,-32.31714],[-70.241105,-32.316873],[-70.241238,-32.316739],[-70.241372,-32.316605],[-70.241575,-32.31627],[-70.241906,-32.316047],[-70.242135,-32.315989],[-70.242287,-32.315856],[-70.242401,-32.315637],[-70.242601,-32.315476],[-70.242612,-32.315457],[-70.242778,-32.315166],[-70.242895,-32.314999],[-70.243012,-32.314831],[-70.243266,-32.314641],[-70.24328,-32.314631],[-70.243363,-32.314547],[-70.243447,-32.314463],[-70.243781,-32.314028],[-70.243865,-32.313878],[-70.243949,-32.313727],[-70.244398,-32.312889],[-70.245019,-32.312255],[-70.245555,-32.31182],[-70.245689,-32.311686],[-70.245823,-32.311552],[-70.246057,-32.311184],[-70.246102,-32.310491],[-70.246105,-32.310487],[-70.246108,-32.310482],[-70.246737,-32.309468],[-70.247395,-32.308942],[-70.247897,-32.308273],[-70.248232,-32.307604],[-70.248399,-32.306533],[-70.248453,-32.306265],[-70.24846,-32.30623],[-70.248499,-32.306031],[-70.248934,-32.305563],[-70.249118,-32.305429],[-70.249303,-32.305295],[-70.249457,-32.305255],[-70.25005,-32.305039],[-70.250968,-32.304865],[-70.251475,-32.304852],[-70.251695,-32.304805],[-70.252004,-32.304669],[-70.252166,-32.304638],[-70.253095,-32.304495],[-70.253543,-32.304504],[-70.253599,-32.304564],[-70.253742,-32.304591],[-70.254255,-32.304592],[-70.254539,-32.304542],[-70.254824,-32.304492],[-70.254957,-32.304434],[-70.255955,-32.304055],[-70.25729,-32.30385],[-70.257954,-32.303306],[-70.257993,-32.303215],[-70.258077,-32.303018],[-70.258282,-32.302907],[-70.258504,-32.302785],[-70.258527,-32.302654],[-70.258701,-32.302005],[-70.258765,-32.301698],[-70.258843,-32.301334],[-70.258969,-32.300791],[-70.258972,-32.300778],[-70.259057,-32.300385],[-70.259122,-32.300064],[-70.259136,-32.299842],[-70.259179,-32.2997],[-70.259257,-32.299628],[-70.259343,-32.299536],[-70.25935,-32.299528],[-70.259457,-32.299436],[-70.259444,-32.299196],[-70.259632,-32.29897],[-70.259728,-32.298729],[-70.260159,-32.298277],[-70.260178,-32.298044],[-70.260228,-32.297872],[-70.260428,-32.297651],[-70.261008,-32.296706],[-70.261181,-32.296294],[-70.261315,-32.296093],[-70.261449,-32.295892],[-70.261784,-32.295391],[-70.261934,-32.29519],[-70.261997,-32.295105],[-70.26205,-32.294419],[-70.262018,-32.293885],[-70.262018,-32.293182],[-70.261994,-32.292966],[-70.262079,-32.292183],[-70.262474,-32.291645],[-70.262991,-32.291407],[-70.263822,-32.29115],[-70.264129,-32.291025],[-70.264895,-32.29094],[-70.265133,-32.290985],[-70.265799,-32.291375],[-70.266239,-32.291648],[-70.268361,-32.292295],[-70.268619,-32.292387],[-70.269637,-32.292925],[-70.270129,-32.293182],[-70.270393,-32.293339],[-70.270622,-32.293482],[-70.27095,-32.293661],[-70.271071,-32.293703],[-70.271143,-32.293718],[-70.271353,-32.293684],[-70.271604,-32.2936],[-70.271855,-32.293517],[-70.272625,-32.293182],[-70.272798,-32.293095],[-70.272972,-32.293009],[-70.273495,-32.292747],[-70.273617,-32.292674],[-70.273998,-32.29264],[-70.274305,-32.292661],[-70.274676,-32.292697],[-70.275034,-32.29268],[-70.275938,-32.292613],[-70.277443,-32.292245],[-70.277646,-32.292185],[-70.27785,-32.292125],[-70.278347,-32.291978],[-70.279673,-32.291643],[-70.280254,-32.291643],[-70.281158,-32.291777],[-70.281847,-32.292078],[-70.282601,-32.292175],[-70.283232,-32.292346],[-70.283399,-32.292429],[-70.283567,-32.292513],[-70.284206,-32.292583],[-70.284427,-32.292511],[-70.284819,-32.292148],[-70.28492,-32.292063],[-70.285139,-32.291877],[-70.285181,-32.291855],[-70.285457,-32.291709],[-70.286055,-32.291598],[-70.286348,-32.291426],[-70.286505,-32.291269],[-70.286983,-32.290984],[-70.287532,-32.290534],[-70.287984,-32.290204],[-70.288519,-32.289803],[-70.288921,-32.289334],[-70.289171,-32.289234],[-70.289422,-32.289133],[-70.289924,-32.288765],[-70.290175,-32.288598],[-70.290426,-32.288431],[-70.291162,-32.287962],[-70.291999,-32.287661],[-70.292635,-32.28746],[-70.292769,-32.287343],[-70.292902,-32.287226],[-70.29317,-32.286289],[-70.293271,-32.285285],[-70.293264,-32.285181],[-70.293254,-32.283897],[-70.29324,-32.283102],[-70.293126,-32.282844],[-70.293083,-32.282806],[-70.292936,-32.282675],[-70.293036,-32.282541],[-70.29372,-32.282393],[-70.293806,-32.282374],[-70.293956,-32.282274],[-70.294107,-32.282173],[-70.294212,-32.282173],[-70.294535,-32.282173],[-70.294742,-32.282058],[-70.29481,-32.281939],[-70.294944,-32.281705],[-70.295479,-32.28117],[-70.29588,-32.280634],[-70.296148,-32.280132],[-70.296148,-32.279865],[-70.296148,-32.279597],[-70.296091,-32.278632],[-70.296441,-32.278033],[-70.297185,-32.277924],[-70.297676,-32.277763],[-70.297797,-32.277713],[-70.297997,-32.277599],[-70.298247,-32.277542],[-70.298747,-32.277428],[-70.298959,-32.277288],[-70.299327,-32.27702],[-70.30003,-32.276619],[-70.300447,-32.27641],[-70.30096,-32.276114],[-70.301574,-32.27595],[-70.302099,-32.27583],[-70.303208,-32.275314],[-70.304191,-32.275013],[-70.3048,-32.274951],[-70.305093,-32.274937],[-70.30555,-32.274801],[-70.305878,-32.274737],[-70.306306,-32.27468],[-70.307224,-32.274678],[-70.30786,-32.274812],[-70.308117,-32.274866],[-70.308252,-32.274894],[-70.308495,-32.274946],[-70.309064,-32.274979],[-70.309834,-32.274678],[-70.310085,-32.274528],[-70.310336,-32.274377],[-70.310923,-32.273782],[-70.311564,-32.273415],[-70.312444,-32.273306],[-70.312888,-32.273306],[-70.313231,-32.273181],[-70.313402,-32.273181],[-70.313638,-32.273209],[-70.313963,-32.273295],[-70.314272,-32.273302],[-70.314644,-32.27331],[-70.315137,-32.273309],[-70.315601,-32.273295],[-70.316379,-32.27323],[-70.316873,-32.273263],[-70.317747,-32.273194],[-70.318627,-32.273338],[-70.318813,-32.273323],[-70.318927,-32.273288],[-70.319027,-32.273266],[-70.319106,-32.273173],[-70.319213,-32.273081],[-70.319303,-32.272905],[-70.319303,-32.27247],[-70.319253,-32.272185],[-70.319203,-32.271901],[-70.319136,-32.271198],[-70.319136,-32.270981],[-70.319136,-32.270763],[-70.319136,-32.270362],[-70.319203,-32.270178],[-70.31927,-32.269994],[-70.319404,-32.269625],[-70.319571,-32.269358],[-70.319738,-32.26919],[-70.32014,-32.26919],[-70.320408,-32.269257],[-70.320675,-32.269324],[-70.321344,-32.269324],[-70.321595,-32.269157],[-70.321846,-32.26899],[-70.322281,-32.268153],[-70.322683,-32.267517],[-70.322867,-32.267283],[-70.323051,-32.267049],[-70.323319,-32.266514],[-70.323424,-32.266242],[-70.323439,-32.266085],[-70.323431,-32.265935],[-70.323374,-32.265807],[-70.323296,-32.265671],[-70.322857,-32.265073],[-70.322516,-32.264171],[-70.322422,-32.263882],[-70.322396,-32.263551],[-70.322382,-32.263422],[-70.322304,-32.263244],[-70.322261,-32.263073],[-70.322154,-32.262836],[-70.322054,-32.262673],[-70.322032,-32.262537],[-70.322011,-32.262444],[-70.321997,-32.262359],[-70.321968,-32.262087],[-70.321846,-32.261829],[-70.32181,-32.26159],[-70.321718,-32.261467],[-70.321697,-32.261352],[-70.321675,-32.261202],[-70.321654,-32.261052],[-70.321712,-32.260803],[-70.321712,-32.260646],[-70.321811,-32.260453],[-70.321811,-32.260353],[-70.321797,-32.260282],[-70.321705,-32.260067],[-70.321679,-32.259654],[-70.321679,-32.259453],[-70.321679,-32.25942],[-70.321679,-32.259285],[-70.321679,-32.258282],[-70.321496,-32.257871],[-70.32114,-32.25759],[-70.320984,-32.257318],[-70.320922,-32.257209],[-70.320376,-32.256548],[-70.31986,-32.255757],[-70.319805,-32.255706],[-70.319705,-32.255538],[-70.319727,-32.255256],[-70.319827,-32.255063],[-70.319862,-32.254899],[-70.319862,-32.254771],[-70.319827,-32.254621],[-70.319762,-32.254435],[-70.319648,-32.254235],[-70.319527,-32.254078],[-70.319398,-32.253957],[-70.319163,-32.253778],[-70.318762,-32.253558],[-70.318601,-32.253397],[-70.318333,-32.252794],[-70.318132,-32.252192],[-70.317831,-32.251322],[-70.317423,-32.250914],[-70.317332,-32.250807],[-70.316857,-32.250252],[-70.31661,-32.249803],[-70.315897,-32.248819],[-70.315894,-32.248817],[-70.314915,-32.247742],[-70.313665,-32.24637],[-70.313381,-32.246169],[-70.313213,-32.245935],[-70.313046,-32.245701],[-70.31231,-32.244965],[-70.311908,-32.244663],[-70.311674,-32.24458],[-70.311511,-32.244522],[-70.311416,-32.244462],[-70.311225,-32.244342],[-70.311169,-32.244101],[-70.311153,-32.243892],[-70.311125,-32.243706],[-70.311103,-32.243649],[-70.311039,-32.243549],[-70.310975,-32.243464],[-70.310805,-32.243398],[-70.310597,-32.243321],[-70.310397,-32.243157],[-70.310204,-32.243028],[-70.310083,-32.242921],[-70.309861,-32.242743],[-70.309733,-32.242578],[-70.309633,-32.242053],[-70.309767,-32.241886],[-70.309901,-32.241719],[-70.310009,-32.24161],[-70.310168,-32.241451],[-70.310252,-32.241334],[-70.310336,-32.241217],[-70.310367,-32.240716],[-70.310389,-32.240366],[-70.310452,-32.240261],[-70.310515,-32.240155],[-70.310557,-32.239238],[-70.310429,-32.238662],[-70.310285,-32.238461],[-70.310127,-32.237935],[-70.310068,-32.237737],[-70.309934,-32.237469],[-70.3098,-32.237202],[-70.309365,-32.236733],[-70.308964,-32.236399],[-70.30878,-32.236265],[-70.308596,-32.236131],[-70.308276,-32.236104],[-70.307975,-32.236078],[-70.307876,-32.235976],[-70.307777,-32.235873],[-70.307461,-32.235351],[-70.306949,-32.234833],[-70.306588,-32.234324],[-70.306454,-32.233889],[-70.306019,-32.23332],[-70.305608,-32.233102],[-70.305157,-32.232977],[-70.305036,-32.232927],[-70.304929,-32.23282],[-70.304879,-32.23277],[-70.304848,-32.232617],[-70.304885,-32.232468],[-70.305019,-32.23235],[-70.305651,-32.232149],[-70.306153,-32.231747],[-70.306304,-32.23158],[-70.306454,-32.231413],[-70.306575,-32.231303],[-70.306913,-32.230896],[-70.30697,-32.230782],[-70.30709,-32.230543],[-70.307491,-32.230074],[-70.308295,-32.229004],[-70.308445,-32.228903],[-70.308596,-32.228803],[-70.308997,-32.228201],[-70.309031,-32.227983],[-70.309064,-32.227766],[-70.30919,-32.227438],[-70.30955,-32.22716],[-70.309668,-32.227051],[-70.3098,-32.226929],[-70.309934,-32.226527],[-70.310135,-32.225758],[-70.310185,-32.225557],[-70.310235,-32.225356],[-70.310444,-32.224709],[-70.310419,-32.224603],[-70.310369,-32.224386],[-70.31014,-32.22389],[-70.310204,-32.223627],[-70.310235,-32.223499],[-70.310269,-32.223382],[-70.310871,-32.222077],[-70.310637,-32.221374],[-70.309968,-32.220404],[-70.309547,-32.2202],[-70.309433,-32.220185],[-70.309355,-32.220171],[-70.309265,-32.220103],[-70.309117,-32.21999],[-70.30888,-32.219718],[-70.308723,-32.219596],[-70.308562,-32.219166],[-70.30853,-32.218994],[-70.308498,-32.218821],[-70.308409,-32.218347],[-70.308248,-32.217901],[-70.308315,-32.217266],[-70.308295,-32.216857],[-70.308211,-32.216589],[-70.308127,-32.216322],[-70.308018,-32.216189],[-70.30777,-32.215738],[-70.307491,-32.215552],[-70.306871,-32.215198],[-70.306371,-32.214946],[-70.306085,-32.214703],[-70.30597,-32.214493],[-70.305852,-32.214046],[-70.305735,-32.213862],[-70.305618,-32.213678],[-70.304815,-32.21331],[-70.304212,-32.213143],[-70.303801,-32.213045],[-70.303373,-32.213011],[-70.303116,-32.21279],[-70.303009,-32.212547],[-70.302994,-32.212113],[-70.302974,-32.212039],[-70.303008,-32.211102],[-70.303008,-32.210332],[-70.302874,-32.209429],[-70.302606,-32.208693],[-70.302422,-32.208509],[-70.302238,-32.208325],[-70.301903,-32.207923],[-70.301245,-32.207505],[-70.301086,-32.207336],[-70.300953,-32.206815],[-70.301003,-32.206679],[-70.301234,-32.206417],[-70.301275,-32.206321],[-70.30132,-32.206047],[-70.301295,-32.205858],[-70.301374,-32.20568],[-70.301481,-32.205544],[-70.301671,-32.205395],[-70.301736,-32.205246],[-70.301938,-32.204781],[-70.302088,-32.204602],[-70.30235,-32.204391],[-70.3026,-32.204145],[-70.302909,-32.204095],[-70.30308,-32.204045],[-70.303387,-32.203981],[-70.303665,-32.20386],[-70.303862,-32.203819],[-70.304051,-32.20378],[-70.304399,-32.203751],[-70.3049,-32.20371],[-70.305214,-32.203674],[-70.305524,-32.203549],[-70.305752,-32.203339],[-70.305969,-32.203121],[-70.306029,-32.203061],[-70.306368,-32.202328],[-70.306387,-32.202268],[-70.306856,-32.201733],[-70.30698,-32.201428],[-70.30727,-32.20099],[-70.307316,-32.200711],[-70.307491,-32.200394],[-70.30796,-32.199792],[-70.308127,-32.199591],[-70.308295,-32.19939],[-70.308525,-32.199339],[-70.30909,-32.199163],[-70.309806,-32.199136],[-70.310101,-32.199022],[-70.310161,-32.198741],[-70.31018,-32.19865],[-70.310222,-32.198451],[-70.310235,-32.198387],[-70.310202,-32.197717],[-70.31016,-32.197641],[-70.309769,-32.197407],[-70.309611,-32.197221],[-70.309532,-32.197127],[-70.30922,-32.196719],[-70.309263,-32.196147],[-70.309162,-32.194865],[-70.309165,-32.193936],[-70.308897,-32.193334],[-70.30873,-32.192698],[-70.308748,-32.192606],[-70.308766,-32.192514],[-70.308833,-32.192183],[-70.309219,-32.192053],[-70.309533,-32.191862],[-70.309733,-32.191326],[-70.309784,-32.191092],[-70.309834,-32.190858],[-70.309733,-32.190423],[-70.309633,-32.190289],[-70.309533,-32.190155],[-70.309502,-32.189911],[-70.309466,-32.18962],[-70.309411,-32.189538],[-70.30934,-32.189247],[-70.308602,-32.188682],[-70.308034,-32.187877],[-70.307659,-32.187612],[-70.307624,-32.187578],[-70.307547,-32.1875],[-70.307438,-32.187336],[-70.307432,-32.18727],[-70.307447,-32.1872],[-70.307625,-32.186976],[-70.307651,-32.186957],[-70.307833,-32.186821],[-70.308027,-32.186675],[-70.308629,-32.186307],[-70.30883,-32.185872],[-70.30883,-32.185769],[-70.30883,-32.185538],[-70.30883,-32.185504],[-70.309048,-32.185205],[-70.309098,-32.185136],[-70.309159,-32.185063],[-70.309466,-32.184701],[-70.30945,-32.184547],[-70.309306,-32.184329],[-70.309263,-32.184036],[-70.309313,-32.183929],[-70.309391,-32.183808],[-70.309633,-32.18353],[-70.309829,-32.183407],[-70.309888,-32.18337],[-70.309928,-32.183345],[-70.309967,-32.183258],[-70.310442,-32.183195],[-70.311797,-32.183151],[-70.312125,-32.183123],[-70.312368,-32.183094],[-70.312611,-32.182937],[-70.313046,-32.18268],[-70.313271,-32.18249],[-70.314481,-32.181589],[-70.314957,-32.180984],[-70.315238,-32.180488],[-70.315594,-32.180103],[-70.31603,-32.179725],[-70.316191,-32.179515],[-70.316493,-32.178946],[-70.316493,-32.178678],[-70.316451,-32.178233],[-70.316487,-32.178061],[-70.316551,-32.177854],[-70.316693,-32.177641],[-70.316786,-32.177538],[-70.317036,-32.17744],[-70.317193,-32.177226],[-70.317262,-32.177005],[-70.317178,-32.176838],[-70.317147,-32.176775],[-70.316908,-32.17667],[-70.316292,-32.17667],[-70.316033,-32.176547],[-70.315609,-32.176434],[-70.315155,-32.175936],[-70.314991,-32.175785],[-70.314945,-32.175712],[-70.3149,-32.175639],[-70.314473,-32.175176],[-70.314184,-32.174462],[-70.31418,-32.174456],[-70.314176,-32.174451],[-70.313715,-32.173793],[-70.313689,-32.173522],[-70.3137,-32.172895],[-70.313681,-32.172593],[-70.313767,-32.172272],[-70.313952,-32.17185],[-70.314083,-32.170982],[-70.314443,-32.170502],[-70.314457,-32.170279],[-70.314444,-32.170204],[-70.314351,-32.169643],[-70.314368,-32.169393],[-70.314384,-32.169142],[-70.314652,-32.16864],[-70.3147,-32.168533],[-70.314748,-32.168427],[-70.314953,-32.16797],[-70.314982,-32.167911],[-70.315011,-32.167852],[-70.315154,-32.167301],[-70.315006,-32.167068],[-70.314943,-32.166969],[-70.31492,-32.166933],[-70.314518,-32.166565],[-70.314016,-32.166164],[-70.313381,-32.166063],[-70.313324,-32.166063],[-70.313049,-32.166063],[-70.312745,-32.166063],[-70.312343,-32.165795],[-70.312327,-32.165611],[-70.31231,-32.165427],[-70.312778,-32.164892],[-70.312894,-32.164762],[-70.313009,-32.164633],[-70.313314,-32.16429],[-70.313321,-32.164271],[-70.313328,-32.164252],[-70.313581,-32.163587],[-70.314016,-32.162684],[-70.314619,-32.162148],[-70.315412,-32.161767],[-70.315426,-32.161751],[-70.31544,-32.161734],[-70.316124,-32.161345],[-70.316861,-32.160776],[-70.31702,-32.160114],[-70.317128,-32.159806],[-70.317028,-32.159304],[-70.316161,-32.158043],[-70.315722,-32.157221],[-70.315388,-32.156418],[-70.315355,-32.155724],[-70.315221,-32.155506],[-70.315087,-32.155289],[-70.314856,-32.155015],[-70.314752,-32.154893],[-70.314719,-32.154854],[-70.314451,-32.154452],[-70.314217,-32.153984],[-70.314251,-32.152712],[-70.314451,-32.151641],[-70.314585,-32.150738],[-70.314585,-32.150002],[-70.314418,-32.149399],[-70.313481,-32.148529],[-70.31294,-32.14822],[-70.312735,-32.14787],[-70.312402,-32.147578],[-70.312343,-32.147492],[-70.31144,-32.147158],[-70.311222,-32.147124],[-70.311005,-32.147091],[-70.310403,-32.146656],[-70.310306,-32.146367],[-70.310281,-32.146291],[-70.310235,-32.146154],[-70.3098,-32.145886],[-70.309701,-32.145869],[-70.309602,-32.145851],[-70.309231,-32.145786],[-70.309047,-32.145786],[-70.308863,-32.145786],[-70.308462,-32.145551],[-70.308328,-32.145401],[-70.308194,-32.14525],[-70.30806,-32.144882],[-70.308048,-32.144857],[-70.308012,-32.144785],[-70.307926,-32.144615],[-70.307737,-32.144449],[-70.307358,-32.144414],[-70.306889,-32.144079],[-70.306739,-32.143945],[-70.306588,-32.143811],[-70.306287,-32.143544],[-70.306132,-32.143058],[-70.305831,-32.142766],[-70.305045,-32.142006],[-70.305033,-32.141983],[-70.304962,-32.141717],[-70.30489,-32.141449],[-70.304045,-32.140097],[-70.303811,-32.139696],[-70.30371,-32.139562],[-70.30361,-32.139428],[-70.303543,-32.138859],[-70.303543,-32.138257],[-70.303627,-32.138023],[-70.30371,-32.137788],[-70.30371,-32.137458],[-70.30371,-32.13732],[-70.303761,-32.137119],[-70.303811,-32.136918],[-70.303877,-32.136322],[-70.304301,-32.135837],[-70.304422,-32.135782],[-70.304585,-32.135648],[-70.304748,-32.135513],[-70.305216,-32.135112],[-70.305324,-32.134973],[-70.305432,-32.134835],[-70.305882,-32.13453],[-70.307072,-32.133574],[-70.307473,-32.133349],[-70.308328,-32.13287],[-70.308997,-32.132736],[-70.309404,-32.132716],[-70.310431,-32.132553],[-70.311345,-32.132242],[-70.311519,-32.132159],[-70.311693,-32.132075],[-70.312054,-32.131632],[-70.312783,-32.131163],[-70.313046,-32.131163],[-70.31323,-32.131213],[-70.313414,-32.131264],[-70.31371,-32.131292],[-70.314351,-32.131197],[-70.314585,-32.131063],[-70.314878,-32.131038],[-70.315448,-32.131138],[-70.315619,-32.131242],[-70.315862,-32.131233],[-70.31627,-32.131294],[-70.317651,-32.131535],[-70.317891,-32.131659],[-70.318189,-32.131947],[-70.318366,-32.131933],[-70.318801,-32.131966],[-70.318874,-32.13189],[-70.318947,-32.131814],[-70.31927,-32.131096],[-70.319772,-32.130527],[-70.319989,-32.13041],[-70.320207,-32.130293],[-70.320309,-32.130182],[-70.32063,-32.129698],[-70.321043,-32.129289],[-70.321123,-32.129034],[-70.321109,-32.128727],[-70.321201,-32.128499],[-70.321301,-32.128306],[-70.321437,-32.128127],[-70.321551,-32.128063],[-70.321779,-32.127884],[-70.322214,-32.127349],[-70.322449,-32.127231],[-70.322683,-32.127114],[-70.322743,-32.127021],[-70.322907,-32.126964],[-70.323693,-32.12698],[-70.324055,-32.12698],[-70.324272,-32.127064],[-70.32449,-32.127148],[-70.324901,-32.127169],[-70.325592,-32.127321],[-70.325963,-32.127506],[-70.326134,-32.127592],[-70.326255,-32.127728],[-70.326484,-32.127878],[-70.326631,-32.127917],[-70.327033,-32.127917],[-70.32714,-32.127716],[-70.327198,-32.127192],[-70.327267,-32.12678],[-70.327284,-32.126579],[-70.327301,-32.126378],[-70.327401,-32.125943],[-70.327802,-32.125274],[-70.327936,-32.125056],[-70.32807,-32.124839],[-70.328405,-32.124437],[-70.328529,-32.124324],[-70.328569,-32.124288],[-70.328625,-32.124238],[-70.328649,-32.124164],[-70.328835,-32.123545],[-70.328896,-32.123342],[-70.32904,-32.122932],[-70.329057,-32.122781],[-70.329074,-32.122631],[-70.329457,-32.122324],[-70.329743,-32.122095],[-70.329877,-32.121844],[-70.330011,-32.121593],[-70.330545,-32.120876],[-70.331316,-32.120522],[-70.332087,-32.120153],[-70.332286,-32.119954],[-70.332323,-32.119876],[-70.332781,-32.119163],[-70.332795,-32.119124],[-70.332908,-32.118805],[-70.332951,-32.118698],[-70.33303,-32.118583],[-70.333215,-32.118362],[-70.333301,-32.118248],[-70.33351,-32.117999],[-70.333715,-32.117863],[-70.333691,-32.117713],[-70.33368,-32.117648],[-70.333634,-32.117385],[-70.333591,-32.117143],[-70.333759,-32.11644],[-70.333872,-32.116192],[-70.334165,-32.115942],[-70.3348,-32.115707],[-70.335107,-32.115642],[-70.335457,-32.1156],[-70.335621,-32.115592],[-70.335735,-32.1155],[-70.336181,-32.115066],[-70.336203,-32.115036],[-70.336331,-32.114917],[-70.336592,-32.114543],[-70.33697,-32.114172],[-70.337489,-32.113834],[-70.337528,-32.113809],[-70.338341,-32.113173],[-70.338733,-32.11283],[-70.339248,-32.111953],[-70.34006,-32.110848],[-70.340076,-32.11082],[-70.340093,-32.110791],[-70.340179,-32.110715],[-70.340417,-32.110506],[-70.340919,-32.109882],[-70.341354,-32.109146],[-70.341505,-32.108895],[-70.341655,-32.108644],[-70.341707,-32.108349],[-70.341575,-32.108079],[-70.341374,-32.107669],[-70.34102,-32.107138],[-70.340443,-32.106541],[-70.340416,-32.106502],[-70.340389,-32.106463],[-70.339729,-32.105803],[-70.339361,-32.105213],[-70.338969,-32.104878],[-70.338423,-32.104443],[-70.338219,-32.104264],[-70.338148,-32.104078],[-70.338087,-32.103722],[-70.338192,-32.102911],[-70.338291,-32.102821],[-70.33875,-32.102174],[-70.338845,-32.101985],[-70.339005,-32.101721],[-70.339824,-32.1009],[-70.340197,-32.100738],[-70.340375,-32.100488],[-70.340447,-32.100104],[-70.340484,-32.100011],[-70.340492,-32.099858],[-70.340518,-32.099342],[-70.340718,-32.099281],[-70.340911,-32.09916],[-70.341125,-32.09904],[-70.341722,-32.098907],[-70.341809,-32.098868],[-70.34231,-32.098874],[-70.342709,-32.098682],[-70.343061,-32.098371],[-70.343178,-32.09812],[-70.343295,-32.097869],[-70.343462,-32.0972],[-70.343596,-32.096865],[-70.343563,-32.096531],[-70.343462,-32.096297],[-70.343375,-32.09616],[-70.343364,-32.096142],[-70.343228,-32.095929],[-70.343328,-32.095627],[-70.343596,-32.095427],[-70.344151,-32.095073],[-70.344274,-32.094906],[-70.34449,-32.094861],[-70.344958,-32.09492],[-70.345465,-32.094877],[-70.345972,-32.09459],[-70.346081,-32.094535],[-70.346168,-32.094492],[-70.346486,-32.094484],[-70.346803,-32.094332],[-70.346843,-32.094325],[-70.347181,-32.093985],[-70.347325,-32.093668],[-70.347399,-32.093114],[-70.347442,-32.092885],[-70.347571,-32.092628],[-70.347771,-32.092397],[-70.348156,-32.092171],[-70.34842,-32.092043],[-70.348682,-32.091846],[-70.349084,-32.091512],[-70.349118,-32.091461],[-70.349368,-32.090876],[-70.349385,-32.090642],[-70.349379,-32.090598],[-70.349347,-32.090378],[-70.349177,-32.09002],[-70.349153,-32.089835],[-70.349167,-32.089583],[-70.349245,-32.08941],[-70.349943,-32.088745],[-70.350114,-32.088598],[-70.350167,-32.088426],[-70.350221,-32.088232],[-70.350054,-32.087931],[-70.349881,-32.087816],[-70.349837,-32.087787],[-70.349753,-32.087731],[-70.349284,-32.08753],[-70.349053,-32.087348],[-70.348972,-32.087053],[-70.348925,-32.086843],[-70.348934,-32.086644],[-70.348816,-32.086225],[-70.348732,-32.086],[-70.348721,-32.085971],[-70.348615,-32.085689],[-70.348386,-32.085638],[-70.348179,-32.085592],[-70.348085,-32.085572],[-70.348063,-32.085567],[-70.348013,-32.085556],[-70.347838,-32.085608],[-70.34724,-32.08593],[-70.346916,-32.086082],[-70.346555,-32.086168],[-70.346269,-32.086206],[-70.345518,-32.086099],[-70.345303,-32.086091],[-70.345018,-32.085974],[-70.344734,-32.085857],[-70.343964,-32.085556],[-70.343772,-32.085363],[-70.343721,-32.085313],[-70.34363,-32.085221],[-70.343226,-32.085045],[-70.343094,-32.084987],[-70.342927,-32.08487],[-70.34276,-32.084752],[-70.342291,-32.084652],[-70.342219,-32.084638],[-70.342147,-32.084625],[-70.340953,-32.084585],[-70.340451,-32.084217],[-70.3403,-32.084016],[-70.34015,-32.083816],[-70.339848,-32.082812],[-70.339769,-32.082547],[-70.339351,-32.082043],[-70.339146,-32.081975],[-70.339029,-32.081774],[-70.338912,-32.081574],[-70.338477,-32.080871],[-70.338075,-32.080336],[-70.337975,-32.080051],[-70.337379,-32.07921],[-70.337375,-32.078851],[-70.33737,-32.078582],[-70.337237,-32.078401],[-70.337074,-32.078361],[-70.33667,-32.078261],[-70.336268,-32.078127],[-70.335833,-32.077625],[-70.335432,-32.077391],[-70.335281,-32.077257],[-70.335221,-32.077204],[-70.335169,-32.07676],[-70.335197,-32.076488],[-70.335214,-32.076337],[-70.335231,-32.076186],[-70.33521,-32.07602],[-70.335164,-32.075651],[-70.335197,-32.075316],[-70.33521,-32.075264],[-70.335244,-32.075131],[-70.335298,-32.074915],[-70.335298,-32.074647],[-70.33527,-32.074484],[-70.335259,-32.074414],[-70.335231,-32.074246],[-70.335159,-32.07413],[-70.335153,-32.073951],[-70.335153,-32.073684],[-70.335189,-32.073517],[-70.335195,-32.073351],[-70.335207,-32.07294],[-70.335207,-32.072791],[-70.335124,-32.072567],[-70.335076,-32.072338],[-70.335217,-32.071774],[-70.33524,-32.071623],[-70.335212,-32.071296],[-70.335177,-32.071179],[-70.335159,-32.070953],[-70.335153,-32.070686],[-70.335159,-32.07059],[-70.335189,-32.070436],[-70.335264,-32.070398],[-70.335343,-32.070398],[-70.335565,-32.070398],[-70.335621,-32.070385],[-70.335867,-32.070331],[-70.336159,-32.069978],[-70.336254,-32.069835],[-70.336343,-32.069787],[-70.336525,-32.069736],[-70.337245,-32.069446],[-70.338307,-32.069019],[-70.33861,-32.068758],[-70.339186,-32.068487],[-70.339644,-32.068481],[-70.340118,-32.06829],[-70.341053,-32.068256],[-70.341789,-32.067922],[-70.342258,-32.067453],[-70.342292,-32.067406],[-70.342999,-32.066756],[-70.34373,-32.066449],[-70.34383,-32.066332],[-70.343931,-32.066215],[-70.34409,-32.066143],[-70.344299,-32.066048],[-70.344449,-32.06588],[-70.3446,-32.065713],[-70.345068,-32.065245],[-70.345503,-32.064776],[-70.345671,-32.064559],[-70.345838,-32.064341],[-70.34634,-32.064007],[-70.346775,-32.063739],[-70.347043,-32.063538],[-70.347145,-32.063448],[-70.34731,-32.063304],[-70.347818,-32.063002],[-70.347844,-32.062995],[-70.347868,-32.062986],[-70.347877,-32.062982],[-70.347953,-32.062954],[-70.348102,-32.062931],[-70.348716,-32.062835],[-70.349316,-32.062653],[-70.349629,-32.062636],[-70.349653,-32.062635],[-70.349853,-32.062601],[-70.350054,-32.062568],[-70.350523,-32.062451],[-70.350991,-32.062334],[-70.351192,-32.0623],[-70.351546,-32.06211],[-70.351921,-32.062018],[-70.35235,-32.061912],[-70.352564,-32.061865],[-70.352714,-32.061832],[-70.352865,-32.061798],[-70.353969,-32.061363],[-70.354237,-32.061229],[-70.354504,-32.061095],[-70.354584,-32.061026],[-70.355008,-32.060775],[-70.355671,-32.060311],[-70.356011,-32.060035],[-70.357272,-32.058719],[-70.357415,-32.058657],[-70.357558,-32.058595],[-70.357851,-32.058314],[-70.35847,-32.05795],[-70.358764,-32.05795],[-70.358787,-32.05795],[-70.359062,-32.057895],[-70.35934,-32.057909],[-70.359645,-32.057914],[-70.360033,-32.05792],[-70.360369,-32.05792],[-70.360567,-32.057978],[-70.360766,-32.058089],[-70.360975,-32.058205],[-70.361254,-32.058227],[-70.361511,-32.058241],[-70.362032,-32.058234],[-70.362267,-32.058084],[-70.362769,-32.057716],[-70.363204,-32.057415],[-70.363338,-32.057348],[-70.363472,-32.057281],[-70.363717,-32.057161],[-70.363852,-32.057156],[-70.364088,-32.057106],[-70.364345,-32.056963],[-70.36458,-32.056763],[-70.364853,-32.056481],[-70.365133,-32.056354],[-70.365451,-32.056092],[-70.365815,-32.055878],[-70.366236,-32.055707],[-70.366809,-32.055595],[-70.367486,-32.055536],[-70.368042,-32.055502],[-70.368545,-32.055447],[-70.368926,-32.055407],[-70.369863,-32.055273],[-70.370499,-32.055206],[-70.371637,-32.055139],[-70.37244,-32.055106],[-70.37303,-32.054988],[-70.373396,-32.054872],[-70.37396,-32.054872],[-70.374352,-32.054838],[-70.374648,-32.054704],[-70.374799,-32.054621],[-70.374949,-32.054537],[-70.375117,-32.054169],[-70.375267,-32.053945],[-70.375417,-32.053721],[-70.375999,-32.053375],[-70.37679,-32.053232],[-70.377425,-32.052964],[-70.377726,-32.052897],[-70.378028,-32.052831],[-70.378256,-32.0527],[-70.378496,-32.052563],[-70.378714,-32.052529],[-70.378931,-32.052496],[-70.379293,-32.052375],[-70.380069,-32.051786],[-70.380257,-32.051624],[-70.38034,-32.051552],[-70.380427,-32.051488],[-70.380549,-32.051317],[-70.380838,-32.050856],[-70.381407,-32.050555],[-70.381876,-32.050154],[-70.382043,-32.049936],[-70.38221,-32.049719],[-70.382339,-32.049413],[-70.382476,-32.049311],[-70.382619,-32.049033],[-70.382726,-32.048803],[-70.383181,-32.048548],[-70.383783,-32.048213],[-70.383934,-32.048096],[-70.384094,-32.047963],[-70.384205,-32.047871],[-70.384444,-32.047386],[-70.38453,-32.047245],[-70.385337,-32.04666],[-70.38551,-32.046575],[-70.385683,-32.04649],[-70.386828,-32.046406],[-70.387631,-32.045871],[-70.387798,-32.045854],[-70.387966,-32.045837],[-70.388233,-32.045402],[-70.388267,-32.044766],[-70.388233,-32.043896],[-70.388033,-32.043394],[-70.387915,-32.043261],[-70.387798,-32.043127],[-70.387689,-32.043037],[-70.38731,-32.042726],[-70.3872,-32.042554],[-70.387091,-32.042385],[-70.386929,-32.042223],[-70.386795,-32.042178],[-70.386313,-32.041841],[-70.38611,-32.041592],[-70.386058,-32.041444],[-70.385967,-32.041109],[-70.386024,-32.040852],[-70.386117,-32.040581],[-70.386393,-32.040149],[-70.38643,-32.040079],[-70.386509,-32.039931],[-70.386516,-32.039617],[-70.386524,-32.039439],[-70.386524,-32.039239],[-70.386483,-32.038974],[-70.386426,-32.038877],[-70.386192,-32.038693],[-70.385958,-32.038509],[-70.385797,-32.038158],[-70.385667,-32.037873],[-70.385322,-32.037515],[-70.385121,-32.037371],[-70.38507,-32.037304],[-70.383858,-32.036303],[-70.383783,-32.036267],[-70.38308,-32.035799],[-70.382397,-32.035486],[-70.382226,-32.035213],[-70.381964,-32.03506],[-70.381528,-32.034902],[-70.381374,-32.034895],[-70.380838,-32.034795],[-70.380571,-32.034661],[-70.380303,-32.034527],[-70.379968,-32.034193],[-70.379957,-32.034175],[-70.379768,-32.033892],[-70.379634,-32.033523],[-70.379768,-32.032955],[-70.379885,-32.032804],[-70.380002,-32.032653],[-70.380738,-32.031984],[-70.38124,-32.031315],[-70.381248,-32.031094],[-70.381284,-32.030915],[-70.381377,-32.030744],[-70.381742,-32.030426],[-70.381943,-32.03011],[-70.381719,-32.0289],[-70.381501,-32.02849],[-70.380634,-32.027118],[-70.380199,-32.026518],[-70.379849,-32.026218],[-70.379364,-32.025826],[-70.378948,-32.025593],[-70.378697,-32.02556],[-70.377793,-32.025426],[-70.377688,-32.025398],[-70.37679,-32.025392],[-70.375853,-32.02556],[-70.37515,-32.025694],[-70.373845,-32.026028],[-70.373544,-32.026062],[-70.373243,-32.026095],[-70.372674,-32.026262],[-70.372638,-32.026275],[-70.372306,-32.026396],[-70.371904,-32.02643],[-70.371205,-32.026066],[-70.370891,-32.025685],[-70.3708,-32.025526],[-70.370563,-32.025397],[-70.370432,-32.025325],[-70.370403,-32.025328],[-70.369595,-32.025392],[-70.36896,-32.025459],[-70.367922,-32.025459],[-70.367621,-32.025325],[-70.367483,-32.025256],[-70.36722,-32.025125],[-70.36645,-32.024991],[-70.366199,-32.025024],[-70.365948,-32.025058],[-70.365312,-32.025091],[-70.365061,-32.025075],[-70.36481,-32.025058],[-70.364275,-32.025058],[-70.363338,-32.025158],[-70.362669,-32.025192],[-70.362335,-32.025236],[-70.361554,-32.025247],[-70.360419,-32.025355],[-70.360205,-32.025396],[-70.359598,-32.025599],[-70.35954,-32.025619],[-70.359378,-32.025644],[-70.358534,-32.025777],[-70.357895,-32.025946],[-70.357282,-32.025995],[-70.356579,-32.026296],[-70.356211,-32.026296],[-70.356126,-32.026242],[-70.355707,-32.026125],[-70.355434,-32.026023],[-70.354851,-32.02609],[-70.354077,-32.026064],[-70.353902,-32.026095],[-70.353823,-32.026112],[-70.35329,-32.026226],[-70.352295,-32.026296],[-70.352062,-32.026296],[-70.351225,-32.026329],[-70.350654,-32.026591],[-70.350507,-32.02675],[-70.350378,-32.026941],[-70.350218,-32.027389],[-70.350146,-32.027653],[-70.350075,-32.02811],[-70.349896,-32.028768],[-70.349887,-32.028839],[-70.349837,-32.028989],[-70.349786,-32.02914],[-70.349786,-32.029675],[-70.349418,-32.030211],[-70.348983,-32.030847],[-70.348983,-32.030847],[-70.348983,-32.030847],[-70.348541,-32.031316],[-70.348074,-32.032707],[-70.348046,-32.032854],[-70.347879,-32.033457],[-70.347846,-32.034159],[-70.347846,-32.034456],[-70.347785,-32.034745],[-70.347712,-32.034845],[-70.347691,-32.035106],[-70.347605,-32.035327],[-70.347519,-32.035677],[-70.347484,-32.035998],[-70.347498,-32.036398],[-70.347334,-32.036812],[-70.347009,-32.037305],[-70.347,-32.037366],[-70.346898,-32.037518],[-70.346945,-32.03783],[-70.346948,-32.037911],[-70.347055,-32.038189],[-70.347105,-32.038418],[-70.347134,-32.038596],[-70.347177,-32.03876],[-70.347184,-32.038903],[-70.34722,-32.039067],[-70.347227,-32.039146],[-70.347229,-32.039316],[-70.346641,-32.039746],[-70.346046,-32.040367],[-70.345981,-32.040462],[-70.345692,-32.04069],[-70.345068,-32.041153],[-70.345042,-32.041233],[-70.345001,-32.041353],[-70.34494,-32.041488],[-70.344834,-32.041721],[-70.344721,-32.042004],[-70.344256,-32.042279],[-70.343897,-32.042625],[-70.343228,-32.042759],[-70.342458,-32.042692],[-70.341856,-32.042725],[-70.341572,-32.042759],[-70.341287,-32.042792],[-70.340718,-32.043127],[-70.340623,-32.043216],[-70.340505,-32.043507],[-70.340286,-32.043679],[-70.339915,-32.043917],[-70.339504,-32.043975],[-70.338649,-32.044518],[-70.338477,-32.044733],[-70.338226,-32.044867],[-70.337443,-32.044857],[-70.337318,-32.044823],[-70.336788,-32.044798],[-70.336552,-32.044851],[-70.336148,-32.044888],[-70.335584,-32.044811],[-70.334749,-32.045015],[-70.33447,-32.045183],[-70.333943,-32.045267],[-70.333792,-32.045335],[-70.333257,-32.045469],[-70.333006,-32.045503],[-70.332879,-32.045519],[-70.331774,-32.045396],[-70.331595,-32.04533],[-70.330837,-32.045451],[-70.330412,-32.045636],[-70.330319,-32.045824],[-70.33022,-32.045993],[-70.330209,-32.046061],[-70.330209,-32.046211],[-70.330209,-32.046375],[-70.330213,-32.046486],[-70.329809,-32.047463],[-70.329809,-32.047674],[-70.329795,-32.047799],[-70.329795,-32.047917],[-70.329666,-32.048149],[-70.329549,-32.048313],[-70.329406,-32.048438],[-70.329249,-32.048645],[-70.329068,-32.04884],[-70.32906,-32.048871],[-70.32901,-32.049],[-70.328988,-32.04913],[-70.32891,-32.049219],[-70.328742,-32.049291],[-70.328638,-32.049326],[-70.328385,-32.049355],[-70.328249,-32.049351],[-70.328053,-32.049341],[-70.32785,-32.049323],[-70.327725,-32.049266],[-70.327682,-32.049209],[-70.327564,-32.049148],[-70.327375,-32.049073],[-70.327231,-32.048988],[-70.326732,-32.048715],[-70.325954,-32.048762],[-70.325744,-32.048725],[-70.325049,-32.04879],[-70.324326,-32.048941],[-70.32414,-32.049112],[-70.323954,-32.049284],[-70.323779,-32.049481],[-70.323419,-32.049886],[-70.323202,-32.05007],[-70.322984,-32.050254],[-70.322315,-32.050455],[-70.322014,-32.050455],[-70.321712,-32.050455],[-70.32111,-32.050488],[-70.320876,-32.050438],[-70.320642,-32.050388],[-70.319671,-32.050154],[-70.318668,-32.049919],[-70.317931,-32.049919],[-70.316462,-32.049662],[-70.315523,-32.049638],[-70.31546,-32.049604],[-70.315045,-32.049476],[-70.314309,-32.048998],[-70.314267,-32.048839],[-70.314152,-32.048634],[-70.313849,-32.048514],[-70.313448,-32.048396],[-70.313081,-32.048376],[-70.31299,-32.048389],[-70.312365,-32.048356],[-70.312011,-32.04837],[-70.31169,-32.04837],[-70.311425,-32.048327],[-70.311162,-32.04823],[-70.310676,-32.048084],[-70.310305,-32.048027],[-70.310109,-32.04798],[-70.308664,-32.048164],[-70.307774,-32.04814],[-70.307532,-32.04816],[-70.307164,-32.048098],[-70.306722,-32.047811],[-70.30622,-32.047644],[-70.306002,-32.047577],[-70.305785,-32.04751],[-70.304773,-32.047654],[-70.304699,-32.047679],[-70.303952,-32.048063],[-70.303616,-32.048184],[-70.302964,-32.048316],[-70.302078,-32.04857],[-70.301417,-32.04867],[-70.300939,-32.04892],[-70.300676,-32.049091],[-70.30052,-32.049256],[-70.30034,-32.049448],[-70.299947,-32.049633],[-70.299433,-32.049869],[-70.29914,-32.050033],[-70.298663,-32.050173],[-70.298291,-32.050388],[-70.29818,-32.050618],[-70.298069,-32.050848],[-70.298122,-32.051459],[-70.298139,-32.051592],[-70.298156,-32.051726],[-70.297727,-32.051852],[-70.297587,-32.051894],[-70.297552,-32.051914],[-70.297252,-32.052094],[-70.297021,-32.052326],[-70.296914,-32.052433],[-70.296884,-32.052462],[-70.296349,-32.052931],[-70.295512,-32.053065],[-70.295345,-32.052998],[-70.295178,-32.052931],[-70.294709,-32.05273],[-70.294651,-32.052687],[-70.294593,-32.052645],[-70.294074,-32.052262],[-70.29394,-32.052245],[-70.293806,-32.052228],[-70.293466,-32.052115],[-70.293304,-32.052061],[-70.293086,-32.052011],[-70.292869,-32.051961],[-70.292675,-32.051983],[-70.292152,-32.051939],[-70.291531,-32.052032],[-70.291481,-32.052032],[-70.290624,-32.052132],[-70.29026,-32.05216],[-70.289782,-32.052153],[-70.289382,-32.05216],[-70.289028,-32.052032],[-70.288845,-32.051929],[-70.287933,-32.051318],[-70.287555,-32.050975],[-70.287194,-32.050629],[-70.287139,-32.050555],[-70.286919,-32.050319],[-70.286834,-32.050133],[-70.286808,-32.049778],[-70.286794,-32.049565],[-70.286779,-32.049351],[-70.286488,-32.048915],[-70.286466,-32.048882],[-70.286444,-32.048849],[-70.286043,-32.04828],[-70.285943,-32.047644],[-70.285929,-32.047405],[-70.285922,-32.047283],[-70.285909,-32.047042],[-70.285641,-32.046105],[-70.285491,-32.045921],[-70.28534,-32.045737],[-70.285323,-32.045703],[-70.285073,-32.045201],[-70.284628,-32.044865],[-70.284406,-32.044766],[-70.284236,-32.044532],[-70.284035,-32.044331],[-70.283899,-32.044195],[-70.283901,-32.043637],[-70.283985,-32.043459],[-70.284021,-32.043366],[-70.284035,-32.043259],[-70.284002,-32.043026],[-70.284035,-32.042938],[-70.284134,-32.042577],[-70.284158,-32.042207],[-70.284127,-32.042015],[-70.284115,-32.041935],[-70.284102,-32.041855],[-70.283968,-32.040985],[-70.283918,-32.040751],[-70.283868,-32.040517],[-70.283814,-32.040418],[-70.283667,-32.040149],[-70.283667,-32.039948],[-70.283667,-32.039868],[-70.28365,-32.039054],[-70.283607,-32.038847],[-70.283586,-32.038683],[-70.283429,-32.038367],[-70.283366,-32.038308],[-70.282864,-32.038108],[-70.282061,-32.037773],[-70.281902,-32.037752],[-70.281187,-32.037555],[-70.280274,-32.037641],[-70.279758,-32.037766],[-70.279395,-32.037841],[-70.279224,-32.037862],[-70.279046,-32.037862],[-70.278581,-32.03774],[-70.278303,-32.037591],[-70.278125,-32.037491],[-70.277996,-32.037427],[-70.277789,-32.037291],[-70.277603,-32.0371],[-70.277209,-32.036903],[-70.27664,-32.036836],[-70.276406,-32.036736],[-70.276172,-32.036635],[-70.275636,-32.036635],[-70.275101,-32.036435],[-70.274694,-32.03622],[-70.274551,-32.036106],[-70.274256,-32.035878],[-70.274047,-32.035732],[-70.273796,-32.035698],[-70.273261,-32.035565],[-70.273085,-32.03551],[-70.272949,-32.035467],[-70.272725,-32.035397],[-70.272223,-32.035192],[-70.272019,-32.034935],[-70.271791,-32.034812],[-70.271513,-32.034747],[-70.27129,-32.034695],[-70.27052,-32.034739],[-70.270115,-32.034862],[-70.269178,-32.035364],[-70.268292,-32.035616],[-70.267157,-32.036794],[-70.266635,-32.037338],[-70.266368,-32.037489],[-70.2661,-32.037639],[-70.26569,-32.037848],[-70.265385,-32.037915],[-70.26446,-32.038108],[-70.264176,-32.038124],[-70.263892,-32.038141],[-70.263281,-32.037834],[-70.263263,-32.037825],[-70.263245,-32.037816],[-70.262278,-32.036903],[-70.260743,-32.033998],[-70.260545,-32.033546],[-70.260545,-32.033351],[-70.260545,-32.033155],[-70.260311,-32.03252],[-70.260144,-32.032384],[-70.259977,-32.032247],[-70.259609,-32.031404],[-70.259609,-32.030646],[-70.259374,-32.03011],[-70.259322,-32.029902],[-70.259318,-32.029886],[-70.259274,-32.029709],[-70.25924,-32.02924],[-70.259441,-32.028973],[-70.259609,-32.028705],[-70.259666,-32.028659],[-70.259776,-32.028571],[-70.26011,-32.02817],[-70.260161,-32.027952],[-70.260211,-32.027735],[-70.259977,-32.0273],[-70.259884,-32.0273],[-70.259074,-32.02703],[-70.258939,-32.026932],[-70.25885,-32.026842],[-70.258218,-32.026465],[-70.257301,-32.025901],[-70.256731,-32.025694],[-70.255727,-32.025459],[-70.254924,-32.025158],[-70.254054,-32.02479],[-70.253418,-32.024723],[-70.253255,-32.024684],[-70.252882,-32.024689],[-70.252521,-32.024604],[-70.252159,-32.024475],[-70.251588,-32.024328],[-70.251148,-32.024131],[-70.25093,-32.024076],[-70.250575,-32.024171],[-70.250141,-32.024104],[-70.249959,-32.02401],[-70.249732,-32.023979],[-70.249654,-32.02397],[-70.249503,-32.023954],[-70.249451,-32.023954],[-70.249175,-32.024057],[-70.248994,-32.02408],[-70.248851,-32.02408],[-70.248713,-32.024076],[-70.24859,-32.024052],[-70.248466,-32.024009],[-70.248385,-32.023971],[-70.248261,-32.023861],[-70.248204,-32.023761],[-70.248157,-32.023619],[-70.248138,-32.023443],[-70.248165,-32.023084],[-70.248181,-32.022942],[-70.248276,-32.022722],[-70.248323,-32.022573],[-70.248329,-32.022442],[-70.248323,-32.02224],[-70.248299,-32.021912],[-70.248335,-32.02175],[-70.248365,-32.021282],[-70.248406,-32.021068],[-70.248466,-32.020895],[-70.248531,-32.020776],[-70.248674,-32.020515],[-70.248811,-32.02033],[-70.249141,-32.019985],[-70.249303,-32.019737],[-70.249517,-32.019447],[-70.24959,-32.019206],[-70.249679,-32.018926],[-70.249789,-32.018661],[-70.2498,-32.018364],[-70.249802,-32.018315],[-70.249804,-32.018265],[-70.249905,-32.017496],[-70.249871,-32.01696],[-70.249881,-32.016854],[-70.249892,-32.016749],[-70.249955,-32.016576],[-70.250072,-32.016257],[-70.250087,-32.016143],[-70.250048,-32.015815],[-70.250013,-32.015565],[-70.249995,-32.015393],[-70.249983,-32.015232],[-70.250042,-32.015036],[-70.250126,-32.014825],[-70.250154,-32.014523],[-70.249989,-32.014132],[-70.249894,-32.013888],[-70.249834,-32.01365],[-70.249816,-32.013342],[-70.249783,-32.01325],[-70.249793,-32.013002],[-70.249733,-32.012823],[-70.24957,-32.012577],[-70.249309,-32.012166],[-70.249205,-32.012003],[-70.249102,-32.011841],[-70.249102,-32.011238],[-70.249637,-32.010569],[-70.249835,-32.01006],[-70.249825,-32.009723],[-70.249738,-32.009264],[-70.249729,-32.009058],[-70.24981,-32.00879],[-70.24981,-32.008653],[-70.249687,-32.008401],[-70.249671,-32.00831],[-70.249525,-32.008094],[-70.249453,-32.007933],[-70.249418,-32.007832],[-70.249208,-32.007451],[-70.248834,-32.007056],[-70.248332,-32.006621],[-70.248031,-32.006018],[-70.247945,-32.005661],[-70.247704,-32.005037],[-70.247395,-32.00468],[-70.247264,-32.004156],[-70.246994,-32.003776],[-70.246826,-32.003141],[-70.246793,-32.002271],[-70.246936,-32.001793],[-70.246994,-32.001601],[-70.247051,-32.00141],[-70.247369,-32.000616],[-70.247811,-31.999999],[-70.248299,-31.999125],[-70.248433,-31.998992],[-70.248566,-31.998858],[-70.248603,-31.998566],[-70.248633,-31.998322],[-70.248801,-31.998071],[-70.248968,-31.99782],[-70.249169,-31.997151],[-70.249403,-31.996415],[-70.24947,-31.996231],[-70.249537,-31.996047],[-70.249804,-31.99521],[-70.249938,-31.994508],[-70.250055,-31.994223],[-70.250173,-31.993939],[-70.250139,-31.993236],[-70.249938,-31.993035],[-70.249738,-31.992835],[-70.249001,-31.992366],[-70.248198,-31.992199],[-70.247995,-31.992114],[-70.24799,-31.992112],[-70.247797,-31.992032],[-70.247295,-31.991831],[-70.246391,-31.991664],[-70.245555,-31.991563],[-70.244922,-31.991405],[-70.243853,-31.991372],[-70.243079,-31.991338],[-70.242209,-31.991463],[-70.241406,-31.991463],[-70.240368,-31.991496],[-70.238963,-31.991128],[-70.237691,-31.990225],[-70.236855,-31.990024],[-70.236152,-31.990057],[-70.235784,-31.990091],[-70.235416,-31.990057],[-70.234747,-31.989589],[-70.234613,-31.988886],[-70.234446,-31.98825],[-70.23391,-31.987481],[-70.233442,-31.986912],[-70.23294,-31.98641],[-70.232671,-31.98616],[-70.232195,-31.98558],[-70.231686,-31.985033],[-70.231535,-31.984837],[-70.230966,-31.984068],[-70.230397,-31.983633],[-70.229661,-31.983298],[-70.229025,-31.982796],[-70.228791,-31.982596],[-70.228557,-31.982395],[-70.228021,-31.981759],[-70.227519,-31.981324],[-70.22685,-31.981023],[-70.226633,-31.981023],[-70.226415,-31.981023],[-70.225779,-31.98109],[-70.225579,-31.981173],[-70.225378,-31.981257],[-70.224508,-31.981391],[-70.223772,-31.981491],[-70.223169,-31.981792],[-70.2225,-31.981859],[-70.222266,-31.981843],[-70.222032,-31.981826],[-70.221329,-31.981558],[-70.221195,-31.981475],[-70.221061,-31.981391],[-70.220124,-31.981391],[-70.219054,-31.981592],[-70.217314,-31.981792],[-70.216577,-31.981826],[-70.215473,-31.981592],[-70.214838,-31.981123],[-70.214577,-31.980991],[-70.214317,-31.980858],[-70.213968,-31.980253],[-70.213298,-31.979751],[-70.213114,-31.979651],[-70.21293,-31.979551],[-70.212027,-31.979584],[-70.211776,-31.979617],[-70.211525,-31.979651],[-70.210856,-31.979651],[-70.21077,-31.979656],[-70.210287,-31.979684],[-70.210153,-31.979651],[-70.209947,-31.979534],[-70.209741,-31.979118],[-70.209361,-31.978666],[-70.209051,-31.97838],[-70.208849,-31.97825],[-70.20848,-31.978119],[-70.208156,-31.978002],[-70.208112,-31.977604],[-70.208212,-31.977242],[-70.208413,-31.977074],[-70.208614,-31.976907],[-70.209183,-31.976138],[-70.209484,-31.974899],[-70.209383,-31.973628],[-70.209551,-31.972858],[-70.210086,-31.971219],[-70.210115,-31.971149],[-70.210421,-31.970416],[-70.210621,-31.969813],[-70.210722,-31.969562],[-70.210822,-31.969311],[-70.210822,-31.968542],[-70.210588,-31.966969],[-70.210354,-31.965463],[-70.210287,-31.964359],[-70.21027,-31.964058],[-70.210253,-31.963757],[-70.210381,-31.963521],[-70.210488,-31.963322],[-70.210521,-31.963021],[-70.210521,-31.962586],[-70.210153,-31.96205],[-70.209484,-31.961047],[-70.209316,-31.960411],[-70.209434,-31.960143],[-70.209551,-31.959875],[-70.209718,-31.959666],[-70.209952,-31.959373],[-70.210053,-31.959106],[-70.210153,-31.958838],[-70.210175,-31.958744],[-70.210287,-31.958269],[-70.210404,-31.958069],[-70.210521,-31.957868],[-70.210722,-31.957299],[-70.210805,-31.957081],[-70.210889,-31.956864],[-70.211131,-31.956597],[-70.211224,-31.956496],[-70.211358,-31.956262],[-70.211491,-31.956027],[-70.211573,-31.95568],[-70.211764,-31.955466],[-70.212495,-31.955265],[-70.212729,-31.955157],[-70.213193,-31.954855],[-70.213501,-31.954372],[-70.213619,-31.953489],[-70.213733,-31.952849],[-70.214302,-31.951778],[-70.215139,-31.951142],[-70.216176,-31.950607],[-70.216912,-31.950172],[-70.217916,-31.950004],[-70.21805,-31.949904],[-70.218184,-31.949804],[-70.219422,-31.948867],[-70.220258,-31.948499],[-70.221429,-31.948197],[-70.222166,-31.947829],[-70.222664,-31.947353],[-70.222935,-31.947093],[-70.223571,-31.946324],[-70.223571,-31.946039],[-70.223571,-31.945755],[-70.223471,-31.945086],[-70.223604,-31.944316],[-70.224039,-31.943814],[-70.224675,-31.942609],[-70.22511,-31.941739],[-70.225545,-31.941271],[-70.225763,-31.941104],[-70.22598,-31.940936],[-70.226415,-31.940501],[-70.226549,-31.939732],[-70.227118,-31.938962],[-70.227519,-31.938694],[-70.227586,-31.938477],[-70.227653,-31.938259],[-70.227687,-31.937456],[-70.227887,-31.936653],[-70.228356,-31.935984],[-70.228389,-31.935716],[-70.228423,-31.935449],[-70.228423,-31.934679],[-70.228757,-31.933943],[-70.229494,-31.932705],[-70.229862,-31.931902],[-70.230464,-31.930931],[-70.2311,-31.929995],[-70.231468,-31.929192],[-70.231618,-31.928941],[-70.231769,-31.92869],[-70.231761,-31.928465],[-70.231794,-31.927717],[-70.231887,-31.927538],[-70.231945,-31.927411],[-70.232008,-31.927277],[-70.232015,-31.92726],[-70.232108,-31.926974],[-70.232201,-31.926575],[-70.232201,-31.926168],[-70.232202,-31.92616],[-70.232215,-31.925989],[-70.232257,-31.925924],[-70.232294,-31.925868],[-70.232315,-31.925796],[-70.232344,-31.925711],[-70.232379,-31.925632],[-70.232429,-31.925589],[-70.232501,-31.925568],[-70.232629,-31.925561],[-70.233,-31.925547],[-70.23355,-31.925477],[-70.23371,-31.925477],[-70.235015,-31.925009],[-70.235165,-31.924842],[-70.235316,-31.924674],[-70.23674,-31.924038],[-70.237224,-31.924031],[-70.237878,-31.923848],[-70.23798,-31.923835],[-70.238393,-31.923639],[-70.238829,-31.923202],[-70.23898,-31.923001],[-70.23913,-31.9228],[-70.24,-31.922466],[-70.240448,-31.92222],[-70.24067,-31.922098],[-70.240803,-31.92188],[-70.240937,-31.921663],[-70.241038,-31.92106],[-70.241071,-31.920809],[-70.241105,-31.920559],[-70.240993,-31.919995],[-70.240841,-31.919786],[-70.240553,-31.919518],[-70.240365,-31.919291],[-70.240279,-31.91885],[-70.240271,-31.918477],[-70.240283,-31.918141],[-70.240293,-31.917883],[-70.240729,-31.917754],[-70.240921,-31.917698],[-70.241105,-31.917647],[-70.242286,-31.917355],[-70.243012,-31.917112],[-70.243714,-31.916744],[-70.244852,-31.916644],[-70.245212,-31.916675],[-70.246609,-31.916873],[-70.246989,-31.916807],[-70.247465,-31.916424],[-70.248399,-31.915841],[-70.249637,-31.915372],[-70.250808,-31.915272],[-70.252113,-31.915104],[-70.252883,-31.915104],[-70.25392,-31.915104],[-70.254924,-31.914636],[-70.256028,-31.914],[-70.256831,-31.913532],[-70.258404,-31.91303],[-70.258872,-31.912561],[-70.259441,-31.912059],[-70.260412,-31.911825],[-70.261516,-31.911825],[-70.26272,-31.911457],[-70.263557,-31.910922],[-70.264025,-31.910319],[-70.264494,-31.909516],[-70.264895,-31.907676],[-70.265163,-31.906839],[-70.265632,-31.906237],[-70.266903,-31.904966],[-70.267907,-31.904163],[-70.26861,-31.903694],[-70.269011,-31.902858],[-70.268978,-31.902055],[-70.268844,-31.901787],[-70.26871,-31.901519],[-70.268677,-31.900616],[-70.268643,-31.899779],[-70.268593,-31.899511],[-70.268543,-31.899244],[-70.268409,-31.898675],[-70.26861,-31.898073],[-70.269011,-31.897303],[-70.269279,-31.896701],[-70.269747,-31.896031],[-70.270216,-31.895329],[-70.270718,-31.894559],[-70.27122,-31.893522],[-70.271387,-31.892384],[-70.271696,-31.891352],[-70.272079,-31.890573],[-70.272558,-31.890243],[-70.272792,-31.890075],[-70.273026,-31.889908],[-70.274231,-31.889172],[-70.275034,-31.888536],[-70.275737,-31.888034],[-70.276239,-31.887532],[-70.277008,-31.886997],[-70.27818,-31.886462],[-70.278297,-31.886294],[-70.278414,-31.886127],[-70.278983,-31.885491],[-70.279551,-31.884655],[-70.280053,-31.884086],[-70.280923,-31.883952],[-70.282128,-31.88345],[-70.283031,-31.883082],[-70.284571,-31.882982],[-70.285809,-31.882948],[-70.286946,-31.882781],[-70.28795,-31.882848],[-70.288209,-31.882907],[-70.288927,-31.882957],[-70.289463,-31.883086],[-70.290022,-31.883254],[-70.290341,-31.883371],[-70.290905,-31.883471],[-70.291156,-31.883469],[-70.291761,-31.883728],[-70.29214,-31.883878],[-70.292525,-31.884035],[-70.292868,-31.884221],[-70.293082,-31.884407],[-70.29326,-31.884578],[-70.293467,-31.884642],[-70.29391,-31.884554],[-70.294181,-31.884554],[-70.294438,-31.884635],[-70.294931,-31.884656],[-70.295123,-31.884642],[-70.295573,-31.884556],[-70.296373,-31.884456],[-70.296751,-31.884456],[-70.297022,-31.884478],[-70.297355,-31.884633],[-70.297629,-31.884792],[-70.298079,-31.884928],[-70.298443,-31.88502],[-70.298843,-31.885063],[-70.299135,-31.885078],[-70.299394,-31.884989],[-70.300364,-31.884755],[-70.30112,-31.884842],[-70.301341,-31.884913],[-70.301641,-31.88502],[-70.301891,-31.885092],[-70.302155,-31.885106],[-70.302462,-31.885106],[-70.302847,-31.885106],[-70.303248,-31.885018],[-70.304112,-31.884521],[-70.304714,-31.884354],[-70.304987,-31.884328],[-70.305367,-31.884378],[-70.305645,-31.884542],[-70.305952,-31.884649],[-70.306224,-31.884713],[-70.306755,-31.884722],[-70.307491,-31.884621],[-70.308127,-31.883852],[-70.308361,-31.883216],[-70.308529,-31.882822],[-70.308763,-31.882647],[-70.309901,-31.882413],[-70.310871,-31.882279],[-70.311171,-31.882265],[-70.311363,-31.882215],[-70.31157,-31.882094],[-70.311808,-31.881911],[-70.312232,-31.881721],[-70.312777,-31.881715],[-70.313184,-31.881573],[-70.31419,-31.881219],[-70.314251,-31.881208],[-70.315121,-31.881175],[-70.316124,-31.880874],[-70.317061,-31.880673],[-70.317831,-31.880706],[-70.318299,-31.880926],[-70.318495,-31.88133],[-70.318616,-31.881601],[-70.31873,-31.881801],[-70.318958,-31.881994],[-70.319422,-31.882207],[-70.319471,-31.882245],[-70.320876,-31.882513],[-70.321612,-31.882747],[-70.321897,-31.882798],[-70.322181,-31.882848],[-70.323017,-31.883115],[-70.323821,-31.88345],[-70.324958,-31.883818],[-70.326999,-31.884153],[-70.327769,-31.884387],[-70.328505,-31.884387],[-70.330412,-31.88442],[-70.33242,-31.884019],[-70.333123,-31.883952],[-70.333407,-31.884019],[-70.333692,-31.884086],[-70.334528,-31.884722],[-70.335365,-31.885056],[-70.336067,-31.88529],[-70.337272,-31.885558],[-70.338711,-31.885692],[-70.34025,-31.885826],[-70.34199,-31.886194],[-70.343362,-31.886395],[-70.343607,-31.886496],[-70.344876,-31.887166],[-70.345196,-31.887304],[-70.345334,-31.887622],[-70.345771,-31.888302],[-70.345788,-31.888486],[-70.345805,-31.88867],[-70.346909,-31.889741],[-70.347093,-31.889841],[-70.347277,-31.889942],[-70.347344,-31.890443],[-70.347946,-31.890577],[-70.34813,-31.89041],[-70.348314,-31.890243],[-70.348538,-31.890196],[-70.34895,-31.890109],[-70.349117,-31.889891],[-70.349284,-31.889674],[-70.350021,-31.888971],[-70.350305,-31.888871],[-70.350589,-31.88877],[-70.351593,-31.888469],[-70.351694,-31.888302],[-70.351794,-31.888135],[-70.352463,-31.888135],[-70.353233,-31.888101],[-70.354103,-31.887666],[-70.354638,-31.88683],[-70.354772,-31.885993],[-70.354973,-31.885759],[-70.355174,-31.885525],[-70.355776,-31.884922],[-70.355918,-31.884803],[-70.357333,-31.884062],[-70.357726,-31.883637],[-70.357925,-31.883509],[-70.358156,-31.883203],[-70.358225,-31.883112],[-70.35862,-31.88258],[-70.359423,-31.882011],[-70.360728,-31.881476],[-70.361364,-31.881208],[-70.362208,-31.881165],[-70.363238,-31.880874],[-70.363773,-31.880639],[-70.364024,-31.880656],[-70.364275,-31.880673],[-70.365513,-31.881074],[-70.365826,-31.881157],[-70.366459,-31.88153],[-70.366781,-31.881654],[-70.366977,-31.88173],[-70.367267,-31.881808],[-70.36819,-31.881978],[-70.369763,-31.882379],[-70.370666,-31.882446],[-70.371402,-31.882714],[-70.37244,-31.883283],[-70.37331,-31.884186],[-70.374012,-31.884621],[-70.375217,-31.884889],[-70.376254,-31.884889],[-70.376555,-31.884855],[-70.376857,-31.884822],[-70.377258,-31.88422],[-70.377593,-31.883651],[-70.377894,-31.883049],[-70.378061,-31.881944],[-70.378145,-31.881794],[-70.378228,-31.881643],[-70.378563,-31.881242],[-70.378563,-31.880606],[-70.378596,-31.880305],[-70.37863,-31.880004],[-70.379299,-31.879736],[-70.381508,-31.879502],[-70.383181,-31.879435],[-70.384954,-31.879368],[-70.385205,-31.879401],[-70.385284,-31.879412],[-70.385645,-31.87956],[-70.386064,-31.879569],[-70.386665,-31.879499],[-70.387358,-31.879369],[-70.387862,-31.879472],[-70.388033,-31.879468],[-70.389672,-31.879569],[-70.390046,-31.879608],[-70.391603,-31.879682],[-70.391914,-31.879636],[-70.39255,-31.879234],[-70.393487,-31.878598],[-70.394268,-31.878267],[-70.394591,-31.87813],[-70.395461,-31.877695],[-70.396297,-31.877126],[-70.397234,-31.876323],[-70.398171,-31.875721],[-70.399644,-31.875252],[-70.400413,-31.874851],[-70.401618,-31.874683],[-70.403358,-31.874248],[-70.404127,-31.873679],[-70.405298,-31.872609],[-70.405867,-31.871939],[-70.406001,-31.870802],[-70.406369,-31.869999],[-70.406871,-31.86943],[-70.407306,-31.868326],[-70.407456,-31.86826],[-70.408223,-31.867868],[-70.408327,-31.867815],[-70.408607,-31.867524],[-70.408873,-31.867205],[-70.408979,-31.866853],[-70.409682,-31.866351],[-70.410719,-31.866017],[-70.412091,-31.866519],[-70.412325,-31.866586],[-70.41256,-31.866653],[-70.413061,-31.866619],[-70.413312,-31.866502],[-70.413563,-31.866385],[-70.413865,-31.865916],[-70.413965,-31.864946],[-70.414668,-31.864377],[-70.414902,-31.864227],[-70.415136,-31.864076],[-70.415671,-31.863373],[-70.416374,-31.86324],[-70.417043,-31.86324],[-70.418014,-31.862604],[-70.41865,-31.861935],[-70.419252,-31.861533],[-70.420557,-31.861332],[-70.421561,-31.860998],[-70.422029,-31.860395],[-70.422832,-31.859726],[-70.424739,-31.857718],[-70.425308,-31.857083],[-70.426111,-31.855443],[-70.426578,-31.854512],[-70.426664,-31.854401],[-70.426994,-31.854058],[-70.427282,-31.853904],[-70.427627,-31.853904],[-70.427717,-31.853904],[-70.428353,-31.854004],[-70.429558,-31.854038],[-70.430428,-31.854138],[-70.431967,-31.853971],[-70.433239,-31.853335],[-70.434677,-31.852632],[-70.435614,-31.851863],[-70.436384,-31.851294],[-70.43702,-31.851093],[-70.438325,-31.851127],[-70.439329,-31.850759],[-70.440065,-31.850591],[-70.440767,-31.850692],[-70.441503,-31.851227],[-70.442139,-31.85126],[-70.442307,-31.851294],[-70.442474,-31.851327],[-70.443043,-31.851762],[-70.443545,-31.851796],[-70.443913,-31.851863],[-70.444069,-31.852001],[-70.444214,-31.85213],[-70.44495,-31.852197],[-70.444991,-31.852204],[-70.445352,-31.852264],[-70.44538,-31.852274],[-70.445653,-31.852365],[-70.446456,-31.852398],[-70.447359,-31.852264],[-70.448028,-31.851863],[-70.448179,-31.851695],[-70.44833,-31.851528],[-70.448996,-31.851255],[-70.449066,-31.851227],[-70.449266,-31.85111],[-70.449467,-31.850993],[-70.450036,-31.850591],[-70.450471,-31.849822],[-70.450705,-31.849621],[-70.45094,-31.84942],[-70.451609,-31.849085],[-70.45186,-31.849119],[-70.452111,-31.849152],[-70.45278,-31.849387],[-70.453014,-31.84947],[-70.453248,-31.849554],[-70.454118,-31.849253],[-70.455089,-31.848818],[-70.455557,-31.848215],[-70.455587,-31.847701],[-70.455591,-31.847647],[-70.45558,-31.847513],[-70.455557,-31.847212],[-70.455925,-31.846375],[-70.45636,-31.845672],[-70.456795,-31.845237],[-70.45708,-31.84512],[-70.457364,-31.845003],[-70.458155,-31.844942],[-70.458195,-31.844939],[-70.458234,-31.844936],[-70.458937,-31.844769],[-70.45984,-31.844434],[-70.460442,-31.843866],[-70.460744,-31.842962],[-70.46071,-31.842226],[-70.460777,-31.841289],[-70.460693,-31.841021],[-70.46061,-31.840754],[-70.460309,-31.840051],[-70.460141,-31.839114],[-70.460124,-31.839071],[-70.460106,-31.839029],[-70.45984,-31.838378],[-70.459539,-31.837541],[-70.459037,-31.837006],[-70.458887,-31.836805],[-70.458736,-31.836604],[-70.458502,-31.835969],[-70.458167,-31.835199],[-70.458167,-31.834965],[-70.458167,-31.834731],[-70.458067,-31.834262],[-70.458435,-31.833961],[-70.458559,-31.83386],[-70.458683,-31.83376],[-70.458866,-31.833463],[-70.459138,-31.833024],[-70.459298,-31.832888],[-70.459336,-31.832856],[-70.459529,-31.832693],[-70.459573,-31.832656],[-70.459874,-31.832188],[-70.459773,-31.831518],[-70.459673,-31.830715],[-70.459639,-31.830431],[-70.459606,-31.830146],[-70.459606,-31.829444],[-70.459539,-31.828641],[-70.459405,-31.828406],[-70.459271,-31.828172],[-70.458736,-31.827269],[-70.458468,-31.826332],[-70.458385,-31.826114],[-70.458301,-31.825897],[-70.457741,-31.825479],[-70.457197,-31.824927],[-70.456695,-31.824291],[-70.456327,-31.82312],[-70.456159,-31.82225],[-70.455925,-31.82138],[-70.455557,-31.820142],[-70.455223,-31.818803],[-70.455122,-31.817933],[-70.455039,-31.817816],[-70.454955,-31.817699],[-70.45462,-31.81713],[-70.454468,-31.816661],[-70.454692,-31.816203],[-70.454821,-31.815859],[-70.454886,-31.815613],[-70.454949,-31.81538],[-70.454955,-31.815357],[-70.454821,-31.814721],[-70.454604,-31.81452],[-70.454386,-31.814319],[-70.453683,-31.813449],[-70.453048,-31.812479],[-70.452345,-31.811676],[-70.451609,-31.811141],[-70.451602,-31.811135],[-70.451596,-31.81113],[-70.451073,-31.810706],[-70.450973,-31.810372],[-70.450973,-31.810371],[-70.451006,-31.810036],[-70.451375,-31.809735],[-70.451676,-31.809166],[-70.452245,-31.808664],[-70.453081,-31.808765],[-70.453784,-31.808832],[-70.454386,-31.808531],[-70.455624,-31.808129],[-70.457163,-31.807594],[-70.458167,-31.807226],[-70.458318,-31.807042],[-70.458468,-31.806857],[-70.45897,-31.806523],[-70.459606,-31.805987],[-70.460041,-31.80572],[-70.460091,-31.805519],[-70.460141,-31.805318],[-70.459559,-31.805092],[-70.459539,-31.805084],[-70.459473,-31.805026],[-70.459428,-31.804987],[-70.459271,-31.80485],[-70.458903,-31.804482],[-70.458803,-31.803913],[-70.458719,-31.803662],[-70.458636,-31.803411],[-70.458392,-31.802999],[-70.458201,-31.802675],[-70.4581,-31.802407],[-70.458,-31.802139],[-70.458051,-31.801452],[-70.458079,-31.801068],[-70.458024,-31.800951],[-70.45797,-31.800833],[-70.457877,-31.800208],[-70.457866,-31.800132],[-70.457816,-31.799898],[-70.457766,-31.799663],[-70.457531,-31.799228],[-70.45723,-31.799061],[-70.457212,-31.799055],[-70.45714,-31.799029],[-70.456762,-31.798894],[-70.456427,-31.798659],[-70.45636,-31.798291],[-70.456508,-31.797523],[-70.456529,-31.796218],[-70.456996,-31.795715],[-70.457197,-31.795648],[-70.457398,-31.795581],[-70.458134,-31.79528],[-70.458301,-31.795129],[-70.458468,-31.794979],[-70.459204,-31.794544],[-70.45984,-31.794276],[-70.46071,-31.793808],[-70.460777,-31.793573],[-70.460844,-31.793339],[-70.461647,-31.792636],[-70.462149,-31.791967],[-70.462684,-31.791331],[-70.463019,-31.790763],[-70.463186,-31.789893],[-70.462986,-31.789123],[-70.462904,-31.788034],[-70.462785,-31.787082],[-70.462751,-31.786045],[-70.463052,-31.785543],[-70.463235,-31.785391],[-70.463418,-31.78524],[-70.464023,-31.784505],[-70.464391,-31.784238],[-70.464491,-31.78407],[-70.464592,-31.783903],[-70.464424,-31.783401],[-70.464207,-31.7832],[-70.463989,-31.783],[-70.463709,-31.782356],[-70.463421,-31.781494],[-70.46332,-31.780624],[-70.463465,-31.779382],[-70.463956,-31.778683],[-70.464391,-31.778148],[-70.464993,-31.777412],[-70.465361,-31.776776],[-70.465579,-31.776558],[-70.465796,-31.776341],[-70.466298,-31.775839],[-70.466566,-31.775437],[-70.4667,-31.775253],[-70.466834,-31.775069],[-70.467202,-31.774735],[-70.467219,-31.774722],[-70.46757,-31.774467],[-70.467704,-31.774132],[-70.46749,-31.773538],[-70.467399,-31.773396],[-70.467269,-31.773196],[-70.467336,-31.772794],[-70.467637,-31.772359],[-70.467637,-31.771857],[-70.46762,-31.77164],[-70.467603,-31.771422],[-70.467737,-31.770976],[-70.467804,-31.770753],[-70.467821,-31.770502],[-70.467837,-31.770251],[-70.467904,-31.769716],[-70.468072,-31.76908],[-70.468072,-31.768779],[-70.468072,-31.768478],[-70.468368,-31.76739],[-70.468306,-31.766637],[-70.468429,-31.766453],[-70.468507,-31.766336],[-70.468607,-31.766035],[-70.468406,-31.764931],[-70.468038,-31.763994],[-70.468005,-31.762655],[-70.467804,-31.761986],[-70.467687,-31.761852],[-70.46757,-31.761718],[-70.467472,-31.761308],[-70.467402,-31.761016],[-70.467428,-31.76089],[-70.467469,-31.760681],[-70.467837,-31.76048],[-70.468574,-31.760313],[-70.468858,-31.760313],[-70.469142,-31.760313],[-70.470146,-31.760012],[-70.470815,-31.75951],[-70.471685,-31.759108],[-70.47202,-31.758774],[-70.472037,-31.75859],[-70.472054,-31.758406],[-70.471619,-31.757904],[-70.471217,-31.757368],[-70.470648,-31.756666],[-70.470568,-31.756604],[-70.470411,-31.756483],[-70.470213,-31.756331],[-70.469611,-31.755963],[-70.468908,-31.755495],[-70.468373,-31.754825],[-70.468373,-31.753822],[-70.46844,-31.752985],[-70.468707,-31.752015],[-70.468768,-31.751687],[-70.468707,-31.75092],[-70.468707,-31.750743],[-70.468482,-31.749597],[-70.468451,-31.749567],[-70.46842,-31.749536],[-70.467614,-31.74848],[-70.466127,-31.747177],[-70.465596,-31.74646],[-70.464993,-31.746025],[-70.464728,-31.745951],[-70.464626,-31.745923],[-70.464391,-31.745858],[-70.463755,-31.74549],[-70.463153,-31.745122],[-70.462651,-31.744687],[-70.462484,-31.744486],[-70.462316,-31.744285],[-70.462316,-31.743716],[-70.462316,-31.743415],[-70.462316,-31.743114],[-70.462082,-31.741842],[-70.461689,-31.741049],[-70.461059,-31.739847],[-70.461045,-31.738965],[-70.460777,-31.738229],[-70.460677,-31.737727],[-70.460593,-31.737509],[-70.460509,-31.737292],[-70.460509,-31.737068],[-70.460509,-31.73679],[-70.460409,-31.736539],[-70.460309,-31.736288],[-70.45974,-31.735485],[-70.459697,-31.735432],[-70.459305,-31.734949],[-70.45864,-31.734574],[-70.458609,-31.734459],[-70.458578,-31.734345],[-70.458033,-31.733979],[-70.457966,-31.733343],[-70.458,-31.733109],[-70.458033,-31.732875],[-70.458368,-31.732306],[-70.458397,-31.732287],[-70.4585,-31.732222],[-70.458736,-31.732072],[-70.459171,-31.731536],[-70.459506,-31.731001],[-70.459673,-31.730784],[-70.45984,-31.730566],[-70.460338,-31.730179],[-70.460442,-31.730098],[-70.460593,-31.729947],[-70.460744,-31.729796],[-70.46088,-31.729332],[-70.460911,-31.729228],[-70.460959,-31.729137],[-70.461057,-31.728954],[-70.461179,-31.728726],[-70.461781,-31.728391],[-70.462316,-31.728157],[-70.462437,-31.728007],[-70.462446,-31.727995],[-70.462584,-31.727822],[-70.462678,-31.727518],[-70.462718,-31.727387],[-70.462718,-31.727263],[-70.462718,-31.727053],[-70.462919,-31.726417],[-70.462986,-31.72558],[-70.463069,-31.72538],[-70.463153,-31.725179],[-70.463454,-31.724677],[-70.463956,-31.724141],[-70.464073,-31.723891],[-70.46419,-31.72364],[-70.464224,-31.722836],[-70.464558,-31.722268],[-70.46496,-31.721565],[-70.465127,-31.720628],[-70.465462,-31.720059],[-70.465729,-31.719591],[-70.465863,-31.71939],[-70.465997,-31.719189],[-70.466131,-31.718754],[-70.466135,-31.718736],[-70.46614,-31.718717],[-70.466365,-31.717784],[-70.466231,-31.717048],[-70.466065,-31.716649],[-70.465887,-31.71617],[-70.465748,-31.715975],[-70.465688,-31.71589],[-70.465563,-31.715713],[-70.465259,-31.715319],[-70.465089,-31.715098],[-70.464782,-31.714859],[-70.4646,-31.714717],[-70.464572,-31.7147],[-70.463914,-31.714312],[-70.463798,-31.714243],[-70.463482,-31.714018],[-70.463417,-31.713851],[-70.463467,-31.713739],[-70.463656,-31.713703],[-70.463825,-31.713693],[-70.464476,-31.713609],[-70.464493,-31.713609],[-70.464967,-31.713589],[-70.464974,-31.713586],[-70.465437,-31.713392],[-70.465548,-31.713304],[-70.465669,-31.713208],[-70.465797,-31.712951],[-70.465865,-31.712815],[-70.465933,-31.712627],[-70.465934,-31.712625],[-70.466037,-31.712339],[-70.466288,-31.711943],[-70.466371,-31.711815],[-70.466465,-31.71161],[-70.466566,-31.711393],[-70.467135,-31.710757],[-70.467469,-31.710355],[-70.467586,-31.710222],[-70.467704,-31.710088],[-70.467904,-31.709787],[-70.468055,-31.709552],[-70.468056,-31.70955],[-70.468205,-31.709318],[-70.468507,-31.708783],[-70.468657,-31.708515],[-70.468808,-31.708247],[-70.468774,-31.707545],[-70.468574,-31.706876],[-70.468373,-31.70624],[-70.468038,-31.705336],[-70.46777,-31.704466],[-70.46767,-31.70363],[-70.467536,-31.702626],[-70.467402,-31.701823],[-70.467302,-31.700652],[-70.467637,-31.699715],[-70.468172,-31.698477],[-70.468975,-31.697373],[-70.469678,-31.69677],[-70.47038,-31.696703],[-70.471853,-31.696068],[-70.47206,-31.696008],[-70.472266,-31.695948],[-70.47289,-31.695766],[-70.473626,-31.695398],[-70.474072,-31.694952],[-70.474228,-31.694796],[-70.47463,-31.694495],[-70.475199,-31.69416],[-70.475481,-31.69416],[-70.47551,-31.69416],[-70.475734,-31.69416],[-70.476537,-31.694194],[-70.477541,-31.694495],[-70.478284,-31.694695],[-70.478416,-31.694687],[-70.478493,-31.694682],[-70.478465,-31.694273],[-70.478417,-31.693984],[-70.478429,-31.693761],[-70.478545,-31.693424],[-70.478645,-31.693223],[-70.478746,-31.693023],[-70.479147,-31.692588],[-70.479885,-31.692545],[-70.479975,-31.69249],[-70.480065,-31.692435],[-70.480753,-31.69242],[-70.481038,-31.692454],[-70.481322,-31.692487],[-70.481991,-31.692387],[-70.482594,-31.692454],[-70.482895,-31.69247],[-70.483196,-31.692487],[-70.483464,-31.692019],[-70.483581,-31.691851],[-70.483698,-31.691684],[-70.484434,-31.690948],[-70.484936,-31.69058],[-70.48516,-31.690415],[-70.485383,-31.690251],[-70.487056,-31.689679],[-70.48733,-31.689619],[-70.487526,-31.689576],[-70.48768,-31.689543],[-70.488081,-31.689576],[-70.488299,-31.689693],[-70.488516,-31.68981],[-70.489319,-31.689978],[-70.489537,-31.689994],[-70.489754,-31.690011],[-70.491227,-31.690279],[-70.491428,-31.690379],[-70.491628,-31.69048],[-70.492331,-31.691115],[-70.492434,-31.691256],[-70.492536,-31.691398],[-70.492866,-31.691851],[-70.493368,-31.692253],[-70.495008,-31.693223],[-70.497183,-31.693658],[-70.497752,-31.693993],[-70.499425,-31.693926],[-70.500496,-31.693792],[-70.501566,-31.693257],[-70.50247,-31.692721],[-70.503039,-31.692387],[-70.503373,-31.691952],[-70.503457,-31.691851],[-70.50354,-31.691751],[-70.504477,-31.691651],[-70.505314,-31.69155],[-70.50595,-31.69135],[-70.50682,-31.690848],[-70.507121,-31.690797],[-70.507422,-31.690747],[-70.50866,-31.690915],[-70.510233,-31.690881],[-70.511002,-31.690613],[-70.511973,-31.690111],[-70.512642,-31.689944],[-70.512793,-31.689861],[-70.512943,-31.689777],[-70.512977,-31.689342],[-70.512943,-31.689124],[-70.51291,-31.688907],[-70.51301,-31.688405],[-70.513278,-31.687836],[-70.513181,-31.687546],[-70.513144,-31.687435],[-70.513087,-31.687255],[-70.51303,-31.687043],[-70.512876,-31.686464],[-70.511605,-31.684657],[-70.511203,-31.683821],[-70.511036,-31.683152],[-70.511136,-31.682248],[-70.511404,-31.681478],[-70.511839,-31.680809],[-70.512207,-31.680107],[-70.512374,-31.679136],[-70.512542,-31.678233],[-70.512508,-31.677497],[-70.51224,-31.676827],[-70.512073,-31.67569],[-70.512073,-31.675564],[-70.512086,-31.675108],[-70.512174,-31.674403],[-70.512105,-31.673727],[-70.511705,-31.673261],[-70.511134,-31.67249],[-70.511004,-31.672204],[-70.510934,-31.672052],[-70.510915,-31.671576],[-70.510883,-31.671122],[-70.510839,-31.670501],[-70.510808,-31.67024],[-70.510785,-31.670052],[-70.510763,-31.669873],[-70.510744,-31.669444],[-70.510973,-31.66893],[-70.511001,-31.668774],[-70.511049,-31.668512],[-70.511002,-31.667692],[-70.510802,-31.666856],[-70.510634,-31.665952],[-70.510567,-31.665584],[-70.51052,-31.665475],[-70.510467,-31.66535],[-70.510333,-31.664714],[-70.510331,-31.664673],[-70.510329,-31.664631],[-70.5103,-31.663945],[-70.510149,-31.663794],[-70.509998,-31.663644],[-70.509886,-31.66355],[-70.509396,-31.663142],[-70.509212,-31.662924],[-70.509028,-31.662707],[-70.508501,-31.662344],[-70.508497,-31.662341],[-70.508493,-31.662339],[-70.507522,-31.662071],[-70.506786,-31.661837],[-70.505816,-31.661368],[-70.504912,-31.661067],[-70.50421,-31.6609],[-70.503942,-31.660498],[-70.503909,-31.660264],[-70.503808,-31.659695],[-70.503875,-31.659494],[-70.503942,-31.659294],[-70.504645,-31.658256],[-70.505147,-31.657821],[-70.505177,-31.657782],[-70.505235,-31.657708],[-70.505381,-31.65752],[-70.505402,-31.657074],[-70.505414,-31.656818],[-70.505531,-31.656583],[-70.505649,-31.656349],[-70.506251,-31.655546],[-70.506585,-31.65491],[-70.506786,-31.654275],[-70.506786,-31.653405],[-70.506762,-31.653265],[-70.50673,-31.653085],[-70.506686,-31.652836],[-70.506753,-31.652267],[-70.506987,-31.652116],[-70.507221,-31.651966],[-70.507743,-31.651847],[-70.50785,-31.651823],[-70.507957,-31.651798],[-70.508727,-31.651497],[-70.509463,-31.651029],[-70.510333,-31.650493],[-70.511203,-31.649958],[-70.511805,-31.649356],[-70.511906,-31.649172],[-70.512006,-31.648988],[-70.512341,-31.648084],[-70.512608,-31.647515],[-70.513612,-31.647315],[-70.515018,-31.647248],[-70.516557,-31.646913],[-70.516958,-31.646378],[-70.517494,-31.645976],[-70.518504,-31.645459],[-70.518866,-31.645273],[-70.519803,-31.644571],[-70.520706,-31.644337],[-70.521188,-31.644377],[-70.521819,-31.644319],[-70.522647,-31.644404],[-70.52355,-31.643801],[-70.524554,-31.642998],[-70.525524,-31.641994],[-70.526428,-31.641258],[-70.526696,-31.641108],[-70.526963,-31.640957],[-70.528168,-31.640723],[-70.528837,-31.640656],[-70.529506,-31.639853],[-70.530209,-31.639083],[-70.531079,-31.638581],[-70.531782,-31.638046],[-70.531748,-31.637377],[-70.531681,-31.636674],[-70.531681,-31.635938],[-70.531916,-31.6348],[-70.532049,-31.633629],[-70.532053,-31.633574],[-70.532057,-31.633518],[-70.532116,-31.632625],[-70.532116,-31.631889],[-70.532786,-31.631387],[-70.533789,-31.631019],[-70.533796,-31.631019],[-70.533892,-31.631019],[-70.534091,-31.631019],[-70.535161,-31.630584],[-70.535396,-31.630467],[-70.53563,-31.63035],[-70.536466,-31.628844],[-70.537035,-31.627807],[-70.537236,-31.627171],[-70.537437,-31.626502],[-70.537805,-31.626033],[-70.537955,-31.625866],[-70.538106,-31.625699],[-70.538417,-31.625512],[-70.538775,-31.625297],[-70.538959,-31.625096],[-70.539143,-31.624896],[-70.539444,-31.624327],[-70.539497,-31.624193],[-70.53955,-31.624058],[-70.539812,-31.62339],[-70.540281,-31.622721],[-70.540498,-31.622503],[-70.540716,-31.622286],[-70.541084,-31.62155],[-70.541226,-31.621325],[-70.54148,-31.62091],[-70.541887,-31.62068],[-70.542231,-31.619616],[-70.542255,-31.619542],[-70.542304,-31.619458],[-70.542353,-31.619375],[-70.542724,-31.618739],[-70.543092,-31.617902],[-70.543192,-31.617133],[-70.543412,-31.616059],[-70.543527,-31.615426],[-70.54361,-31.615259],[-70.543694,-31.615092],[-70.543962,-31.614757],[-70.543988,-31.61477],[-70.544026,-31.614788],[-70.544119,-31.614595],[-70.544134,-31.614563],[-70.544145,-31.614559],[-70.54453,-31.614422],[-70.544597,-31.614121],[-70.544597,-31.613799],[-70.544597,-31.61375],[-70.544597,-31.613552],[-70.544647,-31.613312],[-70.544765,-31.612749],[-70.544731,-31.612498],[-70.544698,-31.612247],[-70.544564,-31.611645],[-70.544463,-31.611411],[-70.544363,-31.611177],[-70.544129,-31.610574],[-70.544631,-31.610106],[-70.545333,-31.60937],[-70.545869,-31.608667],[-70.546638,-31.607462],[-70.547107,-31.606726],[-70.547743,-31.606124],[-70.548847,-31.605923],[-70.550219,-31.605789],[-70.550231,-31.60579],[-70.550243,-31.60579],[-70.55139,-31.605823],[-70.552762,-31.605923],[-70.554435,-31.605957],[-70.554686,-31.60589],[-70.554937,-31.605823],[-70.556376,-31.605421],[-70.557179,-31.605254],[-70.557948,-31.604518],[-70.558785,-31.603815],[-70.560726,-31.602945],[-70.561462,-31.602711],[-70.561663,-31.602594],[-70.561863,-31.602477],[-70.563101,-31.602477],[-70.564674,-31.601774],[-70.565946,-31.601239],[-70.566481,-31.600804],[-70.56715,-31.600436],[-70.567384,-31.600134],[-70.567117,-31.599833],[-70.566715,-31.599465],[-70.566481,-31.598762],[-70.56628,-31.598394],[-70.566012,-31.598127],[-70.565611,-31.597826],[-70.564908,-31.597759],[-70.564899,-31.597755],[-70.564891,-31.597752],[-70.563971,-31.597391],[-70.563771,-31.597374],[-70.56357,-31.597357],[-70.563135,-31.596922],[-70.562365,-31.596521],[-70.562164,-31.595885],[-70.56205,-31.595705],[-70.561781,-31.59547],[-70.561677,-31.595375],[-70.561629,-31.59527],[-70.561572,-31.595156],[-70.561563,-31.595042],[-70.561553,-31.594908],[-70.561572,-31.594794],[-70.56162,-31.594689],[-70.561729,-31.594613],[-70.561806,-31.594526],[-70.561915,-31.594402],[-70.562381,-31.594109],[-70.562762,-31.593814],[-70.563036,-31.59348],[-70.563135,-31.593409],[-70.563838,-31.592806],[-70.564428,-31.592278],[-70.564473,-31.592238],[-70.565243,-31.591368],[-70.565644,-31.590732],[-70.566079,-31.589561],[-70.566197,-31.589276],[-70.566314,-31.588992],[-70.566347,-31.588222],[-70.567016,-31.586783],[-70.567184,-31.585378],[-70.56715,-31.584508],[-70.567251,-31.583437],[-70.56705,-31.583236],[-70.566849,-31.583036],[-70.566414,-31.582634],[-70.565377,-31.581998],[-70.564707,-31.581764],[-70.564139,-31.581296],[-70.563938,-31.58056],[-70.563771,-31.580125],[-70.563637,-31.579991],[-70.563503,-31.579857],[-70.563353,-31.57977],[-70.563101,-31.579623],[-70.562834,-31.579422],[-70.562633,-31.579154],[-70.562365,-31.578217],[-70.56193,-31.577816],[-70.561731,-31.57765],[-70.56173,-31.577649],[-70.561529,-31.577481],[-70.560926,-31.576946],[-70.560291,-31.576511],[-70.559387,-31.575975],[-70.559203,-31.575825],[-70.559019,-31.575674],[-70.558551,-31.575172],[-70.558484,-31.574972],[-70.558417,-31.574771],[-70.558734,-31.574306],[-70.558852,-31.574135],[-70.558869,-31.573951],[-70.558885,-31.573767],[-70.558952,-31.573098],[-70.558935,-31.572864],[-70.558919,-31.572629],[-70.558718,-31.572094],[-70.558283,-31.571157],[-70.558417,-31.570923],[-70.558551,-31.570689],[-70.559019,-31.570153],[-70.559237,-31.569936],[-70.559454,-31.569718],[-70.559856,-31.569149],[-70.560006,-31.568949],[-70.560157,-31.568748],[-70.560458,-31.568079],[-70.560796,-31.567378],[-70.561361,-31.566573],[-70.561629,-31.565837],[-70.561629,-31.565167],[-70.561629,-31.564197],[-70.561729,-31.563427],[-70.562298,-31.562624],[-70.562599,-31.56152],[-70.562666,-31.561269],[-70.562733,-31.561018],[-70.562566,-31.560449],[-70.562512,-31.560401],[-70.562425,-31.560322],[-70.562198,-31.560115],[-70.56183,-31.559345],[-70.561667,-31.558872],[-70.561384,-31.55842],[-70.561027,-31.557706],[-70.560659,-31.556601],[-70.560525,-31.555664],[-70.560525,-31.554783],[-70.560525,-31.554772],[-70.560525,-31.554761],[-70.560525,-31.554125],[-70.560424,-31.552887],[-70.560056,-31.552084],[-70.559621,-31.551381],[-70.559542,-31.551302],[-70.559463,-31.551224],[-70.559019,-31.550779],[-70.558818,-31.550177],[-70.558919,-31.549474],[-70.558718,-31.548872],[-70.558618,-31.548587],[-70.558517,-31.548303],[-70.55835,-31.547634],[-70.55835,-31.546898],[-70.558584,-31.546295],[-70.559086,-31.545994],[-70.559304,-31.545911],[-70.559521,-31.545827],[-70.559875,-31.545537],[-70.559889,-31.545526],[-70.560056,-31.545091],[-70.560023,-31.544455],[-70.559923,-31.543853],[-70.559875,-31.543743],[-70.55984,-31.54366],[-70.559722,-31.543384],[-70.559722,-31.542882],[-70.559875,-31.542421],[-70.559889,-31.54238],[-70.559969,-31.542172],[-70.560056,-31.541945],[-70.559923,-31.541243],[-70.559805,-31.541143],[-70.559676,-31.541034],[-70.559488,-31.540875],[-70.55892,-31.540361],[-70.55876,-31.540175],[-70.558695,-31.5401],[-70.558685,-31.539981],[-70.558629,-31.539369],[-70.558443,-31.53902],[-70.558158,-31.538598],[-70.558116,-31.538131],[-70.558249,-31.537395],[-70.55839,-31.536787],[-70.558356,-31.536552],[-70.558322,-31.536318],[-70.557982,-31.53542],[-70.557647,-31.534718],[-70.557432,-31.534042],[-70.557413,-31.533982],[-70.557045,-31.533379],[-70.556811,-31.532543],[-70.556443,-31.53184],[-70.556359,-31.531572],[-70.556275,-31.531305],[-70.556443,-31.530669],[-70.55656,-31.530435],[-70.556677,-31.530201],[-70.556936,-31.529746],[-70.55694,-31.529739],[-70.556945,-31.529732],[-70.55695,-31.529711],[-70.557145,-31.528929],[-70.557296,-31.528661],[-70.557446,-31.528394],[-70.557781,-31.527524],[-70.557764,-31.527306],[-70.557748,-31.527089],[-70.557379,-31.52575],[-70.557179,-31.524847],[-70.556978,-31.524077],[-70.556878,-31.52386],[-70.556777,-31.523642],[-70.556543,-31.522873],[-70.556811,-31.522203],[-70.557212,-31.521668],[-70.557367,-31.521429],[-70.557647,-31.520999],[-70.557781,-31.520263],[-70.557681,-31.519359],[-70.557379,-31.518489],[-70.556613,-31.516883],[-70.556041,-31.516415],[-70.555104,-31.515645],[-70.554201,-31.514976],[-70.553197,-31.514407],[-70.552929,-31.513663],[-70.552795,-31.513483],[-70.552661,-31.513303],[-70.552595,-31.5127],[-70.552391,-31.512131],[-70.552326,-31.511947],[-70.55226,-31.511763],[-70.55226,-31.511161],[-70.552595,-31.510592],[-70.552762,-31.510442],[-70.552929,-31.510291],[-70.554167,-31.509522],[-70.555472,-31.509187],[-70.556744,-31.508953],[-70.557336,-31.508727],[-70.558417,-31.508317],[-70.559119,-31.507815],[-70.559688,-31.507413],[-70.560458,-31.506443],[-70.56053,-31.506374],[-70.560603,-31.506305],[-70.561161,-31.505774],[-70.562098,-31.505038],[-70.562996,-31.504773],[-70.563053,-31.504675],[-70.56311,-31.504578],[-70.564454,-31.503591],[-70.564731,-31.503494],[-70.565009,-31.503398],[-70.565778,-31.502963],[-70.566012,-31.502829],[-70.566247,-31.502695],[-70.566581,-31.502327],[-70.566661,-31.502123],[-70.566742,-31.501918],[-70.566799,-31.501771],[-70.566878,-31.501552],[-70.566916,-31.501357],[-70.567117,-31.50042],[-70.566882,-31.499517],[-70.566548,-31.498613],[-70.566301,-31.497677],[-70.566046,-31.496706],[-70.565644,-31.495434],[-70.565477,-31.494765],[-70.565377,-31.493761],[-70.565009,-31.492858],[-70.564808,-31.491888],[-70.564641,-31.49085],[-70.564293,-31.488914],[-70.56425,-31.488845],[-70.564207,-31.488775],[-70.564172,-31.487839],[-70.563838,-31.486935],[-70.563838,-31.486299],[-70.563787,-31.486015],[-70.563737,-31.485731],[-70.563503,-31.485028],[-70.563319,-31.484844],[-70.563135,-31.48466],[-70.562968,-31.483924],[-70.562599,-31.483321],[-70.562231,-31.482652],[-70.562064,-31.482217],[-70.562029,-31.482007],[-70.562026,-31.481987],[-70.561997,-31.481816],[-70.562499,-31.481481],[-70.56275,-31.481381],[-70.563001,-31.48128],[-70.563503,-31.480812],[-70.564172,-31.480377],[-70.564808,-31.480109],[-70.56541,-31.479607],[-70.566079,-31.479273],[-70.566816,-31.479072],[-70.567061,-31.479047],[-70.56715,-31.479038],[-70.567224,-31.4789],[-70.567311,-31.478735],[-70.567367,-31.478628],[-70.567786,-31.478306],[-70.568404,-31.477821],[-70.568446,-31.477787],[-70.568489,-31.477754],[-70.56889,-31.477127],[-70.569191,-31.476424],[-70.569141,-31.475596],[-70.569292,-31.474919],[-70.569241,-31.47409],[-70.569196,-31.473543],[-70.569141,-31.472886],[-70.568965,-31.472183],[-70.56874,-31.47133],[-70.568539,-31.470175],[-70.568062,-31.469473],[-70.567435,-31.468695],[-70.566581,-31.468218],[-70.565929,-31.468017],[-70.565791,-31.467754],[-70.565653,-31.46749],[-70.565502,-31.466662],[-70.565377,-31.465884],[-70.564875,-31.465156],[-70.564273,-31.464504],[-70.563745,-31.463801],[-70.56362,-31.463073],[-70.563193,-31.462044],[-70.562968,-31.461367],[-70.562742,-31.461241],[-70.562516,-31.461116],[-70.56229,-31.460614],[-70.561738,-31.460112],[-70.561211,-31.459761],[-70.560809,-31.458983],[-70.560433,-31.458355],[-70.55978,-31.457904],[-70.559667,-31.457891],[-70.559554,-31.457878],[-70.559103,-31.457627],[-70.558576,-31.457176],[-70.557547,-31.456649],[-70.556267,-31.456448],[-70.555012,-31.456097],[-70.553732,-31.455846],[-70.553055,-31.455544],[-70.552841,-31.455419],[-70.552628,-31.455294],[-70.552101,-31.455118],[-70.551976,-31.455118],[-70.55185,-31.455118],[-70.551223,-31.454591],[-70.55111,-31.454453],[-70.550997,-31.454315],[-70.550896,-31.453813],[-70.550871,-31.453135],[-70.550495,-31.452106],[-70.549842,-31.451328],[-70.549366,-31.45055],[-70.548939,-31.449898],[-70.548688,-31.448743],[-70.548681,-31.447477],[-70.54884,-31.446582],[-70.549283,-31.446026],[-70.54934,-31.445933],[-70.549952,-31.444881],[-70.549967,-31.444811],[-70.549978,-31.44476],[-70.550016,-31.444588],[-70.55052,-31.444251],[-70.550877,-31.443895],[-70.550972,-31.4438],[-70.551064,-31.443661],[-70.551123,-31.443573],[-70.551223,-31.443423],[-70.551624,-31.442971],[-70.552069,-31.442507],[-70.552135,-31.442438],[-70.552201,-31.442369],[-70.552503,-31.441892],[-70.552503,-31.441616],[-70.552503,-31.44134],[-70.552001,-31.440462],[-70.551474,-31.439985],[-70.551323,-31.439408],[-70.551248,-31.439245],[-70.551172,-31.439082],[-70.550781,-31.438831],[-70.550563,-31.438693],[-70.550344,-31.438555],[-70.550209,-31.438329],[-70.550043,-31.438053],[-70.54983,-31.43794],[-70.549617,-31.437827],[-70.549064,-31.437726],[-70.548562,-31.43745],[-70.548475,-31.437262],[-70.548387,-31.437074],[-70.548236,-31.436346],[-70.548161,-31.435493],[-70.548161,-31.434966],[-70.548265,-31.434797],[-70.54835,-31.43466],[-70.548487,-31.434439],[-70.548914,-31.434288],[-70.549117,-31.434247],[-70.54932,-31.434206],[-70.549633,-31.434017],[-70.549642,-31.434012],[-70.549893,-31.433811],[-70.549974,-31.433264],[-70.549983,-31.433199],[-70.549993,-31.433134],[-70.55042,-31.432732],[-70.550631,-31.432596],[-70.550704,-31.43255],[-70.550771,-31.432506],[-70.551047,-31.43208],[-70.551047,-31.431277],[-70.551223,-31.430549],[-70.551323,-31.430072],[-70.551336,-31.429909],[-70.551348,-31.429746],[-70.551347,-31.429742],[-70.551218,-31.429098],[-70.551203,-31.429023],[-70.551198,-31.428993],[-70.551398,-31.428792],[-70.551574,-31.428667],[-70.551621,-31.428667],[-70.55185,-31.428667],[-70.552377,-31.428717],[-70.55259,-31.428767],[-70.552804,-31.428817],[-70.553506,-31.428617],[-70.554284,-31.428265],[-70.554485,-31.42819],[-70.554686,-31.428115],[-70.555163,-31.428215],[-70.556041,-31.42814],[-70.556227,-31.427977],[-70.556383,-31.427841],[-70.556443,-31.427788],[-70.556719,-31.427387],[-70.55697,-31.42686],[-70.557146,-31.426624],[-70.557195,-31.426559],[-70.557396,-31.426207],[-70.55728,-31.425744],[-70.557222,-31.425515],[-70.557293,-31.42513],[-70.557321,-31.424978],[-70.557572,-31.424752],[-70.558099,-31.424526],[-70.558139,-31.42451],[-70.558238,-31.42447],[-70.558475,-31.424375],[-70.559027,-31.423949],[-70.559064,-31.423909],[-70.559132,-31.423835],[-70.559304,-31.423648],[-70.559554,-31.422995],[-70.55963,-31.422318],[-70.559564,-31.421855],[-70.559554,-31.421791],[-70.559711,-31.421623],[-70.559739,-31.421593],[-70.559906,-31.421414],[-70.560157,-31.420987],[-70.560169,-31.420699],[-70.560182,-31.42041],[-70.560207,-31.419959],[-70.560076,-31.419746],[-70.560016,-31.419648],[-70.560006,-31.419632],[-70.55958,-31.419105],[-70.559416,-31.418992],[-70.559253,-31.418879],[-70.558902,-31.418553],[-70.558802,-31.417926],[-70.558701,-31.417738],[-70.558601,-31.417549],[-70.558174,-31.417148],[-70.558036,-31.417035],[-70.557898,-31.416922],[-70.557879,-31.416916],[-70.557497,-31.416796],[-70.557246,-31.416571],[-70.557156,-31.41633],[-70.557095,-31.416169],[-70.556694,-31.415642],[-70.556518,-31.415542],[-70.556342,-31.415441],[-70.556066,-31.415015],[-70.556016,-31.414739],[-70.555966,-31.414463],[-70.555489,-31.413835],[-70.555305,-31.413216],[-70.555262,-31.413172],[-70.555218,-31.413128],[-70.555163,-31.412605],[-70.555188,-31.412354],[-70.555213,-31.412104],[-70.555188,-31.411652],[-70.55505,-31.411539],[-70.554912,-31.411426],[-70.554134,-31.411125],[-70.553845,-31.411087],[-70.553557,-31.41105],[-70.553055,-31.410698],[-70.552628,-31.410322],[-70.55244,-31.410134],[-70.552252,-31.409945],[-70.552233,-31.409909],[-70.55195,-31.409368],[-70.551687,-31.409318],[-70.551423,-31.409268],[-70.550796,-31.408967],[-70.550583,-31.408753],[-70.550369,-31.40854],[-70.549943,-31.408063],[-70.549265,-31.407887],[-70.54897,-31.407913],[-70.548688,-31.407938],[-70.548655,-31.407939],[-70.548061,-31.407963],[-70.547847,-31.4079],[-70.547634,-31.407837],[-70.547082,-31.407913],[-70.546454,-31.408113],[-70.546241,-31.408163],[-70.546028,-31.408214],[-70.545425,-31.408214],[-70.545212,-31.408088],[-70.544999,-31.407963],[-70.54496,-31.407941],[-70.544171,-31.407511],[-70.543982,-31.407373],[-70.543794,-31.407235],[-70.543016,-31.407135],[-70.542163,-31.40731],[-70.54131,-31.407586],[-70.540707,-31.407687],[-70.540419,-31.407774],[-70.54013,-31.407862],[-70.539277,-31.408013],[-70.538298,-31.407887],[-70.53757,-31.407938],[-70.536918,-31.408364],[-70.535914,-31.40864],[-70.53481,-31.408916],[-70.534308,-31.409042],[-70.534057,-31.409042],[-70.533806,-31.409042],[-70.533028,-31.40849],[-70.532426,-31.408063],[-70.5322,-31.4079],[-70.531974,-31.407737],[-70.532024,-31.40726],[-70.5321,-31.407097],[-70.532175,-31.406934],[-70.53223,-31.406374],[-70.532225,-31.40588],[-70.532241,-31.405648],[-70.53225,-31.405503],[-70.532519,-31.405273],[-70.532538,-31.405257],[-70.532602,-31.405202],[-70.533078,-31.404474],[-70.533756,-31.403245],[-70.533869,-31.403031],[-70.533982,-31.402818],[-70.534242,-31.402384],[-70.534283,-31.402316],[-70.534463,-31.402086],[-70.534735,-31.401739],[-70.535036,-31.401011],[-70.535041,-31.401004],[-70.53513,-31.400883],[-70.535312,-31.400635],[-70.536167,-31.399977],[-70.536229,-31.399929],[-70.536291,-31.399882],[-70.536818,-31.398953],[-70.536918,-31.398727],[-70.537018,-31.398502],[-70.537059,-31.397854],[-70.537101,-31.397576],[-70.537144,-31.397297],[-70.537269,-31.396745],[-70.537269,-31.39647],[-70.537269,-31.396243],[-70.537353,-31.396198],[-70.537896,-31.395955],[-70.538094,-31.395794],[-70.538199,-31.395584],[-70.538424,-31.395139],[-70.538775,-31.394009],[-70.539026,-31.393156],[-70.539093,-31.392853],[-70.53916,-31.39255],[-70.53926,-31.391479],[-70.539227,-31.39081],[-70.539227,-31.390074],[-70.53931,-31.389806],[-70.539394,-31.389538],[-70.539528,-31.388818],[-70.539495,-31.387965],[-70.539495,-31.387464],[-70.539578,-31.387246],[-70.539662,-31.387029],[-70.539561,-31.386326],[-70.539377,-31.386192],[-70.539193,-31.386058],[-70.538451,-31.385847],[-70.538447,-31.385846],[-70.538447,-31.385846],[-70.538443,-31.385833],[-70.538269,-31.385779],[-70.538089,-31.385724],[-70.537152,-31.385355],[-70.536316,-31.385088],[-70.53558,-31.384887],[-70.535613,-31.384251],[-70.535814,-31.383381],[-70.53578,-31.382679],[-70.535211,-31.382076],[-70.534576,-31.381608],[-70.53394,-31.380972],[-70.533304,-31.38047],[-70.532668,-31.379767],[-70.532133,-31.378864],[-70.531932,-31.377994],[-70.531062,-31.376756],[-70.53036,-31.37602],[-70.530058,-31.375652],[-70.530025,-31.375418],[-70.529992,-31.375183],[-70.530073,-31.374808],[-70.530159,-31.374414],[-70.530125,-31.374146],[-70.530092,-31.373878],[-70.529657,-31.373243],[-70.529757,-31.37254],[-70.529724,-31.372255],[-70.52969,-31.371971],[-70.529188,-31.371369],[-70.52872,-31.370934],[-70.528252,-31.370499],[-70.528194,-31.370097],[-70.528151,-31.369796],[-70.527984,-31.369093],[-70.527741,-31.368608],[-70.527616,-31.368357],[-70.527448,-31.366952],[-70.527448,-31.36558],[-70.527515,-31.364877],[-70.527563,-31.364576],[-70.527605,-31.364308],[-70.527616,-31.364241],[-70.528318,-31.363438],[-70.529121,-31.3633],[-70.529389,-31.363252],[-70.529657,-31.363204],[-70.53036,-31.363204],[-70.53123,-31.36297],[-70.532035,-31.362616],[-70.532066,-31.362602],[-70.5323,-31.362368],[-70.532535,-31.360795],[-70.532468,-31.359457],[-70.5323,-31.359206],[-70.532133,-31.358955],[-70.53162,-31.357994],[-70.531609,-31.357972],[-70.531598,-31.357951],[-70.531598,-31.357014],[-70.531827,-31.35621],[-70.531865,-31.356077],[-70.532059,-31.355883],[-70.532091,-31.355851],[-70.5322,-31.355742],[-70.532278,-31.355622],[-70.532635,-31.355073],[-70.532869,-31.354069],[-70.533036,-31.352932],[-70.532961,-31.351999],[-70.532948,-31.351846],[-70.532936,-31.351694],[-70.532632,-31.351055],[-70.532617,-31.351023],[-70.532602,-31.350991],[-70.53297,-31.350623],[-70.533237,-31.350389],[-70.533293,-31.350372],[-70.534007,-31.350154],[-70.534643,-31.349887],[-70.535379,-31.349385],[-70.535948,-31.348983],[-70.537755,-31.348347],[-70.538758,-31.347812],[-70.540097,-31.346875],[-70.5409,-31.345905],[-70.541536,-31.345403],[-70.541868,-31.34505],[-70.541969,-31.344942],[-70.542071,-31.344834],[-70.542473,-31.344031],[-70.542305,-31.343094],[-70.542272,-31.342425],[-70.542272,-31.341655],[-70.541603,-31.340819],[-70.54092,-31.339878],[-70.540532,-31.339045],[-70.540415,-31.338861],[-70.540298,-31.338677],[-70.540063,-31.338237],[-70.54003,-31.338175],[-70.54033,-31.337875],[-70.540422,-31.337783],[-70.540498,-31.337707],[-70.540866,-31.337171],[-70.541201,-31.336201],[-70.541571,-31.335609],[-70.541637,-31.335503],[-70.541703,-31.335398],[-70.542339,-31.334695],[-70.542974,-31.334294],[-70.54304,-31.334258],[-70.543075,-31.334227],[-70.54334,-31.33398],[-70.543725,-31.333532],[-70.543636,-31.332888],[-70.543436,-31.33226],[-70.543165,-31.331417],[-70.543376,-31.330379],[-70.543343,-31.329375],[-70.543209,-31.328706],[-70.542961,-31.326869],[-70.543091,-31.326172],[-70.543,-31.325081],[-70.543037,-31.324869],[-70.543075,-31.324657],[-70.543376,-31.324155],[-70.543644,-31.323084],[-70.543643,-31.323075],[-70.543643,-31.323065],[-70.54361,-31.322214],[-70.543543,-31.32121],[-70.543677,-31.319872],[-70.543945,-31.318734],[-70.544079,-31.318099],[-70.544848,-31.31753],[-70.544913,-31.317469],[-70.544977,-31.317408],[-70.545417,-31.316994],[-70.545886,-31.316559],[-70.546421,-31.316024],[-70.546856,-31.315555],[-70.547157,-31.314853],[-70.546889,-31.314016],[-70.546321,-31.313012],[-70.545953,-31.312343],[-70.545651,-31.311674],[-70.545083,-31.311206],[-70.545032,-31.310921],[-70.544982,-31.310637],[-70.544915,-31.3097],[-70.544915,-31.308127],[-70.545049,-31.307123],[-70.544915,-31.306488],[-70.544402,-31.305553],[-70.543911,-31.305057],[-70.543484,-31.30448],[-70.542941,-31.303911],[-70.541937,-31.303509],[-70.541234,-31.303275],[-70.540938,-31.303246],[-70.540641,-31.303216],[-70.540562,-31.303027],[-70.540551,-31.302286],[-70.539522,-31.301726],[-70.539304,-31.301595],[-70.53926,-31.301569],[-70.538825,-31.301033],[-70.538792,-31.300331],[-70.538801,-31.300298],[-70.538878,-31.300038],[-70.538959,-31.299762],[-70.539026,-31.29916],[-70.538956,-31.298482],[-70.538941,-31.298336],[-70.538926,-31.298189],[-70.538909,-31.297838],[-70.538933,-31.297087],[-70.53893,-31.296722],[-70.538568,-31.296216],[-70.538328,-31.295883],[-70.537788,-31.295445],[-70.537052,-31.294676],[-70.536946,-31.294402],[-70.536861,-31.294185],[-70.536818,-31.294073],[-70.536383,-31.293304],[-70.536349,-31.292434],[-70.536215,-31.291798],[-70.535981,-31.291263],[-70.535831,-31.291062],[-70.53568,-31.290861],[-70.53568,-31.290058],[-70.535278,-31.289288],[-70.534375,-31.28892],[-70.533338,-31.288552],[-70.532326,-31.28847],[-70.531598,-31.288418],[-70.530828,-31.288385],[-70.530822,-31.288387],[-70.53036,-31.288519],[-70.530293,-31.288218],[-70.530427,-31.287615],[-70.530427,-31.286946],[-70.530594,-31.286729],[-70.530761,-31.286511],[-70.530661,-31.285875],[-70.530594,-31.285374],[-70.530594,-31.285156],[-70.530594,-31.284939],[-70.530694,-31.284269],[-70.530661,-31.283634],[-70.530605,-31.283537],[-70.530455,-31.283186],[-70.530062,-31.282609],[-70.529858,-31.282262],[-70.529255,-31.281827],[-70.528519,-31.281258],[-70.527883,-31.280589],[-70.527281,-31.279685],[-70.52698,-31.278547],[-70.52696,-31.278253],[-70.526955,-31.278165],[-70.526947,-31.278046],[-70.527214,-31.277242],[-70.527582,-31.276741],[-70.527733,-31.276573],[-70.527883,-31.276406],[-70.528114,-31.276211],[-70.528519,-31.275871],[-70.528703,-31.275653],[-70.528887,-31.275436],[-70.52905,-31.275436],[-70.52959,-31.275436],[-70.529757,-31.275168],[-70.529757,-31.274733],[-70.529356,-31.274064],[-70.529021,-31.273428],[-70.528346,-31.272503],[-70.528352,-31.272491],[-70.528272,-31.272234],[-70.528266,-31.272217],[-70.528185,-31.271956],[-70.528218,-31.271019],[-70.528262,-31.270367],[-70.52795,-31.269546],[-70.527515,-31.269011],[-70.527013,-31.268241],[-70.526679,-31.267505],[-70.526344,-31.267003],[-70.526244,-31.266769],[-70.526144,-31.266535],[-70.525842,-31.265899],[-70.525943,-31.265063],[-70.52611,-31.264845],[-70.526277,-31.264628],[-70.526687,-31.263808],[-70.526712,-31.263758],[-70.526744,-31.263705],[-70.526777,-31.263652],[-70.52708,-31.263155],[-70.52708,-31.262453],[-70.526779,-31.261482],[-70.526645,-31.260746],[-70.525872,-31.259422],[-70.525497,-31.258074],[-70.525304,-31.257915],[-70.525207,-31.257835],[-70.524972,-31.257567],[-70.524939,-31.257166],[-70.525039,-31.256563],[-70.52514,-31.256229],[-70.525176,-31.25611],[-70.525407,-31.255359],[-70.525541,-31.254422],[-70.525541,-31.253619],[-70.525474,-31.25295],[-70.525324,-31.252766],[-70.525173,-31.252582],[-70.525307,-31.252013],[-70.525587,-31.251539],[-70.525742,-31.251277],[-70.526043,-31.25054],[-70.526712,-31.250105],[-70.526963,-31.249988],[-70.527214,-31.249871],[-70.52795,-31.249369],[-70.528787,-31.249001],[-70.530192,-31.248667],[-70.530862,-31.248332],[-70.531564,-31.24793],[-70.531899,-31.247295],[-70.531832,-31.246659],[-70.531297,-31.246057],[-70.530828,-31.245421],[-70.530159,-31.244417],[-70.529975,-31.2442],[-70.529791,-31.243982],[-70.52932,-31.243713],[-70.528854,-31.243447],[-70.528798,-31.243325],[-70.528741,-31.243203],[-70.528452,-31.242577],[-70.528084,-31.242008],[-70.527415,-31.241506],[-70.526679,-31.240937],[-70.525909,-31.240636],[-70.525742,-31.240636],[-70.525575,-31.240636],[-70.525842,-31.239833],[-70.525777,-31.239208],[-70.525776,-31.239203],[-70.525775,-31.239197],[-70.525575,-31.238461],[-70.525106,-31.237691],[-70.524437,-31.237357],[-70.5235,-31.236855],[-70.52273,-31.23642],[-70.521927,-31.236487],[-70.52181,-31.236487],[-70.521693,-31.236487],[-70.521292,-31.236119],[-70.521241,-31.236035],[-70.521191,-31.235951],[-70.52079,-31.235316],[-70.519819,-31.234948],[-70.519521,-31.23488],[-70.519377,-31.234847],[-70.519083,-31.23478],[-70.518867,-31.234679],[-70.518514,-31.234513],[-70.518263,-31.234479],[-70.518012,-31.234446],[-70.517444,-31.234446],[-70.516875,-31.234111],[-70.516657,-31.233994],[-70.51644,-31.233877],[-70.516005,-31.233308],[-70.515336,-31.232405],[-70.515302,-31.231535],[-70.51557,-31.230798],[-70.51567,-31.230537],[-70.515704,-31.23045],[-70.515737,-31.230363],[-70.516072,-31.229895],[-70.516741,-31.22936],[-70.517243,-31.228757],[-70.517644,-31.228222],[-70.517912,-31.227653],[-70.517879,-31.227385],[-70.517845,-31.227118],[-70.51735,-31.225863],[-70.517343,-31.225846],[-70.517334,-31.225817],[-70.517324,-31.225787],[-70.517377,-31.224402],[-70.517466,-31.223331],[-70.51818,-31.222394],[-70.519027,-31.221189],[-70.519786,-31.220297],[-70.520232,-31.219539],[-70.5205,-31.218513],[-70.520143,-31.217486],[-70.520098,-31.216549],[-70.519161,-31.215389],[-70.518552,-31.214598],[-70.517957,-31.213025],[-70.517867,-31.212177],[-70.518054,-31.210375],[-70.518001,-31.209188],[-70.517579,-31.208669],[-70.51702,-31.207983],[-70.516797,-31.20785],[-70.516574,-31.207716],[-70.51644,-31.20718],[-70.516484,-31.206511],[-70.516395,-31.20544],[-70.51644,-31.204503],[-70.516451,-31.204424],[-70.516462,-31.204344],[-70.516574,-31.203522],[-70.516663,-31.202496],[-70.516351,-31.201291],[-70.515771,-31.200667],[-70.515614,-31.200466],[-70.515458,-31.200265],[-70.515142,-31.199853],[-70.514477,-31.199016],[-70.51412,-31.198124],[-70.513674,-31.197276],[-70.513451,-31.196562],[-70.514031,-31.195982],[-70.514967,-31.195313],[-70.516351,-31.195045],[-70.516797,-31.194554],[-70.517377,-31.193841],[-70.517644,-31.193216],[-70.517644,-31.192457],[-70.517577,-31.192167],[-70.517511,-31.191877],[-70.518001,-31.191208],[-70.519874,-31.190773],[-70.520646,-31.190558],[-70.52157,-31.19045],[-70.522284,-31.19045],[-70.523177,-31.19045],[-70.524024,-31.190137],[-70.524337,-31.189825],[-70.524203,-31.189379],[-70.523623,-31.189067],[-70.523355,-31.188353],[-70.523043,-31.187282],[-70.522864,-31.185899],[-70.52282,-31.184784],[-70.522686,-31.184114],[-70.522195,-31.183267],[-70.52157,-31.182508],[-70.520993,-31.181155],[-70.520622,-31.180002],[-70.520054,-31.17943],[-70.519786,-31.178582],[-70.51972,-31.178413],[-70.519655,-31.178245],[-70.519474,-31.177779],[-70.518938,-31.177155],[-70.518686,-31.176885],[-70.518314,-31.176485],[-70.518277,-31.176462],[-70.518241,-31.176439],[-70.517332,-31.175861],[-70.516886,-31.175325],[-70.516351,-31.174924],[-70.516239,-31.174768],[-70.516189,-31.174698],[-70.516159,-31.174462],[-70.516131,-31.174242],[-70.516148,-31.173922],[-70.516155,-31.173773],[-70.515505,-31.173558],[-70.515391,-31.173496],[-70.515146,-31.173362],[-70.515176,-31.173242],[-70.515226,-31.172179],[-70.515248,-31.171608],[-70.515374,-31.171217],[-70.515363,-31.171051],[-70.515771,-31.170195],[-70.516083,-31.168945],[-70.516261,-31.167919],[-70.516484,-31.166313],[-70.516306,-31.165287],[-70.515949,-31.164305],[-70.515324,-31.163592],[-70.515012,-31.162833],[-70.514566,-31.161985],[-70.514544,-31.161942],[-70.514522,-31.161898],[-70.514164,-31.161182],[-70.513495,-31.160915],[-70.512647,-31.160692],[-70.511952,-31.159966],[-70.511543,-31.158534],[-70.510684,-31.157435],[-70.509971,-31.156007],[-70.509658,-31.155382],[-70.509078,-31.154758],[-70.508922,-31.154557],[-70.508766,-31.154356],[-70.50832,-31.153866],[-70.50872,-31.152601],[-70.508811,-31.150966],[-70.509123,-31.150029],[-70.509212,-31.149538],[-70.509234,-31.149337],[-70.509257,-31.149136],[-70.5089,-31.148601],[-70.508409,-31.147976],[-70.508052,-31.147129],[-70.507918,-31.146192],[-70.507807,-31.145969],[-70.507695,-31.145746],[-70.506981,-31.144987],[-70.506178,-31.144407],[-70.504974,-31.143872],[-70.503803,-31.143639],[-70.502208,-31.143426],[-70.501656,-31.143402],[-70.500378,-31.142801],[-70.499397,-31.141998],[-70.498728,-31.141016],[-70.498323,-31.140225],[-70.498162,-31.14014],[-70.498001,-31.140055],[-70.4973,-31.138696],[-70.497032,-31.137537],[-70.496363,-31.136778],[-70.495872,-31.136064],[-70.495605,-31.135127],[-70.49556,-31.133967],[-70.495426,-31.133209],[-70.495402,-31.132994],[-70.495378,-31.13278],[-70.495292,-31.132004],[-70.495605,-31.130443],[-70.495962,-31.129774],[-70.496083,-31.129634],[-70.496204,-31.129494],[-70.496542,-31.129104],[-70.497389,-31.1279],[-70.498058,-31.125892],[-70.498326,-31.12491],[-70.498058,-31.123884],[-70.498014,-31.123171],[-70.497907,-31.122797],[-70.497223,-31.122094],[-70.496408,-31.121877],[-70.495783,-31.121564],[-70.494253,-31.120867],[-70.493106,-31.119525],[-70.491634,-31.118932],[-70.490875,-31.118084],[-70.489626,-31.117237],[-70.488422,-31.116612],[-70.487217,-31.116121],[-70.485745,-31.115898],[-70.484495,-31.115898],[-70.4828,-31.116032],[-70.481596,-31.116344],[-70.480168,-31.1163],[-70.478919,-31.116211],[-70.477892,-31.115898],[-70.477607,-31.11568],[-70.476962,-31.115351],[-70.476507,-31.11493],[-70.476197,-31.114738],[-70.475617,-31.114248],[-70.475123,-31.112589],[-70.474859,-31.111526],[-70.474234,-31.11108],[-70.473565,-31.110723],[-70.47294,-31.110723],[-70.472863,-31.110719],[-70.472785,-31.110715],[-70.472093,-31.110678],[-70.471892,-31.110544],[-70.471691,-31.110411],[-70.470799,-31.109608],[-70.470745,-31.109494],[-70.470691,-31.109381],[-70.470308,-31.108581],[-70.469326,-31.106975],[-70.468657,-31.10586],[-70.467453,-31.105101],[-70.466471,-31.104521],[-70.46549,-31.103941],[-70.46491,-31.103183],[-70.464196,-31.100774],[-70.463839,-31.099748],[-70.463482,-31.098945],[-70.462947,-31.098231],[-70.46259,-31.097606],[-70.462277,-31.096937],[-70.46155,-31.095478],[-70.460983,-31.094215],[-70.460894,-31.093502],[-70.460359,-31.092431],[-70.459957,-31.091449],[-70.459928,-31.090983],[-70.459969,-31.090472],[-70.459786,-31.089889],[-70.459712,-31.089654],[-70.459511,-31.089085],[-70.45963,-31.088429],[-70.459596,-31.088258],[-70.459594,-31.088248],[-70.459556,-31.088059],[-70.459288,-31.087166],[-70.458753,-31.086586],[-70.458396,-31.085917],[-70.45737,-31.08498],[-70.456659,-31.084447],[-70.456429,-31.084304],[-70.45638,-31.084274],[-70.456114,-31.084179],[-70.455978,-31.08424],[-70.455838,-31.084302],[-70.455778,-31.084391],[-70.455533,-31.08475],[-70.454924,-31.085578],[-70.454502,-31.085939],[-70.454391,-31.086035],[-70.454197,-31.086087],[-70.453935,-31.086159],[-70.45362,-31.086244],[-70.453495,-31.086246],[-70.45283,-31.086254],[-70.452449,-31.08633],[-70.451984,-31.086566],[-70.451831,-31.086644],[-70.451184,-31.087232],[-70.451145,-31.087274],[-70.450053,-31.08846],[-70.449517,-31.088995],[-70.448536,-31.089308],[-70.447867,-31.089799],[-70.446751,-31.091182],[-70.446261,-31.091583],[-70.446015,-31.091695],[-70.44577,-31.091806],[-70.444843,-31.091823],[-70.443896,-31.092074],[-70.443093,-31.092342],[-70.442201,-31.092832],[-70.441588,-31.093485],[-70.439078,-31.094572],[-70.438408,-31.095152],[-70.43765,-31.096089],[-70.437404,-31.096268],[-70.437159,-31.096446],[-70.436668,-31.097606],[-70.436311,-31.098543],[-70.435642,-31.098632],[-70.434705,-31.098766],[-70.434081,-31.099346],[-70.433724,-31.100729],[-70.433523,-31.100863],[-70.433322,-31.100997],[-70.433312,-31.101002],[-70.432697,-31.101294],[-70.432678,-31.101379],[-70.432649,-31.101437],[-70.43263,-31.101476],[-70.432463,-31.101593],[-70.432296,-31.101711],[-70.432207,-31.102112],[-70.432193,-31.102245],[-70.432179,-31.102378],[-70.432118,-31.10296],[-70.432095,-31.10325],[-70.432073,-31.10354],[-70.431805,-31.104343],[-70.431225,-31.104789],[-70.431091,-31.105637],[-70.43069,-31.107243],[-70.430601,-31.108314],[-70.430467,-31.10934],[-70.43069,-31.110143],[-70.430623,-31.110411],[-70.430556,-31.110678],[-70.43024,-31.111548],[-70.430219,-31.111604],[-70.430199,-31.11166],[-70.430021,-31.112463],[-70.429619,-31.113801],[-70.429128,-31.115898],[-70.429218,-31.116701],[-70.429173,-31.116947],[-70.429128,-31.117192],[-70.428593,-31.118531],[-70.427924,-31.119378],[-70.426942,-31.120271],[-70.426362,-31.120761],[-70.426273,-31.121431],[-70.426005,-31.121966],[-70.425894,-31.122211],[-70.425782,-31.122457],[-70.425434,-31.122821],[-70.425219,-31.123111],[-70.425068,-31.123438],[-70.424132,-31.123974],[-70.423908,-31.124063],[-70.423685,-31.124152],[-70.423529,-31.124389],[-70.423507,-31.124821],[-70.42352,-31.125081],[-70.423782,-31.12539],[-70.424517,-31.126042],[-70.424578,-31.126427],[-70.424533,-31.126695],[-70.424355,-31.127677],[-70.423641,-31.128212],[-70.422748,-31.128747],[-70.422079,-31.128837],[-70.421321,-31.129506],[-70.420473,-31.130175],[-70.41967,-31.13071],[-70.419135,-31.131335],[-70.418376,-31.132317],[-70.417484,-31.132673],[-70.416458,-31.133477],[-70.415253,-31.135484],[-70.414004,-31.137581],[-70.413573,-31.138678],[-70.413469,-31.139633],[-70.413424,-31.140704],[-70.413513,-31.1424],[-70.413469,-31.142578],[-70.413454,-31.142638],[-70.413379,-31.142935],[-70.412889,-31.143916],[-70.412616,-31.14489],[-70.412576,-31.145032],[-70.412353,-31.146058],[-70.412309,-31.146281],[-70.412264,-31.146504],[-70.412086,-31.146995],[-70.411952,-31.147664],[-70.411826,-31.148079],[-70.411624,-31.148317],[-70.411148,-31.14865],[-70.410936,-31.148856],[-70.410696,-31.149209],[-70.410684,-31.149578],[-70.410755,-31.149816],[-70.410898,-31.150137],[-70.410946,-31.150232],[-70.411293,-31.150433],[-70.411588,-31.150696],[-70.411652,-31.151037],[-70.411766,-31.151384],[-70.411825,-31.151566],[-70.412278,-31.152421],[-70.412518,-31.15299],[-70.412598,-31.153575],[-70.412552,-31.154575],[-70.412655,-31.15515],[-70.412932,-31.155883],[-70.413164,-31.156773],[-70.413248,-31.156987],[-70.413166,-31.157718],[-70.413067,-31.158015],[-70.412673,-31.158662],[-70.411893,-31.159194],[-70.411453,-31.159578],[-70.410989,-31.160996],[-70.41097,-31.161272],[-70.410695,-31.161898],[-70.410587,-31.162142],[-70.410479,-31.162387],[-70.409676,-31.163056],[-70.409052,-31.163859],[-70.40865,-31.164707],[-70.408159,-31.166045],[-70.407669,-31.166492],[-70.407576,-31.166538],[-70.407422,-31.166615],[-70.407223,-31.166715],[-70.406673,-31.166716],[-70.406107,-31.166625],[-70.405304,-31.166625],[-70.40459,-31.166804],[-70.404231,-31.166882],[-70.403714,-31.167117],[-70.403322,-31.167224],[-70.402168,-31.167072],[-70.401378,-31.167072],[-70.400486,-31.166447],[-70.400084,-31.165689],[-70.399415,-31.165465],[-70.398389,-31.165465],[-70.398146,-31.165514],[-70.397993,-31.165544],[-70.39772,-31.165599],[-70.396827,-31.165421],[-70.395801,-31.164707],[-70.39548,-31.16399],[-70.394975,-31.163225],[-70.394463,-31.162833],[-70.394106,-31.16203],[-70.394061,-31.161912],[-70.394056,-31.161898],[-70.394023,-31.161809],[-70.393704,-31.160959],[-70.39308,-31.159933],[-70.392321,-31.158684],[-70.39125,-31.157524],[-70.389986,-31.156178],[-70.388797,-31.155583],[-70.38719,-31.154275],[-70.38606,-31.15368],[-70.383086,-31.153263],[-70.38148,-31.152966],[-70.38047,-31.153123],[-70.379294,-31.152973],[-70.378428,-31.153326],[-70.378259,-31.153395],[-70.378089,-31.153464],[-70.377241,-31.153553],[-70.37634,-31.153403],[-70.376255,-31.153389],[-70.376171,-31.153375],[-70.375501,-31.153152],[-70.37547,-31.153129],[-70.375439,-31.153106],[-70.374832,-31.152661],[-70.374654,-31.151992],[-70.374646,-31.151855],[-70.374638,-31.151718],[-70.374609,-31.151233],[-70.374542,-31.15101],[-70.374475,-31.150787],[-70.373627,-31.149672],[-70.373092,-31.148646],[-70.372172,-31.147467],[-70.371399,-31.146179],[-70.3703,-31.145203],[-70.370291,-31.145187],[-70.370281,-31.145172],[-70.3693,-31.144407],[-70.368541,-31.143961],[-70.367872,-31.143336],[-70.367845,-31.143306],[-70.367817,-31.143276],[-70.367426,-31.142846],[-70.366534,-31.142355],[-70.365418,-31.141909],[-70.364928,-31.141463],[-70.364392,-31.140749],[-70.36408,-31.140303],[-70.364015,-31.140162],[-70.363768,-31.139633],[-70.36385,-31.139013],[-70.363857,-31.138964],[-70.3639,-31.138686],[-70.363946,-31.138384],[-70.3635,-31.137537],[-70.362875,-31.136912],[-70.362385,-31.136689],[-70.362253,-31.136638],[-70.362122,-31.136586],[-70.361358,-31.136287],[-70.360823,-31.135886],[-70.360689,-31.135797],[-70.360555,-31.135707],[-70.360243,-31.134993],[-70.360198,-31.134235],[-70.360377,-31.134079],[-70.360555,-31.133923],[-70.360783,-31.133809],[-70.360953,-31.133724],[-70.361091,-31.133655],[-70.36131,-31.13346],[-70.361492,-31.133298],[-70.36234,-31.132807],[-70.362875,-31.132317],[-70.363678,-31.132049],[-70.364437,-31.132004],[-70.364638,-31.13187],[-70.364838,-31.131737],[-70.364838,-31.13071],[-70.364392,-31.129907],[-70.363751,-31.12876],[-70.363455,-31.127944],[-70.363634,-31.127141],[-70.3635,-31.126204],[-70.363545,-31.125044],[-70.363545,-31.123884],[-70.363218,-31.123281],[-70.362815,-31.122934],[-70.362697,-31.122724],[-70.362786,-31.122055],[-70.362608,-31.121431],[-70.362318,-31.121351],[-70.362229,-31.121327],[-70.362117,-31.121297],[-70.361848,-31.120983],[-70.361811,-31.12064],[-70.361705,-31.120469],[-70.361705,-31.120197],[-70.361791,-31.11994],[-70.361976,-31.11964],[-70.362262,-31.119384],[-70.362608,-31.119289],[-70.362726,-31.119183],[-70.363104,-31.119098],[-70.363504,-31.118713],[-70.364283,-31.117848],[-70.364481,-31.117683],[-70.36524,-31.117014],[-70.366177,-31.1163],[-70.367633,-31.115858],[-70.367641,-31.115856],[-70.367649,-31.115854],[-70.368229,-31.115497],[-70.3689,-31.114082],[-70.36893,-31.113909],[-70.369126,-31.113311],[-70.368988,-31.112731],[-70.368882,-31.112256],[-70.368846,-31.112092],[-70.368809,-31.111928],[-70.368631,-31.110991],[-70.368274,-31.109965],[-70.367872,-31.109563],[-70.367722,-31.109443],[-70.367612,-31.109354],[-70.367426,-31.109206],[-70.367395,-31.109036],[-70.367317,-31.108357],[-70.367145,-31.107799],[-70.36713,-31.107782],[-70.366902,-31.107517],[-70.366847,-31.10666],[-70.366808,-31.106501],[-70.366773,-31.106437],[-70.366738,-31.106373],[-70.365954,-31.105726],[-70.36524,-31.105057],[-70.365045,-31.10465],[-70.364731,-31.10386],[-70.364214,-31.103138],[-70.363009,-31.101845],[-70.362161,-31.100997],[-70.361269,-31.100015],[-70.361049,-31.099856],[-70.36083,-31.099696],[-70.360288,-31.099302],[-70.359708,-31.098766],[-70.359038,-31.098365],[-70.359013,-31.098365],[-70.358988,-31.098365],[-70.358458,-31.098365],[-70.358369,-31.098231],[-70.35828,-31.098097],[-70.358102,-31.097294],[-70.357745,-31.096312],[-70.357522,-31.095554],[-70.357512,-31.095466],[-70.357503,-31.095378],[-70.357432,-31.094706],[-70.356986,-31.093859],[-70.356796,-31.093649],[-70.35667,-31.093511],[-70.35654,-31.093368],[-70.356252,-31.092144],[-70.354924,-31.091299],[-70.353372,-31.090691],[-70.352569,-31.0902],[-70.352034,-31.089977],[-70.351855,-31.089888],[-70.351677,-31.089799],[-70.351508,-31.089221],[-70.351486,-31.089149],[-70.351462,-31.089134],[-70.351438,-31.089119],[-70.350711,-31.087524],[-70.350681,-31.087278],[-70.350651,-31.087032],[-70.350517,-31.086497],[-70.350003,-31.085972],[-70.349898,-31.085741],[-70.349792,-31.08551],[-70.349565,-31.084261],[-70.349179,-31.083686],[-70.348599,-31.08324],[-70.348509,-31.082995],[-70.34842,-31.082749],[-70.348197,-31.082169],[-70.348019,-31.082036],[-70.34784,-31.081902],[-70.347706,-31.081411],[-70.347349,-31.080786],[-70.346635,-31.080429],[-70.345922,-31.080251],[-70.345699,-31.080073],[-70.345476,-31.079894],[-70.345208,-31.079493],[-70.345192,-31.079442],[-70.345176,-31.079391],[-70.34494,-31.078645],[-70.344405,-31.077708],[-70.343657,-31.077256],[-70.3432,-31.07686],[-70.343044,-31.076637],[-70.342888,-31.076414],[-70.342486,-31.076029],[-70.342219,-31.076155],[-70.341951,-31.07628],[-70.341371,-31.076459],[-70.341081,-31.076347],[-70.340791,-31.076236],[-70.340434,-31.076029],[-70.34034,-31.076029],[-70.340077,-31.0757],[-70.339854,-31.075299],[-70.339864,-31.075222],[-70.340003,-31.074913],[-70.340046,-31.074713],[-70.340074,-31.074613],[-70.340067,-31.074506],[-70.340024,-31.07432],[-70.339943,-31.074183],[-70.339946,-31.073863],[-70.340077,-31.073737],[-70.340479,-31.073113],[-70.340607,-31.072505],[-70.340632,-31.072385],[-70.340657,-31.072265],[-70.340657,-31.071551],[-70.340523,-31.07115],[-70.340508,-31.071127],[-70.340398,-31.070962],[-70.340256,-31.070748],[-70.3402,-31.07049],[-70.340253,-31.07008],[-70.340374,-31.069873],[-70.340403,-31.069645],[-70.340388,-31.069466],[-70.340338,-31.069288],[-70.340274,-31.069145],[-70.340231,-31.068995],[-70.340031,-31.068774],[-70.339596,-31.068687],[-70.339246,-31.068453],[-70.339096,-31.068324],[-70.338782,-31.068253],[-70.338497,-31.068188],[-70.338275,-31.068167],[-70.337876,-31.068138],[-70.337562,-31.068131],[-70.337262,-31.068117],[-70.337133,-31.068074],[-70.336955,-31.068074],[-70.336705,-31.067996],[-70.336541,-31.067903],[-70.336277,-31.067724],[-70.336055,-31.067632],[-70.335805,-31.06756],[-70.335449,-31.067466],[-70.335182,-31.067332],[-70.334277,-31.066688],[-70.333296,-31.066063],[-70.332651,-31.065499],[-70.332616,-31.065469],[-70.332582,-31.065439],[-70.331868,-31.064859],[-70.331466,-31.064323],[-70.331333,-31.064167],[-70.331199,-31.064011],[-70.330262,-31.063387],[-70.329503,-31.063431],[-70.32879,-31.063699],[-70.328589,-31.063721],[-70.328388,-31.063743],[-70.327986,-31.063654],[-70.327827,-31.0634],[-70.327897,-31.063208],[-70.328165,-31.062807],[-70.328341,-31.062734],[-70.328455,-31.062543],[-70.328489,-31.061893],[-70.328512,-31.061765],[-70.328484,-31.061249],[-70.328522,-31.060849],[-70.328579,-31.060592],[-70.328594,-31.060529],[-70.328617,-31.06043],[-70.328726,-31.060192],[-70.3287,-31.059862],[-70.328008,-31.059288],[-70.327987,-31.05908],[-70.328027,-31.058841],[-70.328056,-31.058631],[-70.328056,-31.05846],[-70.327942,-31.058167],[-70.327897,-31.057542],[-70.32763,-31.056828],[-70.327273,-31.056293],[-70.327255,-31.056058],[-70.327245,-31.055932],[-70.327228,-31.055713],[-70.327139,-31.055044],[-70.327118,-31.054582],[-70.327094,-31.054482],[-70.327017,-31.054434],[-70.326775,-31.054286],[-70.326518,-31.05422],[-70.326238,-31.054172],[-70.326072,-31.054071],[-70.326023,-31.054042],[-70.325757,-31.053811],[-70.325624,-31.053658],[-70.325538,-31.053397],[-70.325352,-31.05274],[-70.325276,-31.052169],[-70.325224,-31.051707],[-70.325229,-31.051431],[-70.325215,-31.051073],[-70.325131,-31.050855],[-70.324997,-31.050287],[-70.324797,-31.049684],[-70.324562,-31.049115],[-70.324445,-31.048881],[-70.324328,-31.048647],[-70.324268,-31.048165],[-70.324261,-31.048112],[-70.324249,-31.048068],[-70.324212,-31.047941],[-70.324127,-31.047643],[-70.323692,-31.047308],[-70.322829,-31.04663],[-70.322488,-31.046238],[-70.322404,-31.04597],[-70.32232,-31.045702],[-70.322053,-31.045],[-70.322034,-31.044736],[-70.32203,-31.044676],[-70.322019,-31.044531],[-70.321651,-31.043494],[-70.3214,-31.043343],[-70.321149,-31.043193],[-70.319844,-31.043305],[-70.317335,-31.043305],[-70.316599,-31.043561],[-70.316331,-31.043578],[-70.316063,-31.043594],[-70.31526,-31.043561],[-70.314122,-31.043427],[-70.313098,-31.04337],[-70.309692,-31.043823],[-70.308788,-31.043967],[-70.308032,-31.04423],[-70.307781,-31.044263],[-70.307531,-31.044297],[-70.307034,-31.044245],[-70.306964,-31.044237],[-70.306895,-31.04423],[-70.306395,-31.04418],[-70.306041,-31.044266],[-70.305485,-31.044576],[-70.305198,-31.044783],[-70.305077,-31.044933],[-70.304914,-31.045192],[-70.304251,-31.045468],[-70.303649,-31.045669],[-70.302511,-31.045903],[-70.301441,-31.04607],[-70.300704,-31.04607],[-70.30066,-31.046068],[-70.300375,-31.046053],[-70.299665,-31.046231],[-70.299461,-31.046329],[-70.299346,-31.046384],[-70.299232,-31.046438],[-70.298797,-31.046706],[-70.298704,-31.046737],[-70.298137,-31.047072],[-70.297668,-31.047035],[-70.297261,-31.047003],[-70.297057,-31.04694],[-70.296959,-31.046919],[-70.296861,-31.046898],[-70.296288,-31.046773],[-70.295618,-31.046773],[-70.294949,-31.04694],[-70.294541,-31.047067],[-70.29422,-31.047089],[-70.293948,-31.047074],[-70.293513,-31.04706],[-70.292997,-31.046918],[-70.292543,-31.04687],[-70.291985,-31.046896],[-70.291521,-31.046896],[-70.291081,-31.046868],[-70.290541,-31.046751],[-70.290097,-31.046539],[-70.28983,-31.046405],[-70.289562,-31.046271],[-70.289109,-31.046011],[-70.288894,-31.045658],[-70.288357,-31.045301],[-70.28814,-31.045167],[-70.287922,-31.045033],[-70.287287,-31.044598],[-70.287086,-31.044397],[-70.286885,-31.044197],[-70.286015,-31.043862],[-70.285727,-31.04379],[-70.285534,-31.043742],[-70.285346,-31.043695],[-70.285076,-31.043675],[-70.28471,-31.043829],[-70.284311,-31.044114],[-70.284041,-31.04423],[-70.283338,-31.044799],[-70.283137,-31.044966],[-70.282508,-31.045246],[-70.282301,-31.045301],[-70.281963,-31.045547],[-70.281138,-31.045757],[-70.280628,-31.04597],[-70.2802,-31.046119],[-70.27985,-31.046339],[-70.27925,-31.046394],[-70.278553,-31.046539],[-70.277482,-31.046773],[-70.27685,-31.04691],[-70.276593,-31.047077],[-70.275985,-31.047674],[-70.275867,-31.047731],[-70.275738,-31.047767],[-70.275729,-31.047767],[-70.275631,-31.047767],[-70.275546,-31.047745],[-70.275441,-31.047713],[-70.275431,-31.04771],[-70.275429,-31.047706],[-70.275346,-31.047553],[-70.275296,-31.047467],[-70.275217,-31.047296],[-70.275182,-31.047081],[-70.275132,-31.046932],[-70.275117,-31.046824],[-70.274967,-31.046503],[-70.274521,-31.045809],[-70.27445,-31.045675],[-70.274352,-31.045492],[-70.274304,-31.045401],[-70.273768,-31.044765],[-70.272631,-31.044197],[-70.271761,-31.043795],[-70.271459,-31.043728],[-70.271158,-31.043661],[-70.271004,-31.043576],[-70.270892,-31.043515],[-70.270205,-31.04331],[-70.269451,-31.043388],[-70.269285,-31.043364],[-70.269242,-31.043307],[-70.269156,-31.043222],[-70.269128,-31.04315],[-70.269099,-31.043093],[-70.269085,-31.043022],[-70.269084,-31.042858],[-70.269251,-31.042356],[-70.269485,-31.041921],[-70.269586,-31.041553],[-70.269532,-31.041229],[-70.269519,-31.041152],[-70.269485,-31.040482],[-70.269552,-31.040248],[-70.269619,-31.040014],[-70.26982,-31.039479],[-70.269876,-31.039354],[-70.269987,-31.03911],[-70.269992,-31.039004],[-70.270021,-31.038441],[-70.270188,-31.037136],[-70.270422,-31.035932],[-70.27079,-31.034627],[-70.27084,-31.034376],[-70.270891,-31.034125],[-70.270844,-31.033686],[-70.270832,-31.033565],[-70.270819,-31.033444],[-70.270757,-31.032853],[-70.270723,-31.031916],[-70.270824,-31.03118],[-70.270757,-31.030578],[-70.270723,-31.03031],[-70.27069,-31.030043],[-70.270891,-31.029273],[-70.271326,-31.028671],[-70.271861,-31.028035],[-70.272631,-31.027064],[-70.273233,-31.026362],[-70.273936,-31.025693],[-70.275174,-31.024521],[-70.275776,-31.023886],[-70.276378,-31.022982],[-70.276813,-31.022045],[-70.276905,-31.021917],[-70.277146,-31.02146],[-70.277482,-31.021309],[-70.277637,-31.021261],[-70.277792,-31.021213],[-70.278587,-31.021108],[-70.27939,-31.021041],[-70.279827,-31.020977],[-70.280225,-31.02099],[-70.28049,-31.020856],[-70.280929,-31.02074],[-70.281197,-31.020707],[-70.281464,-31.020673],[-70.281795,-31.02074],[-70.28195,-31.020746],[-70.282205,-31.020644],[-70.282438,-31.020471],[-70.282736,-31.020105],[-70.282822,-31.020081],[-70.283059,-31.020015],[-70.283338,-31.019937],[-70.283797,-31.020013],[-70.283879,-31.020081],[-70.283898,-31.020097],[-70.284108,-31.020272],[-70.28471,-31.020874],[-70.285347,-31.021222],[-70.285781,-31.02149],[-70.285989,-31.021639],[-70.286576,-31.02194],[-70.286659,-31.021995],[-70.287066,-31.022531],[-70.287618,-31.02312],[-70.28819,-31.023752],[-70.288374,-31.023869],[-70.288558,-31.023986],[-70.289228,-31.024055],[-70.289576,-31.023935],[-70.289761,-31.023875],[-70.290398,-31.023618],[-70.291103,-31.023174],[-70.291599,-31.022725],[-70.291987,-31.022562],[-70.293148,-31.021971],[-70.29341,-31.021945],[-70.294347,-31.021878],[-70.294498,-31.021844],[-70.294947,-31.021645],[-70.295509,-31.021498],[-70.295685,-31.021376],[-70.295836,-31.021259],[-70.295986,-31.021142],[-70.296401,-31.021078],[-70.296421,-31.021075],[-70.296687,-31.020986],[-70.296715,-31.020977],[-70.296857,-31.02093],[-70.296934,-31.020899],[-70.297288,-31.02076],[-70.297581,-31.020545],[-70.297766,-31.020163],[-70.297726,-31.01987],[-70.297392,-31.019201],[-70.296912,-31.018732],[-70.296101,-31.017627],[-70.295786,-31.016892],[-70.295652,-31.016257],[-70.29525,-31.015554],[-70.294882,-31.014918],[-70.294414,-31.014048],[-70.293912,-31.013111],[-70.293577,-31.012074],[-70.293498,-31.011803],[-70.293426,-31.011559],[-70.29341,-31.011505],[-70.29331,-31.010702],[-70.293541,-31.009708],[-70.293543,-31.009703],[-70.293544,-31.009698],[-70.293648,-31.009537],[-70.293692,-31.008809],[-70.293669,-31.008424],[-70.293792,-31.008213],[-70.293928,-31.007981],[-70.293985,-31.007884],[-70.294148,-31.007624],[-70.29434,-31.007331],[-70.294725,-31.007022],[-70.295327,-31.006076],[-70.295418,-31.005917],[-70.296288,-31.00498],[-70.296622,-31.004411],[-70.296689,-31.003508],[-70.296664,-31.003361],[-70.296638,-31.003214],[-70.296555,-31.002738],[-70.296555,-31.001935],[-70.296629,-31.001749],[-70.296703,-31.001563],[-70.296987,-31.001264],[-70.297065,-31.001183],[-70.29716,-31.00103],[-70.297255,-31.000878],[-70.297283,-31.000769],[-70.297284,-31.000757],[-70.297545,-30.999522],[-70.297617,-30.999051],[-70.297658,-30.998603],[-70.297765,-30.998137],[-70.297805,-30.997961],[-70.297832,-30.997879],[-70.298005,-30.997671],[-70.298148,-30.997439],[-70.29832,-30.997242],[-70.298918,-30.99695],[-70.299195,-30.996879],[-70.29939,-30.99679],[-70.299463,-30.996756],[-70.299849,-30.996564],[-70.300141,-30.996518],[-70.300201,-30.996488],[-70.300486,-30.996521],[-70.30077,-30.996555],[-70.301018,-30.996667],[-70.301651,-30.996907],[-70.302032,-30.997046],[-70.302139,-30.997088],[-70.302389,-30.997082],[-70.302603,-30.99704],[-70.302786,-30.996943],[-70.303031,-30.996689],[-70.303045,-30.995885],[-70.302811,-30.995116],[-70.302543,-30.994112],[-70.301941,-30.992807],[-70.301406,-30.99177],[-70.30077,-30.9909],[-70.298997,-30.988223],[-70.298428,-30.987152],[-70.297778,-30.985665],[-70.297769,-30.985613],[-70.297757,-30.985539],[-70.297718,-30.985469],[-70.297652,-30.985353],[-70.297457,-30.984308],[-70.297022,-30.983337],[-70.296755,-30.982467],[-70.296487,-30.981497],[-70.296353,-30.980794],[-70.296119,-30.980192],[-70.295684,-30.979422],[-70.295182,-30.978887],[-70.294596,-30.978234],[-70.294114,-30.978047],[-70.293852,-30.976949],[-70.293832,-30.976867],[-70.293777,-30.976746],[-70.293509,-30.975507],[-70.293409,-30.974336],[-70.293542,-30.973567],[-70.293509,-30.97273],[-70.293174,-30.971626],[-70.293141,-30.97089],[-70.293375,-30.969986],[-70.294212,-30.969183],[-70.295215,-30.968213],[-70.296119,-30.966774],[-70.296989,-30.965369],[-70.297457,-30.964867],[-70.297959,-30.963997],[-70.298216,-30.963516],[-70.298319,-30.962971],[-70.298745,-30.962421],[-70.29895,-30.961906],[-70.299704,-30.961973],[-70.300971,-30.961788],[-70.302008,-30.961487],[-70.302978,-30.960852],[-70.303715,-30.960617],[-70.304518,-30.960316],[-70.304764,-30.960261],[-70.305779,-30.960009],[-70.306325,-30.95968],[-70.306893,-30.959178],[-70.308299,-30.95861],[-70.309236,-30.95784],[-70.310641,-30.956903],[-70.31198,-30.956334],[-70.313184,-30.955632],[-70.314054,-30.955163],[-70.314433,-30.954672],[-70.314592,-30.954137],[-70.314556,-30.953791],[-70.314924,-30.953122],[-70.315493,-30.952051],[-70.315872,-30.95118],[-70.315814,-30.950461],[-70.315653,-30.950202],[-70.315493,-30.949943],[-70.315225,-30.949207],[-70.314958,-30.948404],[-70.315011,-30.947695],[-70.315282,-30.947437],[-70.315727,-30.946798],[-70.315961,-30.946028],[-70.316062,-30.945392],[-70.316179,-30.945125],[-70.316296,-30.944857],[-70.316306,-30.943862],[-70.316329,-30.942716],[-70.316271,-30.941987],[-70.316263,-30.941879],[-70.316196,-30.941411],[-70.316056,-30.941159],[-70.315861,-30.940808],[-70.315844,-30.940541],[-70.315828,-30.940273],[-70.316698,-30.939336],[-70.317534,-30.938466],[-70.318203,-30.937763],[-70.318672,-30.937128],[-70.319207,-30.936324],[-70.319809,-30.935956],[-70.320479,-30.935622],[-70.320724,-30.935258],[-70.321117,-30.934922],[-70.321608,-30.934604],[-70.321851,-30.934384],[-70.322587,-30.934016],[-70.322721,-30.933832],[-70.322854,-30.933648],[-70.322888,-30.932075],[-70.322854,-30.931105],[-70.322831,-30.929596],[-70.322821,-30.928026],[-70.322486,-30.92729],[-70.322252,-30.926219],[-70.321817,-30.924981],[-70.321449,-30.924379],[-70.320813,-30.923977],[-70.319876,-30.923442],[-70.318666,-30.922994],[-70.317869,-30.922405],[-70.317266,-30.921936],[-70.316932,-30.921367],[-70.31653,-30.920698],[-70.316229,-30.919493],[-70.316162,-30.918657],[-70.316574,-30.917559],[-70.316646,-30.917285],[-70.316865,-30.916917],[-70.317066,-30.916248],[-70.317093,-30.916161],[-70.31712,-30.916074],[-70.317266,-30.915612],[-70.317266,-30.915395],[-70.317266,-30.915177],[-70.316898,-30.91434],[-70.316764,-30.913705],[-70.316329,-30.913002],[-70.31566,-30.912299],[-70.315389,-30.91198],[-70.314831,-30.911697],[-70.314382,-30.911234],[-70.313653,-30.910827],[-70.312687,-30.910387],[-70.312618,-30.910189],[-70.312548,-30.909991],[-70.312743,-30.909457],[-70.31291,-30.909088],[-70.312958,-30.908826],[-70.312922,-30.908541],[-70.312981,-30.90816],[-70.313106,-30.907774],[-70.313084,-30.907581],[-70.313249,-30.906141],[-70.313316,-30.906015],[-70.313382,-30.905888],[-70.313021,-30.904912],[-70.31208,-30.904503],[-70.311829,-30.904336],[-70.311578,-30.904168],[-70.31121,-30.903633],[-70.310741,-30.903098],[-70.310039,-30.902696],[-70.30937,-30.902495],[-70.308868,-30.901826],[-70.308724,-30.901623],[-70.308631,-30.901491],[-70.308466,-30.901257],[-70.308098,-30.900588],[-70.308132,-30.899618],[-70.307964,-30.898948],[-70.307279,-30.89848],[-70.30676,-30.897777],[-70.306793,-30.89684],[-70.306659,-30.89336],[-70.30667,-30.892943],[-70.306742,-30.891594],[-70.306765,-30.890359],[-70.307061,-30.889579],[-70.307089,-30.88947],[-70.307118,-30.88936],[-70.307262,-30.88881],[-70.307362,-30.887772],[-70.307128,-30.8864],[-70.30691,-30.886216],[-70.306693,-30.886032],[-70.306458,-30.885463],[-70.306157,-30.884794],[-70.305555,-30.88446],[-70.304607,-30.883715],[-70.304392,-30.88302],[-70.304371,-30.882953],[-70.30435,-30.882887],[-70.304349,-30.882885],[-70.304049,-30.882218],[-70.304066,-30.881984],[-70.304083,-30.881749],[-70.304049,-30.881247],[-70.303999,-30.880237],[-70.304417,-30.879574],[-70.304484,-30.878504],[-70.304609,-30.877434],[-70.304624,-30.877389],[-70.304779,-30.876929],[-70.304777,-30.876825],[-70.304768,-30.876424],[-70.304466,-30.875717],[-70.304184,-30.875002],[-70.304088,-30.874575],[-70.304032,-30.874386],[-70.304029,-30.874366],[-70.303955,-30.873982],[-70.303926,-30.873714],[-70.303838,-30.873214],[-70.303605,-30.87279],[-70.303545,-30.872681],[-70.303239,-30.872365],[-70.302819,-30.872031],[-70.30258,-30.871687],[-70.302566,-30.871667],[-70.302547,-30.871513],[-70.3025,-30.871383],[-70.302493,-30.87119],[-70.302508,-30.870824],[-70.302569,-30.870281],[-70.302462,-30.869986],[-70.302088,-30.869393],[-70.302031,-30.869347],[-70.301975,-30.869302],[-70.301406,-30.868398],[-70.300937,-30.867595],[-70.300536,-30.866491],[-70.300335,-30.865253],[-70.300502,-30.864283],[-70.300502,-30.863111],[-70.300603,-30.862141],[-70.300536,-30.86097],[-70.299171,-30.859835],[-70.298412,-30.859356],[-70.298012,-30.858835],[-70.297567,-30.858188],[-70.29711,-30.857807],[-70.296695,-30.857625],[-70.296353,-30.857323],[-70.296236,-30.857105],[-70.296119,-30.856888],[-70.296101,-30.856598],[-70.296216,-30.856237],[-70.296368,-30.855846],[-70.296568,-30.855492],[-70.296621,-30.855282],[-70.296717,-30.854964],[-70.296721,-30.853575],[-70.296654,-30.852672],[-70.296435,-30.85223],[-70.296368,-30.851973],[-70.296339,-30.851563],[-70.296487,-30.850865],[-70.296621,-30.849827],[-70.296454,-30.848757],[-70.296119,-30.847552],[-70.295918,-30.846782],[-70.295483,-30.845745],[-70.294479,-30.844574],[-70.294366,-30.844454],[-70.294252,-30.844333],[-70.293375,-30.843403],[-70.292405,-30.842901],[-70.290832,-30.842901],[-70.289527,-30.842934],[-70.288724,-30.842901],[-70.28849,-30.842901],[-70.288256,-30.842901],[-70.287084,-30.842566],[-70.286583,-30.842165],[-70.286047,-30.84173],[-70.285646,-30.841328],[-70.285415,-30.8412],[-70.285287,-30.841129],[-70.285043,-30.840994],[-70.284588,-30.840911],[-70.284307,-30.84086],[-70.284157,-30.840776],[-70.284006,-30.840692],[-70.283973,-30.840057],[-70.284014,-30.839742],[-70.284099,-30.839571],[-70.284214,-30.839352],[-70.284233,-30.839028],[-70.284252,-30.838638],[-70.284128,-30.838305],[-70.284007,-30.837518],[-70.283872,-30.837179],[-70.28372,-30.83686],[-70.283538,-30.836476],[-70.282167,-30.834763],[-70.281751,-30.834343],[-70.281589,-30.834191],[-70.280818,-30.832934],[-70.28068,-30.832733],[-70.280542,-30.832531],[-70.280073,-30.832029],[-70.279891,-30.831301],[-70.279739,-30.830691],[-70.279638,-30.829887],[-70.279608,-30.829189],[-70.279705,-30.827244],[-70.279605,-30.826374],[-70.279538,-30.82609],[-70.279471,-30.825805],[-70.279203,-30.825136],[-70.278701,-30.824768],[-70.278533,-30.824587],[-70.278442,-30.824488],[-70.278266,-30.824299],[-70.278199,-30.823764],[-70.278223,-30.823658],[-70.278246,-30.823552],[-70.278434,-30.822693],[-70.278735,-30.822058],[-70.279103,-30.821254],[-70.279504,-30.820184],[-70.280207,-30.819247],[-70.280586,-30.818141],[-70.280597,-30.818108],[-70.280609,-30.818076],[-70.280475,-30.81744],[-70.280073,-30.816737],[-70.279576,-30.816397],[-70.279535,-30.816328],[-70.279264,-30.816176],[-70.279065,-30.815883],[-70.278911,-30.8156],[-70.278443,-30.815234],[-70.278158,-30.814884],[-70.277979,-30.814606],[-70.277481,-30.813628],[-70.277439,-30.813578],[-70.277348,-30.813471],[-70.277196,-30.813291],[-70.276794,-30.812421],[-70.276799,-30.812358],[-70.276804,-30.812295],[-70.276894,-30.811149],[-70.277296,-30.809744],[-70.277661,-30.809396],[-70.277891,-30.809038],[-70.27831,-30.808571],[-70.278785,-30.808197],[-70.278869,-30.808104],[-70.280174,-30.806732],[-70.281445,-30.805294],[-70.282215,-30.804457],[-70.282784,-30.803989],[-70.283553,-30.803754],[-70.283737,-30.803587],[-70.283921,-30.80342],[-70.28439,-30.802884],[-70.285092,-30.802282],[-70.285962,-30.802081],[-70.286899,-30.80168],[-70.287016,-30.801546],[-70.287133,-30.801412],[-70.287635,-30.801211],[-70.288773,-30.801111],[-70.289409,-30.800642],[-70.289626,-30.800442],[-70.289844,-30.800241],[-70.290112,-30.800098],[-70.290848,-30.799705],[-70.290878,-30.799665],[-70.291048,-30.799438],[-70.291082,-30.79917],[-70.290881,-30.798902],[-70.290759,-30.79875],[-70.29065,-30.798613],[-70.290407,-30.797835],[-70.290212,-30.797564],[-70.290199,-30.797286],[-70.290195,-30.797186],[-70.290178,-30.796828],[-70.289908,-30.795728],[-70.289781,-30.793575],[-70.289781,-30.792545],[-70.289543,-30.791909],[-70.289409,-30.790939],[-70.288873,-30.789098],[-70.28886,-30.789065],[-70.288847,-30.789032],[-70.288472,-30.788094],[-70.288204,-30.787358],[-70.28797,-30.786689],[-70.287307,-30.785971],[-70.287237,-30.785895],[-70.287167,-30.785819],[-70.28623,-30.785284],[-70.285786,-30.784938],[-70.285628,-30.784815],[-70.28553,-30.784677],[-70.285059,-30.784012],[-70.28459,-30.783042],[-70.284495,-30.782994],[-70.284423,-30.782958],[-70.284256,-30.782875],[-70.283453,-30.783042],[-70.283248,-30.783108],[-70.282263,-30.783551],[-70.280866,-30.784062],[-70.28014,-30.784648],[-70.279605,-30.785116],[-70.279437,-30.785083],[-70.27927,-30.785049],[-70.278467,-30.784514],[-70.276359,-30.783376],[-70.27569,-30.782741],[-70.275634,-30.782684],[-70.275577,-30.782628],[-70.275042,-30.782247],[-70.274045,-30.781509],[-70.273948,-30.781468],[-70.273347,-30.781168],[-70.273335,-30.781117],[-70.273323,-30.781067],[-70.273281,-30.781005],[-70.272979,-30.780566],[-70.272946,-30.780315],[-70.272913,-30.780064],[-70.272968,-30.779617],[-70.272974,-30.779573],[-70.272979,-30.779528],[-70.273124,-30.779103],[-70.273356,-30.778686],[-70.273409,-30.778589],[-70.273491,-30.778345],[-70.273514,-30.778275],[-70.273603,-30.777822],[-70.273607,-30.777569],[-70.273636,-30.775933],[-70.273652,-30.774963],[-70.27365,-30.774304],[-70.273649,-30.773807],[-70.273381,-30.773204],[-70.273322,-30.773101],[-70.273263,-30.772998],[-70.272979,-30.772502],[-70.272712,-30.771899],[-70.272629,-30.771123],[-70.272344,-30.769022],[-70.272544,-30.76765],[-70.272578,-30.766545],[-70.272544,-30.765609],[-70.272611,-30.764805],[-70.273381,-30.764036],[-70.274151,-30.763534],[-70.274619,-30.762999],[-70.274686,-30.762262],[-70.274184,-30.760857],[-70.27405,-30.759786],[-70.273883,-30.75808],[-70.273883,-30.757143],[-70.273802,-30.756288],[-70.273302,-30.754878],[-70.271898,-30.75146],[-70.271566,-30.750837],[-70.271349,-30.7507],[-70.27126,-30.750644],[-70.271005,-30.750484],[-70.27047,-30.749848],[-70.27047,-30.748926],[-70.27047,-30.748911],[-70.270464,-30.748766],[-70.270436,-30.748142],[-70.270169,-30.746937],[-70.269466,-30.745933],[-70.269345,-30.745798],[-70.269223,-30.745662],[-70.268897,-30.745298],[-70.268194,-30.744394],[-70.267458,-30.743591],[-70.266923,-30.743156],[-70.265886,-30.742955],[-70.26525,-30.742855],[-70.264581,-30.742721],[-70.26438,-30.741918],[-70.264346,-30.741282],[-70.264367,-30.741134],[-70.264388,-30.740987],[-70.264514,-30.740078],[-70.26448,-30.739936],[-70.264056,-30.739008],[-70.263788,-30.738766],[-70.263094,-30.738467],[-70.262195,-30.737535],[-70.260699,-30.73643],[-70.259863,-30.735928],[-70.258691,-30.735494],[-70.258022,-30.735326],[-70.257286,-30.734724],[-70.25645,-30.734088],[-70.255513,-30.733921],[-70.254275,-30.733185],[-70.253271,-30.732917],[-70.252334,-30.732683],[-70.250761,-30.73198],[-70.248498,-30.730349],[-70.247384,-30.729635],[-70.246537,-30.729083],[-70.246223,-30.728893],[-70.246165,-30.728727],[-70.246094,-30.728522],[-70.246086,-30.728428],[-70.246052,-30.728055],[-70.246451,-30.727132],[-70.247739,-30.725457],[-70.248836,-30.724029],[-70.249356,-30.723414],[-70.250192,-30.722477],[-70.251103,-30.721845],[-70.251445,-30.721241],[-70.251824,-30.721095],[-70.251999,-30.720871],[-70.252911,-30.720014],[-70.253227,-30.719115],[-70.253282,-30.719022],[-70.253338,-30.71893],[-70.253538,-30.717424],[-70.253812,-30.716578],[-70.254191,-30.716111],[-70.254643,-30.715718],[-70.255178,-30.715116],[-70.255546,-30.714547],[-70.255981,-30.714078],[-70.256545,-30.713425],[-70.256548,-30.71305],[-70.256299,-30.712606],[-70.256175,-30.712416],[-70.256099,-30.712206],[-70.256061,-30.712006],[-70.256023,-30.711768],[-70.25627,-30.711122],[-70.256416,-30.710732],[-70.25655,-30.710548],[-70.256684,-30.710364],[-70.256684,-30.709595],[-70.256517,-30.708925],[-70.256249,-30.708356],[-70.256148,-30.707453],[-70.256306,-30.707119],[-70.256386,-30.706433],[-70.256498,-30.70592],[-70.256658,-30.70575],[-70.256818,-30.705579],[-70.257186,-30.70491],[-70.257621,-30.70414],[-70.257717,-30.703843],[-70.25806,-30.703145],[-70.258128,-30.702724],[-70.25829,-30.702367],[-70.258658,-30.701363],[-70.258791,-30.701115],[-70.258824,-30.701055],[-70.258892,-30.700928],[-70.259093,-30.700159],[-70.259093,-30.699991],[-70.259093,-30.699824],[-70.258859,-30.699188],[-70.258424,-30.69872],[-70.258257,-30.698218],[-70.258326,-30.697916],[-70.258374,-30.697589],[-70.258374,-30.69744],[-70.25835,-30.697339],[-70.258261,-30.697203],[-70.258172,-30.697125],[-70.257832,-30.696941],[-70.25749,-30.696753],[-70.257307,-30.696721],[-70.257253,-30.696712],[-70.257018,-30.696411],[-70.257171,-30.695982],[-70.257186,-30.695942],[-70.257251,-30.695834],[-70.25726,-30.695819],[-70.257387,-30.695608],[-70.257353,-30.694872],[-70.257202,-30.694621],[-70.257052,-30.69437],[-70.256684,-30.693734],[-70.256272,-30.69306],[-70.255948,-30.692529],[-70.255935,-30.69249],[-70.255918,-30.692441],[-70.255872,-30.692302],[-70.255647,-30.691626],[-70.255412,-30.690823],[-70.255212,-30.689919],[-70.255179,-30.689703],[-70.255147,-30.689486],[-70.255078,-30.689016],[-70.255145,-30.688012],[-70.255011,-30.687042],[-70.254944,-30.686841],[-70.254877,-30.68664],[-70.254549,-30.686148],[-70.254275,-30.685737],[-70.254244,-30.685613],[-70.254213,-30.685488],[-70.25404,-30.6848],[-70.253806,-30.683829],[-70.253806,-30.682625],[-70.253773,-30.681721],[-70.253639,-30.680818],[-70.253605,-30.67948],[-70.253538,-30.678743],[-70.253438,-30.67794],[-70.253428,-30.677925],[-70.253419,-30.677909],[-70.253222,-30.677333],[-70.253029,-30.677069],[-70.252691,-30.676808],[-70.252558,-30.676639],[-70.252372,-30.676248],[-70.252065,-30.675984],[-70.251464,-30.675665],[-70.250393,-30.675297],[-70.249557,-30.675096],[-70.248357,-30.674948],[-70.247839,-30.674792],[-70.247382,-30.674828],[-70.245842,-30.674929],[-70.244772,-30.674895],[-70.244645,-30.674866],[-70.24407,-30.674834],[-70.243806,-30.674756],[-70.243699,-30.67465],[-70.243389,-30.674346],[-70.243075,-30.673926],[-70.242998,-30.673825],[-70.242908,-30.673644],[-70.242505,-30.672837],[-70.242362,-30.672553],[-70.242329,-30.672491],[-70.242295,-30.67243],[-70.240689,-30.669508],[-70.240383,-30.669018],[-70.240366,-30.66899],[-70.240355,-30.668973],[-70.240352,-30.668968],[-70.240333,-30.668931],[-70.240086,-30.668453],[-70.239937,-30.668356],[-70.239787,-30.668259],[-70.239539,-30.668013],[-70.239372,-30.667801],[-70.239382,-30.667192],[-70.239439,-30.666687],[-70.239582,-30.666202],[-70.239691,-30.665859],[-70.239962,-30.665545],[-70.240533,-30.665245],[-70.241186,-30.665058],[-70.242443,-30.664633],[-70.242722,-30.664533],[-70.244068,-30.66457],[-70.245246,-30.664582],[-70.246301,-30.664103],[-70.247186,-30.663646],[-70.248129,-30.663304],[-70.248885,-30.662818],[-70.249371,-30.662404],[-70.24977,-30.661976],[-70.250259,-30.661228],[-70.250388,-30.660742],[-70.250308,-30.659983],[-70.250127,-30.659149],[-70.250056,-30.658692],[-70.250056,-30.658378],[-70.250095,-30.657971],[-70.249919,-30.657496],[-70.249518,-30.657128],[-70.249434,-30.656911],[-70.24935,-30.656693],[-70.249785,-30.656158],[-70.250321,-30.655221],[-70.250736,-30.654495],[-70.250966,-30.652768],[-70.250957,-30.651306],[-70.250756,-30.649834],[-70.250388,-30.648562],[-70.249953,-30.647424],[-70.249384,-30.646989],[-70.249332,-30.646966],[-70.24928,-30.646942],[-70.249002,-30.646816],[-70.247125,-30.645768],[-70.246848,-30.64541],[-70.246691,-30.644939],[-70.246677,-30.644468],[-70.246691,-30.643711],[-70.246691,-30.643283],[-70.24682,-30.643011],[-70.247148,-30.642954],[-70.247443,-30.643],[-70.247819,-30.642697],[-70.248054,-30.642312],[-70.248046,-30.642137],[-70.24761,-30.641702],[-70.247363,-30.641517],[-70.247281,-30.641455],[-70.247075,-30.641301],[-70.246677,-30.639942],[-70.246549,-30.639585],[-70.246491,-30.639128],[-70.246491,-30.638571],[-70.24662,-30.638],[-70.246971,-30.637227],[-70.247008,-30.636951],[-70.246908,-30.636014],[-70.246906,-30.635995],[-70.246905,-30.635976],[-70.246841,-30.635211],[-70.24664,-30.634207],[-70.245971,-30.632969],[-70.245755,-30.632606],[-70.244621,-30.630619],[-70.243361,-30.629623],[-70.242524,-30.62882],[-70.241922,-30.62795],[-70.241186,-30.627147],[-70.24012,-30.626288],[-70.239479,-30.625608],[-70.239346,-30.624805],[-70.239352,-30.624736],[-70.239358,-30.624667],[-70.23958,-30.622228],[-70.23958,-30.621258],[-70.239826,-30.618624],[-70.239881,-30.617376],[-70.239814,-30.616406],[-70.239546,-30.615368],[-70.238676,-30.614365],[-70.238401,-30.61365],[-70.238372,-30.613572],[-70.238342,-30.613495],[-70.238007,-30.61306],[-70.237037,-30.612424],[-70.235196,-30.611688],[-70.233925,-30.610885],[-70.232352,-30.610182],[-70.230846,-30.609245],[-70.229575,-30.608476],[-70.229296,-30.608357],[-70.228122,-30.607605],[-70.227589,-30.607377],[-70.227189,-30.607339],[-70.226403,-30.607124],[-70.226229,-30.607003],[-70.225873,-30.606656],[-70.225671,-30.606311],[-70.225671,-30.605989],[-70.225671,-30.605692],[-70.22585,-30.605335],[-70.225933,-30.605085],[-70.226052,-30.604181],[-70.226052,-30.603705],[-70.225938,-30.602808],[-70.225794,-30.602419],[-70.225125,-30.601549],[-70.225021,-30.601445],[-70.224917,-30.601342],[-70.224355,-30.600779],[-70.223552,-30.600311],[-70.222548,-30.599742],[-70.221745,-30.599173],[-70.22141,-30.598437],[-70.221376,-30.598287],[-70.221341,-30.598137],[-70.221238,-30.597689],[-70.221224,-30.597628],[-70.22121,-30.597567],[-70.220985,-30.596962],[-70.220549,-30.595927],[-70.220391,-30.595559],[-70.220315,-30.59535],[-70.220315,-30.595112],[-70.220315,-30.594931],[-70.22051,-30.594755],[-70.220999,-30.594407],[-70.221436,-30.593336],[-70.2214,-30.592831],[-70.2214,-30.592403],[-70.221352,-30.591879],[-70.221281,-30.591344],[-70.22121,-30.590951],[-70.22096,-30.590011],[-70.220805,-30.589678],[-70.220806,-30.588903],[-70.221027,-30.588105],[-70.221197,-30.58735],[-70.221218,-30.587076],[-70.221238,-30.586803],[-70.220958,-30.585311],[-70.221269,-30.583991],[-70.221049,-30.582863],[-70.220072,-30.580803],[-70.219663,-30.580232],[-70.218834,-30.579833],[-70.217202,-30.579198],[-70.214176,-30.577743],[-70.214082,-30.577691],[-70.213413,-30.577457],[-70.212844,-30.577156],[-70.212342,-30.576286],[-70.211787,-30.575794],[-70.211093,-30.575459],[-70.210774,-30.575043],[-70.210692,-30.57477],[-70.21024,-30.573998],[-70.209955,-30.573498],[-70.209638,-30.572724],[-70.209565,-30.572605],[-70.209408,-30.572555],[-70.208837,-30.572189],[-70.208414,-30.572178],[-70.208155,-30.571961],[-70.207927,-30.571737],[-70.207703,-30.571393],[-70.207699,-30.571385],[-70.207696,-30.571376],[-70.207357,-30.570564],[-70.207064,-30.569738],[-70.206945,-30.569334],[-70.206847,-30.568988],[-70.206768,-30.568709],[-70.206624,-30.568537],[-70.206624,-30.568406],[-70.206743,-30.568192],[-70.206862,-30.567966],[-70.206992,-30.567799],[-70.207076,-30.567561],[-70.207171,-30.567299],[-70.207254,-30.566883],[-70.207337,-30.566526],[-70.207552,-30.566164],[-70.207894,-30.56555],[-70.208037,-30.565093],[-70.208094,-30.564772],[-70.208335,-30.563617],[-70.208373,-30.563432],[-70.208389,-30.563222],[-70.208494,-30.56178],[-70.208453,-30.561153],[-70.208412,-30.561012],[-70.208026,-30.559689],[-70.207727,-30.559312],[-70.207347,-30.558605],[-70.20629,-30.557948],[-70.20485,-30.557322],[-70.204764,-30.557292],[-70.204038,-30.557034],[-70.202839,-30.556711],[-70.202137,-30.556142],[-70.202022,-30.555935],[-70.201013,-30.555697],[-70.200564,-30.555473],[-70.199426,-30.554703],[-70.197839,-30.553894],[-70.194702,-30.552849],[-70.194575,-30.552796],[-70.193598,-30.552095],[-70.192723,-30.551747],[-70.191933,-30.551471],[-70.191647,-30.551328],[-70.190693,-30.550688],[-70.190505,-30.550167],[-70.190505,-30.549996],[-70.190505,-30.54991],[-70.190562,-30.549672],[-70.19061,-30.549415],[-70.190715,-30.54893],[-70.190791,-30.548635],[-70.190914,-30.548292],[-70.190952,-30.547997],[-70.191069,-30.547876],[-70.191209,-30.547445],[-70.191495,-30.546998],[-70.191742,-30.54675],[-70.192266,-30.545769],[-70.192504,-30.544799],[-70.192961,-30.543562],[-70.193313,-30.542896],[-70.193732,-30.542296],[-70.194341,-30.541734],[-70.194921,-30.541221],[-70.195502,-30.540745],[-70.196083,-30.540383],[-70.196501,-30.54004],[-70.196547,-30.539913],[-70.196587,-30.53926],[-70.196625,-30.53886],[-70.196644,-30.538517],[-70.196758,-30.538032],[-70.196826,-30.537493],[-70.196616,-30.536835],[-70.196292,-30.536252],[-70.19613,-30.536052],[-70.195835,-30.535976],[-70.194673,-30.535651],[-70.194039,-30.535396],[-70.193716,-30.535281],[-70.192466,-30.534459],[-70.192355,-30.534418],[-70.191771,-30.534035],[-70.190943,-30.53373],[-70.190392,-30.533522],[-70.190201,-30.53333],[-70.190134,-30.533187],[-70.190105,-30.532959],[-70.190124,-30.532835],[-70.190258,-30.532597],[-70.190439,-30.532426],[-70.190743,-30.532283],[-70.191,-30.532102],[-70.191295,-30.531845],[-70.191485,-30.531617],[-70.191571,-30.53136],[-70.191638,-30.53097],[-70.191619,-30.530665],[-70.191505,-30.530313],[-70.191476,-30.530018],[-70.191495,-30.529675],[-70.191647,-30.529295],[-70.191819,-30.528847],[-70.191942,-30.528229],[-70.19199,-30.527762],[-70.192038,-30.527305],[-70.192024,-30.527044],[-70.191663,-30.526563],[-70.191462,-30.526455],[-70.190559,-30.525916],[-70.190477,-30.52582],[-70.189925,-30.525449],[-70.189753,-30.525173],[-70.189451,-30.524287],[-70.189227,-30.523839],[-70.189113,-30.52378],[-70.188583,-30.523356],[-70.187859,-30.523013],[-70.187136,-30.522699],[-70.186336,-30.522347],[-70.185784,-30.522204],[-70.185074,-30.522135],[-70.184916,-30.522043],[-70.184759,-30.521951],[-70.184168,-30.521242],[-70.184094,-30.52106],[-70.184019,-30.520877],[-70.183783,-30.520205],[-70.183744,-30.520096],[-70.183706,-30.519986],[-70.183653,-30.519848],[-70.183148,-30.518901],[-70.182842,-30.517701],[-70.182796,-30.517595],[-70.182558,-30.516674],[-70.182468,-30.516037],[-70.182452,-30.515694],[-70.181725,-30.515219],[-70.181591,-30.515161],[-70.181534,-30.515136],[-70.181515,-30.515128],[-70.180956,-30.514885],[-70.180487,-30.514383],[-70.180052,-30.513847],[-70.179627,-30.512966],[-70.179584,-30.512849],[-70.179388,-30.512315],[-70.179398,-30.511791],[-70.17956,-30.51142],[-70.179874,-30.510897],[-70.180416,-30.510506],[-70.181159,-30.51005],[-70.182834,-30.509222],[-70.183138,-30.509088],[-70.183862,-30.508679],[-70.1843,-30.508422],[-70.184821,-30.507774],[-70.184917,-30.507603],[-70.185131,-30.507205],[-70.18548,-30.506252],[-70.185834,-30.505674],[-70.186803,-30.505452],[-70.187547,-30.504846],[-70.187851,-30.50464],[-70.18823,-30.504196],[-70.188229,-30.504135],[-70.188264,-30.503647],[-70.188261,-30.503589],[-70.188254,-30.503425],[-70.188254,-30.503325],[-70.188317,-30.503147],[-70.188615,-30.502308],[-70.188773,-30.501861],[-70.188821,-30.501724],[-70.189364,-30.500982],[-70.189592,-30.500516],[-70.189935,-30.499954],[-70.190221,-30.499535],[-70.190829,-30.498796],[-70.191096,-30.498112],[-70.191521,-30.49771],[-70.191971,-30.496783],[-70.19235,-30.495848],[-70.192378,-30.49556],[-70.192421,-30.495218],[-70.192747,-30.494908],[-70.192921,-30.494697],[-70.193071,-30.494375],[-70.193123,-30.494074],[-70.193342,-30.493604],[-70.194246,-30.492467],[-70.194713,-30.49178],[-70.194815,-30.49163],[-70.194745,-30.49153],[-70.194581,-30.491295],[-70.193108,-30.490325],[-70.191234,-30.489221],[-70.189595,-30.48815],[-70.188792,-30.487581],[-70.188223,-30.487046],[-70.186215,-30.486042],[-70.185398,-30.485529],[-70.184643,-30.485507],[-70.18394,-30.485507],[-70.183588,-30.485362],[-70.18333,-30.485256],[-70.182084,-30.484392],[-70.181915,-30.48424],[-70.181827,-30.484227],[-70.181362,-30.484216],[-70.181129,-30.48422],[-70.181014,-30.484162],[-70.180791,-30.484049],[-70.180425,-30.483863],[-70.180069,-30.483635],[-70.179523,-30.483064],[-70.179055,-30.482328],[-70.177649,-30.481659],[-70.176445,-30.480856],[-70.175173,-30.480019],[-70.174638,-30.479383],[-70.174136,-30.478948],[-70.172663,-30.478714],[-70.17166,-30.478078],[-70.170522,-30.477442],[-70.167878,-30.475602],[-70.166841,-30.474799],[-70.165402,-30.473661],[-70.164198,-30.47249],[-70.163495,-30.471888],[-70.162324,-30.471185],[-70.160985,-30.470516],[-70.159915,-30.470248],[-70.158677,-30.469746],[-70.156669,-30.468809],[-70.156134,-30.468274],[-70.15595,-30.468124],[-70.155766,-30.467973],[-70.155457,-30.467717],[-70.155098,-30.467654],[-70.154996,-30.467605],[-70.154226,-30.467337],[-70.153256,-30.466936],[-70.15252,-30.466166],[-70.151959,-30.465698],[-70.151208,-30.464719],[-70.151148,-30.464627],[-70.150178,-30.463556],[-70.149475,-30.463355],[-70.148304,-30.463355],[-70.147266,-30.463456],[-70.145995,-30.463088],[-70.144991,-30.462452],[-70.143954,-30.461582],[-70.143492,-30.461197],[-70.142563,-30.460611],[-70.142491,-30.460566],[-70.142327,-30.460429],[-70.141959,-30.460305],[-70.141769,-30.460327],[-70.141357,-30.460209],[-70.141047,-30.459998],[-70.140714,-30.459903],[-70.140182,-30.459867],[-70.140112,-30.459872],[-70.139296,-30.459931],[-70.138906,-30.459921],[-70.138729,-30.459917],[-70.137374,-30.459368],[-70.137295,-30.45934],[-70.136275,-30.458843],[-70.135317,-30.458008],[-70.134112,-30.456985],[-70.13328,-30.456228],[-70.132708,-30.455538],[-70.132243,-30.454782],[-70.131589,-30.453136],[-70.131138,-30.451845],[-70.130603,-30.450105],[-70.130134,-30.448632],[-70.129967,-30.447863],[-70.129298,-30.446926],[-70.127591,-30.445654],[-70.126688,-30.44455],[-70.125784,-30.443781],[-70.125349,-30.442844],[-70.125231,-30.442543],[-70.125056,-30.441583],[-70.124575,-30.440629],[-70.124479,-30.440167],[-70.124312,-30.438929],[-70.124312,-30.437858],[-70.124381,-30.437488],[-70.124329,-30.437172],[-70.124245,-30.437021],[-70.124191,-30.436944],[-70.124011,-30.436687],[-70.12387,-30.43658],[-70.123828,-30.436485],[-70.123816,-30.436297],[-70.123777,-30.436218],[-70.123342,-30.435817],[-70.122877,-30.435524],[-70.122774,-30.435362],[-70.122684,-30.435248],[-70.122481,-30.435152],[-70.122322,-30.43509],[-70.122198,-30.435014],[-70.121994,-30.434866],[-70.121756,-30.434719],[-70.121508,-30.434629],[-70.121361,-30.434586],[-70.121151,-30.434572],[-70.120953,-30.434562],[-70.120899,-30.434545],[-70.1208,-30.434438],[-70.120647,-30.434153],[-70.120585,-30.434063],[-70.120456,-30.433963],[-70.120337,-30.433901],[-70.120195,-30.433853],[-70.119929,-30.433843],[-70.119381,-30.433672],[-70.119033,-30.43353],[-70.118667,-30.433373],[-70.118424,-30.433296],[-70.118277,-30.433173],[-70.118201,-30.433087],[-70.118034,-30.432947],[-70.118019,-30.432924],[-70.117849,-30.432649],[-70.117672,-30.432406],[-70.117501,-30.432126],[-70.117163,-30.430764],[-70.117163,-30.430705],[-70.11709,-30.429884],[-70.11709,-30.429681],[-70.117231,-30.429284],[-70.117339,-30.428526],[-70.117322,-30.428264],[-70.117239,-30.428004],[-70.117197,-30.427867],[-70.117192,-30.427689],[-70.117233,-30.42755],[-70.117299,-30.427463],[-70.117293,-30.427284],[-70.117293,-30.427135],[-70.117269,-30.42704],[-70.117203,-30.426903],[-70.117162,-30.426844],[-70.117108,-30.426683],[-70.11709,-30.426255],[-70.117082,-30.426012],[-70.11716,-30.425779],[-70.117328,-30.425714],[-70.117528,-30.425707],[-70.117608,-30.425654],[-70.117726,-30.425548],[-70.117782,-30.424764],[-70.117782,-30.424622],[-70.117782,-30.424479],[-70.118378,-30.423487],[-70.11863,-30.423339],[-70.119004,-30.42312],[-70.120027,-30.42254],[-70.1202,-30.422346],[-70.12032,-30.422118],[-70.120916,-30.421338],[-70.121166,-30.420344],[-70.121551,-30.41936],[-70.121607,-30.418965],[-70.121935,-30.417403],[-70.122262,-30.416516],[-70.122326,-30.416087],[-70.122573,-30.415523],[-70.122898,-30.414574],[-70.122936,-30.414462],[-70.123036,-30.414283],[-70.123129,-30.414184],[-70.123229,-30.414119],[-70.123273,-30.414113],[-70.123321,-30.414105],[-70.123521,-30.414112],[-70.123721,-30.414012],[-70.123839,-30.413956],[-70.123857,-30.413948],[-70.123985,-30.413834],[-70.124064,-30.413698],[-70.124143,-30.41352],[-70.124253,-30.413245],[-70.124985,-30.411918],[-70.125,-30.411888],[-70.125015,-30.411859],[-70.125182,-30.411256],[-70.125316,-30.410754],[-70.125268,-30.410621],[-70.125255,-30.410587],[-70.125182,-30.410386],[-70.125015,-30.409851],[-70.124729,-30.409308],[-70.124738,-30.409045],[-70.125115,-30.407944],[-70.125249,-30.407843],[-70.125383,-30.407743],[-70.125606,-30.40783],[-70.12582,-30.407845],[-70.126248,-30.407809],[-70.128391,-30.405935],[-70.129298,-30.405467],[-70.129934,-30.405401],[-70.130804,-30.405467],[-70.130971,-30.405467],[-70.131138,-30.405467],[-70.132443,-30.404296],[-70.132912,-30.403861],[-70.133121,-30.403684],[-70.13333,-30.403506],[-70.133748,-30.402891],[-70.133748,-30.402657],[-70.133748,-30.402423],[-70.133547,-30.401854],[-70.133047,-30.400813],[-70.133039,-30.400795],[-70.133032,-30.400776],[-70.132811,-30.400214],[-70.132778,-30.399444],[-70.133246,-30.398374],[-70.133782,-30.397771],[-70.13415,-30.397035],[-70.13435,-30.396165],[-70.134718,-30.395329],[-70.134773,-30.395235],[-70.1349,-30.395021],[-70.135053,-30.39476],[-70.135258,-30.394452],[-70.135489,-30.394004],[-70.135522,-30.393923],[-70.135978,-30.39294],[-70.13607,-30.392604],[-70.136185,-30.39199],[-70.136265,-30.39135],[-70.136291,-30.391246],[-70.136237,-30.390848],[-70.13629,-30.390387],[-70.136893,-30.38964],[-70.137931,-30.388971],[-70.1385,-30.387934],[-70.139336,-30.386863],[-70.140474,-30.385826],[-70.141043,-30.384788],[-70.141459,-30.383196],[-70.141403,-30.382237],[-70.141394,-30.382093],[-70.1416,-30.381611],[-70.141696,-30.38124],[-70.141696,-30.380745],[-70.141577,-30.379955],[-70.141577,-30.378096],[-70.14198,-30.377427],[-70.14208,-30.377176],[-70.14218,-30.376925],[-70.14218,-30.376047],[-70.14218,-30.375854],[-70.142214,-30.375453],[-70.1423,-30.375307],[-70.142595,-30.374807],[-70.14279,-30.374654],[-70.142819,-30.374501],[-70.142857,-30.374178],[-70.142816,-30.373859],[-70.142914,-30.373407],[-70.14336,-30.372839],[-70.143818,-30.372265],[-70.143915,-30.37172],[-70.144121,-30.37127],[-70.144509,-30.371028],[-70.144924,-30.371002],[-70.145761,-30.370869],[-70.146497,-30.370066],[-70.147066,-30.369798],[-70.147136,-30.369781],[-70.147418,-30.36979],[-70.147746,-30.369733],[-70.148318,-30.369492],[-70.148438,-30.369463],[-70.149006,-30.368995],[-70.149174,-30.368761],[-70.149341,-30.368526],[-70.150311,-30.368058],[-70.150947,-30.367456],[-70.151469,-30.366983],[-70.15193,-30.366892],[-70.152265,-30.366763],[-70.152679,-30.366563],[-70.152943,-30.366342],[-70.153222,-30.36595],[-70.153892,-30.364712],[-70.154594,-30.363474],[-70.154983,-30.362491],[-70.155399,-30.361973],[-70.155499,-30.361695],[-70.155531,-30.361466],[-70.155364,-30.360897],[-70.155335,-30.360647],[-70.155342,-30.359853],[-70.155263,-30.359404],[-70.154889,-30.358879],[-70.154594,-30.358388],[-70.153892,-30.356815],[-70.1531,-30.355465],[-70.152788,-30.354573],[-70.152486,-30.35377],[-70.15247,-30.353552],[-70.152453,-30.353335],[-70.152821,-30.352766],[-70.15349,-30.352197],[-70.153423,-30.351361],[-70.153323,-30.350524],[-70.153323,-30.35024],[-70.153323,-30.349955],[-70.153978,-30.348836],[-70.154561,-30.348015],[-70.154896,-30.347513],[-70.154879,-30.347295],[-70.154862,-30.347078],[-70.154669,-30.346666],[-70.154404,-30.346516],[-70.153797,-30.345697],[-70.152788,-30.344669],[-70.15175,-30.343765],[-70.149642,-30.342326],[-70.148605,-30.34159],[-70.148376,-30.34151],[-70.147437,-30.341062],[-70.146767,-30.340963],[-70.145995,-30.340921],[-70.145761,-30.340837],[-70.145526,-30.340754],[-70.144829,-30.340489],[-70.144209,-30.340463],[-70.143592,-30.340472],[-70.142961,-30.340605],[-70.142615,-30.340586],[-70.14198,-30.340319],[-70.14166,-30.340187],[-70.141076,-30.340285],[-70.14044,-30.34062],[-70.139406,-30.340708],[-70.139189,-30.340618],[-70.138817,-30.34059],[-70.138518,-30.340633],[-70.137995,-30.340834],[-70.137394,-30.340778],[-70.137195,-30.340787],[-70.136525,-30.340887],[-70.136156,-30.341065],[-70.134636,-30.342024],[-70.134351,-30.342055],[-70.134217,-30.342125],[-70.133246,-30.342159],[-70.131239,-30.34246],[-70.130538,-30.342735],[-70.130162,-30.342946],[-70.129315,-30.343196],[-70.129201,-30.343196],[-70.128508,-30.343388],[-70.127993,-30.343732],[-70.127424,-30.344133],[-70.125885,-30.344735],[-70.124914,-30.345137],[-70.121769,-30.346475],[-70.120564,-30.346977],[-70.12033,-30.347044],[-70.120096,-30.347111],[-70.11859,-30.347412],[-70.117486,-30.347948],[-70.116248,-30.347914],[-70.115545,-30.347981],[-70.114742,-30.34855],[-70.114006,-30.34932],[-70.113169,-30.350056],[-70.112032,-30.350792],[-70.110928,-30.351294],[-70.109723,-30.351595],[-70.108786,-30.351695],[-70.107782,-30.351729],[-70.106578,-30.352063],[-70.105038,-30.353134],[-70.103901,-30.354607],[-70.103454,-30.355565],[-70.103365,-30.357283],[-70.103241,-30.358738],[-70.103198,-30.359492],[-70.103098,-30.360529],[-70.103064,-30.361767],[-70.103298,-30.362972],[-70.103475,-30.363442],[-70.103585,-30.364181],[-70.103533,-30.365615],[-70.103499,-30.366284],[-70.102897,-30.367422],[-70.102529,-30.368091],[-70.101291,-30.368694],[-70.099986,-30.368861],[-70.099116,-30.369296],[-70.098898,-30.369313],[-70.098681,-30.369329],[-70.097376,-30.369263],[-70.096707,-30.36953],[-70.095803,-30.370199],[-70.095545,-30.370301],[-70.095084,-30.370577],[-70.094718,-30.370796],[-70.094413,-30.371029],[-70.094116,-30.371262],[-70.093829,-30.371672],[-70.093645,-30.371806],[-70.093461,-30.371939],[-70.093184,-30.3721],[-70.09281,-30.37249],[-70.092381,-30.37288],[-70.091972,-30.373171],[-70.091734,-30.373266],[-70.091453,-30.373323],[-70.091059,-30.373309],[-70.090873,-30.373303],[-70.090553,-30.373288],[-70.089821,-30.373185],[-70.08925,-30.373114],[-70.088826,-30.373075],[-70.08835,-30.373033],[-70.087857,-30.373116],[-70.087538,-30.373144],[-70.087125,-30.373276],[-70.086613,-30.373439],[-70.085643,-30.373861],[-70.085311,-30.373964],[-70.085277,-30.373975],[-70.08459,-30.374209],[-70.084461,-30.374231],[-70.084052,-30.374344],[-70.083647,-30.374497],[-70.083374,-30.374521],[-70.082873,-30.374523],[-70.081949,-30.374483],[-70.080985,-30.374383],[-70.080287,-30.374226],[-70.080044,-30.374119],[-70.079865,-30.374095],[-70.0797,-30.374197],[-70.079732,-30.37434],[-70.079878,-30.374704],[-70.080322,-30.375284],[-70.080783,-30.375907],[-70.081117,-30.376365],[-70.081253,-30.376656],[-70.081303,-30.376838],[-70.08136,-30.377184],[-70.081396,-30.377523],[-70.081385,-30.377971],[-70.081234,-30.378447],[-70.081152,-30.378875],[-70.081086,-30.379269],[-70.080971,-30.379467],[-70.080809,-30.379618],[-70.080316,-30.379753],[-70.079036,-30.380272],[-70.078675,-30.380354],[-70.07848,-30.380335],[-70.078286,-30.380272],[-70.078228,-30.380272],[-70.077912,-30.380214],[-70.077871,-30.380207],[-70.0777,-30.380207],[-70.077529,-30.380272],[-70.077448,-30.380405],[-70.077371,-30.380532],[-70.076193,-30.381583],[-70.075673,-30.382237],[-70.074747,-30.383404],[-70.074208,-30.383928],[-70.073823,-30.384239],[-70.073232,-30.385033],[-70.072995,-30.385467],[-70.072886,-30.386064],[-70.072684,-30.386723],[-70.072601,-30.386807],[-70.072417,-30.386991],[-70.072153,-30.387286],[-70.071893,-30.387864],[-70.071805,-30.388242],[-70.071753,-30.388466],[-70.071404,-30.388815],[-70.071186,-30.389042],[-70.071096,-30.389208],[-70.071025,-30.38937],[-70.070787,-30.389722],[-70.07053,-30.389932],[-70.069988,-30.390534],[-70.069941,-30.390571],[-70.06887,-30.391909],[-70.068268,-30.392612],[-70.068033,-30.392763],[-70.067799,-30.392913],[-70.067379,-30.392963],[-70.066579,-30.392899],[-70.066461,-30.392913],[-70.065954,-30.393279],[-70.065858,-30.393348],[-70.065716,-30.393514],[-70.065466,-30.393573],[-70.065252,-30.393561],[-70.064818,-30.393657],[-70.064654,-30.393783],[-70.063817,-30.394084],[-70.063426,-30.394287],[-70.063206,-30.394364],[-70.062765,-30.394385],[-70.062646,-30.394419],[-70.061719,-30.394263],[-70.060941,-30.394018],[-70.060638,-30.39385],[-70.060386,-30.39368],[-70.06019,-30.393454],[-70.060103,-30.393214],[-70.059702,-30.392813],[-70.059399,-30.392699],[-70.059238,-30.392604],[-70.059131,-30.392497],[-70.059047,-30.392281],[-70.059013,-30.392252],[-70.058832,-30.391972],[-70.058448,-30.391769],[-70.058193,-30.391672],[-70.057864,-30.391372],[-70.057685,-30.391163],[-70.05735,-30.391122],[-70.057201,-30.391086],[-70.056972,-30.391015],[-70.056765,-30.390929],[-70.056622,-30.390826],[-70.056288,-30.390594],[-70.056204,-30.390555],[-70.055723,-30.390512],[-70.055337,-30.390405],[-70.055006,-30.390312],[-70.054713,-30.39023],[-70.054438,-30.390041],[-70.05412,-30.389798],[-70.053874,-30.389641],[-70.053685,-30.389502],[-70.05341,-30.389227],[-70.053064,-30.388956],[-70.052799,-30.388659],[-70.052541,-30.388496],[-70.052416,-30.388472],[-70.051929,-30.38831],[-70.051541,-30.388303],[-70.051504,-30.388296],[-70.050962,-30.388302],[-70.050755,-30.388374],[-70.050305,-30.388584],[-70.050156,-30.388672],[-70.049341,-30.389045],[-70.04896,-30.389166],[-70.048457,-30.389234],[-70.047821,-30.389216],[-70.047335,-30.389198],[-70.046796,-30.389195],[-70.046211,-30.389238],[-70.045312,-30.389561],[-70.045005,-30.389711],[-70.044042,-30.389801],[-70.043401,-30.389832],[-70.043056,-30.389823],[-70.042151,-30.39015],[-70.041703,-30.39015],[-70.041414,-30.390193],[-70.041121,-30.39027],[-70.040899,-30.390319],[-70.040529,-30.390389],[-70.040233,-30.390467],[-70.03961,-30.390784],[-70.039566,-30.390806],[-70.039314,-30.390879],[-70.038924,-30.390992],[-70.03841,-30.391092],[-70.037824,-30.391106],[-70.037011,-30.391277],[-70.036482,-30.39152],[-70.036011,-30.391663],[-70.035297,-30.39162],[-70.034469,-30.391548],[-70.034016,-30.391616],[-70.033798,-30.391648],[-70.033099,-30.391891],[-70.032274,-30.391726],[-70.032256,-30.391722],[-70.032209,-30.391723],[-70.031757,-30.391734],[-70.02952,-30.392411],[-70.028817,-30.393081],[-70.028655,-30.39318],[-70.028494,-30.393279],[-70.027947,-30.393616],[-70.026843,-30.394586],[-70.025839,-30.39472],[-70.024601,-30.395021],[-70.023798,-30.395256],[-70.022995,-30.395322],[-70.022493,-30.396092],[-70.021957,-30.396862],[-70.020967,-30.396994],[-70.020958,-30.396979],[-70.020949,-30.396965],[-70.020747,-30.39694],[-70.020385,-30.396895],[-70.020223,-30.396855],[-70.02001,-30.396801],[-70.019715,-30.396728],[-70.01918,-30.396326],[-70.018922,-30.395457],[-70.018477,-30.395021],[-70.017808,-30.394453],[-70.017105,-30.394218],[-70.016369,-30.393716],[-70.015734,-30.393014],[-70.015198,-30.392478],[-70.015064,-30.392378],[-70.01493,-30.392278],[-70.014261,-30.391976],[-70.013726,-30.391341],[-70.01222,-30.390571],[-70.011651,-30.390236],[-70.010848,-30.389935],[-70.009844,-30.389935],[-70.008874,-30.389668],[-70.008238,-30.389166],[-70.007301,-30.388831],[-70.005561,-30.388496],[-70.00439,-30.387894],[-70.003688,-30.387526],[-70.003392,-30.387095],[-70.003362,-30.386833],[-70.003386,-30.386489],[-70.00349,-30.386037],[-70.003959,-30.385457],[-70.004022,-30.385351],[-70.004176,-30.385019],[-70.004119,-30.384742],[-70.004022,-30.384581],[-70.003799,-30.384486],[-70.003355,-30.38451],[-70.002812,-30.384481],[-70.001734,-30.384446],[-70.001242,-30.38432],[-70.001142,-30.384317],[-70.000643,-30.384013],[-69.999873,-30.38321],[-69.998969,-30.382239],[-69.998968,-30.382237],[-69.998668,-30.381804],[-69.998451,-30.381704],[-69.998233,-30.381603],[-69.997531,-30.381336],[-69.997067,-30.380883],[-69.996727,-30.380375],[-69.996508,-30.380002],[-69.996092,-30.37983],[-69.99573,-30.379581],[-69.995204,-30.379],[-69.995121,-30.378893],[-69.994837,-30.378843],[-69.994553,-30.378793],[-69.992913,-30.378692],[-69.991508,-30.378692],[-69.990236,-30.378525],[-69.989613,-30.378412],[-69.989556,-30.378401],[-69.9895,-30.378391],[-69.988329,-30.378458],[-69.987091,-30.378793],[-69.985886,-30.379127],[-69.984904,-30.379379],[-69.983909,-30.379431],[-69.983248,-30.379701],[-69.982306,-30.379997],[-69.981637,-30.380365],[-69.980967,-30.3806],[-69.980198,-30.3806],[-69.979328,-30.380733],[-69.978883,-30.380944],[-69.97866,-30.381161],[-69.978403,-30.381254],[-69.978106,-30.381288],[-69.978026,-30.381323],[-69.977511,-30.381418],[-69.977025,-30.381589],[-69.976411,-30.381839],[-69.975971,-30.382166],[-69.97593,-30.382197],[-69.975898,-30.38222],[-69.975875,-30.382237],[-69.975875,-30.382237],[-69.975605,-30.382346],[-69.975588,-30.38237],[-69.975575,-30.382387],[-69.975365,-30.382684],[-69.975212,-30.382741],[-69.974944,-30.382841],[-69.974175,-30.383076],[-69.973271,-30.383243],[-69.973265,-30.383244],[-69.973259,-30.383244],[-69.972895,-30.383283],[-69.972435,-30.383467],[-69.97195,-30.383602],[-69.971664,-30.383702],[-69.971003,-30.384166],[-69.970829,-30.384314],[-69.970193,-30.384347],[-69.969624,-30.38418],[-69.96944,-30.38418],[-69.969256,-30.38418],[-69.968286,-30.384515],[-69.967449,-30.384648],[-69.967341,-30.38464],[-69.967233,-30.384631],[-69.966211,-30.384548],[-69.965241,-30.384146],[-69.964203,-30.383778],[-69.963467,-30.383477],[-69.962229,-30.38331],[-69.961793,-30.383223],[-69.959864,-30.383158],[-69.959184,-30.383377],[-69.958582,-30.383578],[-69.958348,-30.383711],[-69.958113,-30.383845],[-69.957745,-30.384347],[-69.956842,-30.385016],[-69.956712,-30.385063],[-69.956181,-30.385358],[-69.955917,-30.385451],[-69.955688,-30.385537],[-69.955489,-30.385518],[-69.955342,-30.385505],[-69.955189,-30.385387],[-69.954839,-30.385194],[-69.954434,-30.384632],[-69.953897,-30.38418],[-69.952693,-30.383544],[-69.951689,-30.382775],[-69.951361,-30.382237],[-69.951321,-30.382172],[-69.950819,-30.381235],[-69.950785,-30.381181],[-69.950751,-30.381128],[-69.95025,-30.380332],[-69.950215,-30.380313],[-69.95018,-30.380294],[-69.94928,-30.379797],[-69.948376,-30.379295],[-69.946435,-30.378324],[-69.945867,-30.37799],[-69.945197,-30.37732],[-69.94493,-30.376484],[-69.944824,-30.37635],[-69.94431,-30.375869],[-69.944015,-30.375384],[-69.943939,-30.374736],[-69.944093,-30.374275],[-69.944114,-30.373691],[-69.94402,-30.373237],[-69.94339,-30.372636],[-69.943035,-30.372169],[-69.942945,-30.372051],[-69.942855,-30.371933],[-69.94242,-30.37113],[-69.942152,-30.370666],[-69.942092,-30.370563],[-69.942022,-30.370399],[-69.941678,-30.369594],[-69.941187,-30.368539],[-69.940781,-30.367951],[-69.940513,-30.367182],[-69.940376,-30.367075],[-69.939647,-30.366336],[-69.939221,-30.36526],[-69.939164,-30.365116],[-69.939107,-30.364973],[-69.938606,-30.363902],[-69.938057,-30.363276],[-69.93798,-30.363187],[-69.937903,-30.363099],[-69.937535,-30.362698],[-69.93745,-30.362606],[-69.937313,-30.362457],[-69.937133,-30.362263],[-69.936464,-30.361326],[-69.936196,-30.360824],[-69.936123,-30.360649],[-69.936103,-30.360601],[-69.936069,-30.360522],[-69.935761,-30.359787],[-69.935461,-30.359426],[-69.935425,-30.359199],[-69.935389,-30.358902],[-69.935344,-30.358487],[-69.935126,-30.358214],[-69.934882,-30.358108],[-69.934687,-30.358022],[-69.934056,-30.358176],[-69.93383,-30.358259],[-69.933378,-30.358257],[-69.932817,-30.358013],[-69.931713,-30.357478],[-69.930742,-30.357177],[-69.928666,-30.35596],[-69.92811,-30.355634],[-69.927294,-30.355166],[-69.925957,-30.354399],[-69.925455,-30.353797],[-69.924451,-30.353128],[-69.923682,-30.352559],[-69.922678,-30.352158],[-69.921775,-30.351656],[-69.921239,-30.351087],[-69.920336,-30.350685],[-69.919365,-30.350418],[-69.918696,-30.350116],[-69.918395,-30.35015],[-69.918094,-30.350183],[-69.917425,-30.350418],[-69.916555,-30.350451],[-69.916287,-30.350468],[-69.916019,-30.350485],[-69.915796,-30.35041],[-69.915417,-30.350284],[-69.915149,-30.350334],[-69.914882,-30.350384],[-69.913777,-30.35092],[-69.912941,-30.351421],[-69.91274,-30.351572],[-69.912539,-30.351723],[-69.911134,-30.35199],[-69.909829,-30.352559],[-69.908992,-30.35266],[-69.908457,-30.353128],[-69.907252,-30.35363],[-69.90568,-30.353663],[-69.90404,-30.353898],[-69.903103,-30.353898],[-69.901966,-30.353764],[-69.900861,-30.354299],[-69.899523,-30.355069],[-69.899305,-30.355236],[-69.899088,-30.355403],[-69.898419,-30.355671],[-69.898251,-30.355671],[-69.898084,-30.355671],[-69.897642,-30.355509],[-69.897556,-30.355409],[-69.897499,-30.355302],[-69.897387,-30.355011],[-69.897147,-30.354801],[-69.896913,-30.354684],[-69.896679,-30.354567],[-69.896076,-30.354299],[-69.895094,-30.353638],[-69.89448,-30.353124],[-69.893846,-30.352366],[-69.893494,-30.352065],[-69.892909,-30.351789],[-69.892574,-30.351397],[-69.892253,-30.351097],[-69.891846,-30.35059],[-69.891803,-30.350383],[-69.891796,-30.350098],[-69.891867,-30.349933],[-69.892003,-30.349769],[-69.892571,-30.349018],[-69.892752,-30.348706],[-69.893092,-30.348392],[-69.893494,-30.348324],[-69.893768,-30.348176],[-69.894604,-30.347607],[-69.895407,-30.347306],[-69.896913,-30.346938],[-69.89785,-30.346302],[-69.899088,-30.346001],[-69.899339,-30.345884],[-69.89959,-30.345767],[-69.900101,-30.345309],[-69.900226,-30.345198],[-69.900426,-30.345064],[-69.900627,-30.34493],[-69.901024,-30.344742],[-69.901479,-30.344412],[-69.902133,-30.343759],[-69.902936,-30.343324],[-69.903153,-30.343123],[-69.903371,-30.342922],[-69.903419,-30.342808],[-69.903617,-30.342096],[-69.903831,-30.341589],[-69.904341,-30.341048],[-69.904743,-30.340446],[-69.905044,-30.33971],[-69.905814,-30.33787],[-69.906115,-30.336431],[-69.906129,-30.335838],[-69.906133,-30.335694],[-69.906136,-30.335549],[-69.90626,-30.334719],[-69.906372,-30.333561],[-69.906254,-30.333085],[-69.906283,-30.332847],[-69.906313,-30.332609],[-69.906432,-30.331479],[-69.906164,-30.330646],[-69.905956,-30.329635],[-69.905822,-30.329397],[-69.905688,-30.329159],[-69.90554,-30.32788],[-69.905153,-30.32666],[-69.905212,-30.325203],[-69.90551,-30.3244],[-69.906045,-30.323894],[-69.906729,-30.323359],[-69.907384,-30.322913],[-69.907562,-30.322288],[-69.90777,-30.321009],[-69.907919,-30.319641],[-69.908068,-30.318778],[-69.908127,-30.318005],[-69.908083,-30.317737],[-69.908038,-30.31747],[-69.90777,-30.316607],[-69.907503,-30.315477],[-69.907354,-30.314525],[-69.907195,-30.313339],[-69.906964,-30.312646],[-69.906948,-30.31252],[-69.906754,-30.31201],[-69.906739,-30.311461],[-69.906568,-30.310832],[-69.906347,-30.310368],[-69.906083,-30.310033],[-69.905483,-30.309633],[-69.904819,-30.309383],[-69.904098,-30.309169],[-69.903584,-30.309019],[-69.902956,-30.309019],[-69.902613,-30.309076],[-69.902185,-30.309133],[-69.901978,-30.309105],[-69.901707,-30.309048],[-69.901457,-30.308955],[-69.901321,-30.308891],[-69.901207,-30.308712],[-69.901176,-30.30856],[-69.90117,-30.308478],[-69.901148,-30.30815],[-69.901249,-30.307413],[-69.901306,-30.307248],[-69.901504,-30.306419],[-69.901483,-30.306041],[-69.901333,-30.305823],[-69.900707,-30.30535],[-69.900436,-30.305136],[-69.900265,-30.304958],[-69.900144,-30.304786],[-69.900036,-30.304529],[-69.900022,-30.304315],[-69.90012,-30.303992],[-69.900112,-30.303799],[-69.900096,-30.303513],[-69.899922,-30.303151],[-69.899722,-30.302887],[-69.899743,-30.302528],[-69.899743,-30.302525],[-69.899743,-30.302243],[-69.899743,-30.301959],[-69.89971,-30.301022],[-69.899643,-30.300018],[-69.899877,-30.299382],[-69.900212,-30.29888],[-69.900723,-30.298701],[-69.90098,-30.298544],[-69.901251,-30.298344],[-69.9014,-30.29801],[-69.901584,-30.297843],[-69.90195,-30.29763],[-69.902179,-30.297387],[-69.902487,-30.296839],[-69.902588,-30.296237],[-69.902372,-30.295757],[-69.902022,-30.295555],[-69.901708,-30.295441],[-69.901165,-30.295384],[-69.900927,-30.295222],[-69.900746,-30.295127],[-69.900489,-30.294784],[-69.900346,-30.294679],[-69.899719,-30.294499],[-69.898919,-30.294299],[-69.89851,-30.294146],[-69.897986,-30.293947],[-69.897669,-30.293694],[-69.89713,-30.293404],[-69.896863,-30.29308],[-69.896531,-30.292422],[-69.896197,-30.291452],[-69.895914,-30.29056],[-69.895798,-30.290215],[-69.895654,-30.289787],[-69.89554,-30.289388],[-69.895321,-30.288792],[-69.894791,-30.288373],[-69.894691,-30.287738],[-69.894737,-30.286888],[-69.894747,-30.286694],[-69.894758,-30.2865],[-69.894825,-30.285764],[-69.895193,-30.284592],[-69.895661,-30.283923],[-69.896197,-30.28312],[-69.896565,-30.282585],[-69.897345,-30.281671],[-69.897937,-30.281179],[-69.898087,-30.280962],[-69.898238,-30.280744],[-69.89797,-30.279874],[-69.897403,-30.279331],[-69.897285,-30.279218],[-69.897167,-30.279105],[-69.896736,-30.278758],[-69.896187,-30.278528],[-69.895778,-30.278242],[-69.89554,-30.278061],[-69.895327,-30.277499],[-69.895385,-30.276224],[-69.895389,-30.276125],[-69.895393,-30.276026],[-69.895528,-30.275568],[-69.895611,-30.275288],[-69.895732,-30.274773],[-69.895862,-30.274219],[-69.895795,-30.273651],[-69.895494,-30.272881],[-69.895438,-30.272814],[-69.894798,-30.272341],[-69.894322,-30.272189],[-69.893808,-30.272056],[-69.893361,-30.272036],[-69.89277,-30.272075],[-69.892028,-30.272189],[-69.891543,-30.272465],[-69.889868,-30.27413],[-69.88942,-30.274359]]]]}},{"type":"Feature","id":"70028","properties":{"id":70028,"in1":"70028","departamento":"CAPITAL","nombre":"Capital","fna":"Departamento Capital","cabecera":"San Juan","provincia":"SAN JUAN","fuente":"Instituto Geográfico Nacional (IGN)"},"geometry":{"type":"MultiPolygon","coordinates":[[[[-68.508818,-31.506463],[-68.509341,-31.511398],[-68.509466,-31.512399],[-68.509823,-31.515726],[-68.509864,-31.51632],[-68.50993,-31.51747],[-68.510034,-31.519584],[-68.510126,-31.520145],[-68.509218,-31.520293],[-68.509414,-31.521643],[-68.509187,-31.523245],[-68.508631,-31.525814],[-68.508149,-31.528277],[-68.50794,-31.530438],[-68.508038,-31.531599],[-68.508466,-31.533512],[-68.509134,-31.535381],[-68.508626,-31.535363],[-68.507977,-31.53534],[-68.507978,-31.53536],[-68.508182,-31.537993],[-68.508166,-31.539038],[-68.508121,-31.539708],[-68.50721,-31.542356],[-68.506837,-31.543855],[-68.506561,-31.54489],[-68.506691,-31.545918],[-68.506374,-31.546604],[-68.503809,-31.550186],[-68.503675,-31.550465],[-68.503581,-31.550647],[-68.503172,-31.551873],[-68.502811,-31.552812],[-68.502197,-31.554411],[-68.502184,-31.554445],[-68.503059,-31.554414],[-68.504236,-31.554372],[-68.504554,-31.55436],[-68.505017,-31.554247],[-68.505333,-31.55417],[-68.505572,-31.554111],[-68.506153,-31.553908],[-68.507129,-31.553434],[-68.508159,-31.553082],[-68.508842,-31.552935],[-68.509745,-31.553479],[-68.510338,-31.55378],[-68.51037,-31.553796],[-68.510253,-31.554365],[-68.509882,-31.555118],[-68.509568,-31.55586],[-68.510878,-31.556071],[-68.510461,-31.55698],[-68.512981,-31.557207],[-68.513007,-31.557223],[-68.51354,-31.557283],[-68.515634,-31.557515],[-68.51488,-31.558399],[-68.514912,-31.558419],[-68.515103,-31.558539],[-68.518606,-31.559162],[-68.5189,-31.559215],[-68.519622,-31.559272],[-68.519739,-31.559278],[-68.522054,-31.5594],[-68.521892,-31.561706],[-68.52189,-31.561743],[-68.524618,-31.560842],[-68.527285,-31.559539],[-68.528276,-31.559076],[-68.529038,-31.558688],[-68.529774,-31.55842],[-68.532413,-31.557703],[-68.533388,-31.557685],[-68.535976,-31.557],[-68.537537,-31.556528],[-68.538729,-31.556185],[-68.539698,-31.556027],[-68.539996,-31.555978],[-68.540289,-31.55593],[-68.547155,-31.554585],[-68.547252,-31.554566],[-68.548492,-31.549944],[-68.549635,-31.545862],[-68.549637,-31.545853],[-68.550034,-31.54594],[-68.550101,-31.545697],[-68.550448,-31.545771],[-68.550462,-31.545712],[-68.551124,-31.545859],[-68.551148,-31.545778],[-68.552772,-31.545864],[-68.553907,-31.545887],[-68.556726,-31.545968],[-68.55672,-31.546058],[-68.557989,-31.546116],[-68.55822,-31.546127],[-68.558256,-31.546129],[-68.558527,-31.547084],[-68.560193,-31.546788],[-68.560193,-31.546788],[-68.560193,-31.546788],[-68.560193,-31.546788],[-68.560193,-31.546788],[-68.564573,-31.546012],[-68.566172,-31.54587],[-68.566326,-31.542657],[-68.566771,-31.541364],[-68.567491,-31.538695],[-68.568373,-31.535824],[-68.568732,-31.534604],[-68.568588,-31.533235],[-68.568559,-31.532675],[-68.568572,-31.532188],[-68.568901,-31.528112],[-68.568857,-31.528111],[-68.566961,-31.528069],[-68.566962,-31.528061],[-68.567487,-31.523434],[-68.567687,-31.521883],[-68.568016,-31.520158],[-68.56783,-31.520202],[-68.564937,-31.520882],[-68.564743,-31.520899],[-68.564132,-31.520953],[-68.562986,-31.520947],[-68.560629,-31.520965],[-68.560297,-31.520967],[-68.556515,-31.521012],[-68.556525,-31.520972],[-68.558421,-31.513104],[-68.558687,-31.511912],[-68.558907,-31.510924],[-68.558915,-31.510888],[-68.553441,-31.510955],[-68.550512,-31.510994],[-68.547445,-31.511035],[-68.543365,-31.511073],[-68.541785,-31.511087],[-68.539477,-31.511093],[-68.539063,-31.511129],[-68.538331,-31.511191],[-68.538011,-31.511218],[-68.531026,-31.510154],[-68.519868,-31.508222],[-68.517563,-31.507795],[-68.516891,-31.507518],[-68.51316,-31.505758],[-68.513118,-31.50575],[-68.50864,-31.504918],[-68.508818,-31.506463]]]]}},{"type":"Feature","id":"70035","properties":{"id":70035,"in1":"70035","departamento":"CAUCETE","nombre":"Caucete","fna":"Departamento Caucete","cabecera":"Caucete","provincia":"SAN JUAN","fuente":"Instituto Geográfico Nacional (IGN)"},"geometry":{"type":"MultiPolygon","coordinates":[[[[-67.530393,-30.929763],[-67.529726,-30.930288],[-67.527017,-30.930194],[-67.526143,-30.929913],[-67.525473,-30.929915],[-67.524758,-30.930186],[-67.523775,-30.930806],[-67.522918,-30.931491],[-67.521643,-30.932766],[-67.520337,-30.933977],[-67.519061,-30.935325],[-67.517754,-30.936653],[-67.517215,-30.936999],[-67.516896,-30.937338],[-67.516633,-30.938074],[-67.516678,-30.938553],[-67.516491,-30.939173],[-67.516118,-30.939602],[-67.515427,-30.94027],[-67.514845,-30.940723],[-67.514143,-30.941455],[-67.512549,-30.94306],[-67.511983,-30.943811],[-67.511742,-30.944475],[-67.511554,-30.94514],[-67.511502,-30.945762],[-67.511453,-30.946239],[-67.510592,-30.947131],[-67.50982,-30.947682],[-67.509155,-30.948044],[-67.508438,-30.948405],[-67.507693,-30.948496],[-67.507141,-30.948363],[-67.506684,-30.948132],[-67.506072,-30.947765],[-67.505331,-30.947648],[-67.504556,-30.947693],[-67.503658,-30.948242],[-67.503231,-30.948787],[-67.50301,-30.949569],[-67.502875,-30.950181],[-67.50237,-30.951004],[-67.501388,-30.951552],[-67.500825,-30.952105],[-67.500902,-30.952548],[-67.500603,-30.952932],[-67.500262,-30.953343],[-67.499962,-30.953781],[-67.499622,-30.95412],[-67.499115,-30.954439],[-67.49844,-30.954755],[-67.498069,-30.955058],[-67.497455,-30.955511],[-67.497454,-30.956241],[-67.497604,-30.956676],[-67.498328,-30.957207],[-67.498771,-30.95769],[-67.499174,-30.957992],[-67.499482,-30.958384],[-67.499905,-30.958777],[-67.500533,-30.959406],[-67.501037,-30.959962],[-67.501387,-30.960372],[-67.501808,-30.960855],[-67.502999,-30.963006],[-67.503284,-30.9642],[-67.502928,-30.966216],[-67.502232,-30.967867],[-67.501727,-30.968736],[-67.501165,-30.969216],[-67.500659,-30.969418],[-67.500244,-30.970531],[-67.499547,-30.971587],[-67.499033,-30.972384],[-67.498552,-30.973001],[-67.497862,-30.973642],[-67.496971,-30.974353],[-67.496526,-30.974718],[-67.495904,-30.975008],[-67.495129,-30.97572],[-67.494595,-30.976381],[-67.494271,-30.977045],[-67.494183,-30.977937],[-67.494451,-30.978878],[-67.494864,-30.979929],[-67.495373,-30.980827],[-67.495819,-30.98177],[-67.496479,-30.982391],[-67.49697,-30.985094],[-67.497203,-30.985646],[-67.497762,-30.986014],[-67.498296,-30.98602],[-67.499009,-30.985929],[-67.4996,-30.985611],[-67.500554,-30.985523],[-67.501033,-30.985664],[-67.501513,-30.985796],[-67.502046,-30.985847],[-67.502577,-30.986033],[-67.50366,-30.986353],[-67.505119,-30.986766],[-67.505837,-30.98709],[-67.506611,-30.987135],[-67.50746,-30.987713],[-67.507699,-30.988519],[-67.507534,-30.989022],[-67.507166,-30.989793],[-67.506256,-30.990432],[-67.505612,-30.990776],[-67.505219,-30.991123],[-67.505322,-30.991918],[-67.505689,-30.992499],[-67.505798,-30.992952],[-67.505769,-30.993411],[-67.505499,-30.994003],[-67.504936,-30.994484],[-67.504509,-30.995038],[-67.504802,-30.995682],[-67.505459,-30.996528],[-67.505962,-30.997147],[-67.506411,-30.997928],[-67.506063,-30.998753],[-67.50569,-30.999209],[-67.505265,-30.999592],[-67.501114,-31.003241],[-67.500618,-31.003542],[-67.500218,-31.004322],[-67.500142,-31.005187],[-67.499983,-31.005924],[-67.499934,-31.006384],[-67.499916,-31.006862],[-67.499893,-31.007664],[-67.500003,-31.008675],[-67.500036,-31.009271],[-67.500164,-31.00975],[-67.500362,-31.01115],[-67.500424,-31.012567],[-67.500459,-31.013027],[-67.500516,-31.014056],[-67.500519,-31.014534],[-67.500305,-31.015496],[-67.50007,-31.016459],[-67.49944,-31.017245],[-67.49872,-31.017706],[-67.498318,-31.018007],[-67.498092,-31.019033],[-67.498473,-31.020156],[-67.499394,-31.022836],[-67.499715,-31.02439],[-67.499999,-31.026333],[-67.499843,-31.026953],[-67.499475,-31.027715],[-67.499081,-31.028766],[-67.498999,-31.029297],[-67.498633,-31.02996],[-67.49826,-31.030353],[-67.497593,-31.030192],[-67.49698,-31.029851],[-67.496305,-31.029464],[-67.495773,-31.029377],[-67.495057,-31.029585],[-67.494501,-31.029678],[-67.493961,-31.03005],[-67.493483,-31.030486],[-67.493192,-31.03097],[-67.493097,-31.031681],[-67.493152,-31.032187],[-67.493319,-31.034218],[-67.493353,-31.034705],[-67.493272,-31.035254],[-67.493143,-31.036101],[-67.493309,-31.036878],[-67.494086,-31.037401],[-67.494456,-31.037838],[-67.494435,-31.038551],[-67.492817,-31.040182],[-67.491437,-31.041329],[-67.490722,-31.041537],[-67.489925,-31.041609],[-67.488962,-31.041571],[-67.488404,-31.041736],[-67.487707,-31.042079],[-67.486945,-31.043252],[-67.486449,-31.044148],[-67.4861,-31.045036],[-67.485785,-31.045754],[-67.485517,-31.046139],[-67.484829,-31.046599],[-67.48424,-31.046719],[-67.483609,-31.046883],[-67.482644,-31.04698],[-67.482092,-31.04746],[-67.481719,-31.047834],[-67.481033,-31.048818],[-67.480237,-31.049512],[-67.479677,-31.049785],[-67.479223,-31.050014],[-67.478802,-31.050794],[-67.478027,-31.051461],[-67.477148,-31.051397],[-67.476406,-31.051289],[-67.475789,-31.051245],[-67.474751,-31.051269],[-67.473766,-31.051348],[-67.473147,-31.051395],[-67.472545,-31.051694],[-67.472281,-31.053116],[-67.472497,-31.054074],[-67.472552,-31.054535],[-67.472638,-31.055041],[-67.472746,-31.055475],[-67.472614,-31.055906],[-67.471603,-31.056922],[-67.470973,-31.056987],[-67.470272,-31.056925],[-67.469633,-31.056953],[-67.468439,-31.056912],[-67.467959,-31.057438],[-67.467264,-31.057719],[-67.465565,-31.057834],[-67.463403,-31.058051],[-67.458896,-31.05825],[-67.457376,-31.058277],[-67.454926,-31.058861],[-67.453833,-31.059073],[-67.453062,-31.05947],[-67.45251,-31.06059],[-67.452189,-31.061642],[-67.45158,-31.062356],[-67.451476,-31.06295],[-67.45178,-31.063594],[-67.453323,-31.064045],[-67.453972,-31.064756],[-67.45435,-31.065329],[-67.454529,-31.065899],[-67.454862,-31.066697],[-67.455602,-31.066949],[-67.456112,-31.067154],[-67.458067,-31.068034],[-67.459807,-31.068668],[-67.461089,-31.069053],[-67.461995,-31.069415],[-67.463197,-31.070214],[-67.464589,-31.072251],[-67.465719,-31.073689],[-67.468108,-31.07691],[-67.469326,-31.078692],[-67.469885,-31.079808],[-67.469972,-31.080269],[-67.469897,-31.080998],[-67.469189,-31.083344],[-67.468718,-31.084646],[-67.468532,-31.085085],[-67.467888,-31.085411],[-67.467226,-31.08553],[-67.46648,-31.085647],[-67.465897,-31.086037],[-67.465491,-31.086564],[-67.465554,-31.087223],[-67.465661,-31.087711],[-67.465748,-31.08819],[-67.465749,-31.088759],[-67.465564,-31.089198],[-67.465113,-31.089887],[-67.464423,-31.090393],[-67.463682,-31.090853],[-67.462986,-31.091179],[-67.462448,-31.091389],[-67.462113,-31.09198],[-67.461469,-31.092946],[-67.460519,-31.094053],[-67.459775,-31.094648],[-67.458922,-31.094927],[-67.457832,-31.094959],[-67.457026,-31.094868],[-67.456098,-31.095262],[-67.455275,-31.095559],[-67.45477,-31.095697],[-67.454097,-31.095843],[-67.453252,-31.096256],[-67.452533,-31.096645],[-67.451839,-31.096835],[-67.45117,-31.096718],[-67.450365,-31.096582],[-67.449404,-31.096409],[-67.448664,-31.096138],[-67.447806,-31.096065],[-67.447009,-31.096118],[-67.44626,-31.096398],[-67.445784,-31.096672],[-67.445274,-31.097107],[-67.444984,-31.097519],[-67.444851,-31.097986],[-67.444693,-31.098696],[-67.444642,-31.099246],[-67.444601,-31.099814],[-67.444657,-31.100247],[-67.445002,-31.100937],[-67.44519,-31.101597],[-67.445383,-31.102014],[-67.445575,-31.10245],[-67.44563,-31.102901],[-67.445652,-31.103479],[-67.445126,-31.104924],[-67.444011,-31.106417],[-67.443427,-31.106924],[-67.442316,-31.106928],[-67.4418,-31.107066],[-67.441515,-31.107802],[-67.441517,-31.108352],[-67.441248,-31.108782],[-67.440931,-31.109545],[-67.441124,-31.109953],[-67.441504,-31.110408],[-67.442009,-31.110955],[-67.442463,-31.111367],[-67.442686,-31.111847],[-67.442897,-31.112373],[-67.44317,-31.113035],[-67.443465,-31.113561],[-67.443624,-31.114086],[-67.443814,-31.114684],[-67.443128,-31.115559],[-67.442089,-31.116322],[-67.441829,-31.116797],[-67.441673,-31.117417],[-67.441806,-31.118221],[-67.441811,-31.119204],[-67.441598,-31.12005],[-67.441127,-31.121315],[-67.440418,-31.122371],[-67.440252,-31.122856],[-67.440339,-31.123308],[-67.440574,-31.123698],[-67.440978,-31.124019],[-67.44146,-31.124638],[-67.441817,-31.125228],[-67.442142,-31.125891],[-67.442164,-31.126486],[-67.441927,-31.12688],[-67.441613,-31.127453],[-67.439487,-31.128609],[-67.437641,-31.129299],[-67.435937,-31.130315],[-67.434827,-31.13151],[-67.433871,-31.133555],[-67.433454,-31.135344],[-67.433655,-31.13715],[-67.433957,-31.138543],[-67.433645,-31.140306],[-67.433485,-31.141116],[-67.433598,-31.141848],[-67.433996,-31.142556],[-67.434565,-31.144249],[-67.435076,-31.145112],[-67.435745,-31.145824],[-67.436508,-31.147285],[-67.436587,-31.148179],[-67.436646,-31.149072],[-67.436486,-31.149873],[-67.436471,-31.150792],[-67.436583,-31.151659],[-67.43701,-31.152485],[-67.436991,-31.15299],[-67.436721,-31.153429],[-67.436327,-31.153839],[-67.435795,-31.154301],[-67.434778,-31.154902],[-67.434273,-31.155653],[-67.433747,-31.156413],[-67.433508,-31.156916],[-67.433299,-31.15749],[-67.432899,-31.158225],[-67.432582,-31.159005],[-67.432106,-31.159901],[-67.431789,-31.1607],[-67.431152,-31.161811],[-67.431003,-31.162566],[-67.431006,-31.163044],[-67.430711,-31.163708],[-67.430419,-31.164282],[-67.429754,-31.165157],[-67.42939,-31.16564],[-67.429234,-31.166188],[-67.429104,-31.167061],[-67.429737,-31.167447],[-67.430467,-31.1677],[-67.432686,-31.169269],[-67.433172,-31.169681],[-67.433572,-31.170254],[-67.433655,-31.17094],[-67.433686,-31.171554],[-67.433394,-31.172109],[-67.432868,-31.17286],[-67.432413,-31.173738],[-67.430853,-31.17546],[-67.430243,-31.176237],[-67.429783,-31.17679],[-67.429681,-31.177231],[-67.430088,-31.178003],[-67.430542,-31.178414],[-67.430808,-31.17885],[-67.430606,-31.17965],[-67.430287,-31.180566],[-67.430129,-31.181231],[-67.429993,-31.181807],[-67.429951,-31.182447],[-67.429974,-31.182952],[-67.430144,-31.183504],[-67.431452,-31.184918],[-67.432765,-31.186124],[-67.433758,-31.18757],[-67.435056,-31.189669],[-67.435811,-31.19095],[-67.436586,-31.192303],[-67.437938,-31.19433],[-67.438296,-31.194848],[-67.438799,-31.195396],[-67.438953,-31.196374],[-67.438967,-31.197454],[-67.438726,-31.198037],[-67.438463,-31.198728],[-67.437983,-31.19985],[-67.437775,-31.200406],[-67.437301,-31.201158],[-67.437005,-31.201894],[-67.436955,-31.202425],[-67.43715,-31.203293],[-67.437468,-31.203748],[-67.437796,-31.204248],[-67.438225,-31.204939],[-67.438549,-31.205628],[-67.438823,-31.206217],[-67.439067,-31.206698],[-67.439278,-31.207251],[-67.439438,-31.207731],[-67.439493,-31.208236],[-67.439396,-31.208993],[-67.439294,-31.209442],[-67.439029,-31.210296],[-67.438705,-31.210842],[-67.436453,-31.214449],[-67.436271,-31.215303],[-67.436167,-31.21587],[-67.436286,-31.2169],[-67.43623,-31.217774],[-67.435945,-31.21851],[-67.435817,-31.219284],[-67.435359,-31.220342],[-67.435067,-31.220844],[-67.43452,-31.221603],[-67.434058,-31.222202],[-67.433051,-31.222866],[-67.431667,-31.224021],[-67.430552,-31.224846],[-67.430103,-31.225328],[-67.429918,-31.225768],[-67.429646,-31.226341],[-67.429307,-31.227167],[-67.428777,-31.228134],[-67.428455,-31.228563],[-67.427984,-31.229117],[-67.42764,-31.229626],[-67.427396,-31.230408],[-67.4281,-31.232896],[-67.42851,-31.234732],[-67.428732,-31.235898],[-67.428867,-31.236603],[-67.428958,-31.237434],[-67.428776,-31.238324],[-67.428534,-31.238971],[-67.427979,-31.240163],[-67.426809,-31.241105],[-67.425898,-31.24159],[-67.425342,-31.24161],[-67.424724,-31.241548],[-67.423221,-31.240998],[-67.422607,-31.240702],[-67.421971,-31.240432],[-67.421381,-31.240614],[-67.420989,-31.241448],[-67.420297,-31.242684],[-67.418778,-31.244361],[-67.417775,-31.245394],[-67.416921,-31.246205],[-67.416438,-31.246893],[-67.416261,-31.247396],[-67.416232,-31.248514],[-67.416431,-31.250437],[-67.416622,-31.252207],[-67.417087,-31.253231],[-67.417143,-31.254305],[-67.417068,-31.255017],[-67.417048,-31.255612],[-67.417205,-31.256236],[-67.417716,-31.257694],[-67.418132,-31.259232],[-67.418321,-31.259847],[-67.418511,-31.2604],[-67.418594,-31.261104],[-67.418111,-31.261703],[-67.417581,-31.26203],[-67.417154,-31.262466],[-67.416734,-31.263083],[-67.416496,-31.263522],[-67.416256,-31.264069],[-67.41594,-31.26476],[-67.415648,-31.265243],[-67.414947,-31.265767],[-67.414365,-31.266021],[-67.413826,-31.266213],[-67.413244,-31.266512],[-67.412906,-31.267265],[-67.412769,-31.267886],[-67.412887,-31.269033],[-67.413451,-31.269806],[-67.413555,-31.27052],[-67.413503,-31.271114],[-67.413138,-31.271615],[-67.412439,-31.27194],[-67.411668,-31.272237],[-67.410194,-31.271858],[-67.409548,-31.271534],[-67.408828,-31.271309],[-67.4083,-31.271474],[-67.407741,-31.271638],[-67.406967,-31.27207],[-67.405867,-31.272562],[-67.404808,-31.273108],[-67.403786,-31.273916],[-67.402967,-31.274564],[-67.402728,-31.275066],[-67.402489,-31.275505],[-67.402708,-31.276238],[-67.402971,-31.276809],[-67.403111,-31.277262],[-67.403269,-31.277832],[-67.40408,-31.278311],[-67.405692,-31.279846],[-67.406785,-31.28105],[-67.408405,-31.282693],[-67.409097,-31.283432],[-67.4091,-31.284043],[-67.408682,-31.285014],[-67.408463,-31.285534],[-67.408257,-31.286524],[-67.40829,-31.287074],[-67.408777,-31.288081],[-67.408833,-31.288515],[-67.408993,-31.288994],[-67.408939,-31.289706],[-67.408379,-31.290511],[-67.40764,-31.290763],[-67.406626,-31.291111],[-67.405933,-31.291752],[-67.405613,-31.29265],[-67.405323,-31.294251],[-67.404792,-31.295237],[-67.404371,-31.295908],[-67.403786,-31.296387],[-67.403621,-31.296827],[-67.403338,-31.297401],[-67.402911,-31.298433],[-67.402303,-31.300219],[-67.401691,-31.301637],[-67.401485,-31.302058],[-67.401251,-31.302812],[-67.40048,-31.303705],[-67.39981,-31.304851],[-67.399633,-31.305976],[-67.399444,-31.306595],[-67.399073,-31.307402],[-67.398463,-31.308702],[-67.397749,-31.30992],[-67.396661,-31.311529],[-67.394991,-31.314033],[-67.393997,-31.315022],[-67.393336,-31.315618],[-67.392644,-31.31615],[-67.392241,-31.316975],[-67.392379,-31.317527],[-67.39252,-31.318484],[-67.392772,-31.320381],[-67.393069,-31.322053],[-67.393072,-31.323108],[-67.393054,-31.323541],[-67.392805,-31.323979],[-67.392225,-31.324739],[-67.392015,-31.325331],[-67.39228,-31.325812],[-67.391781,-31.326753],[-67.39151,-31.327237],[-67.39146,-31.327696],[-67.391358,-31.328181],[-67.391308,-31.328632],[-67.391119,-31.329252],[-67.390829,-31.329645],[-67.390911,-31.330358],[-67.391017,-31.3309],[-67.390891,-31.331548],[-67.390762,-31.332322],[-67.390627,-31.332825],[-67.390858,-31.33345],[-67.390558,-31.334403],[-67.390078,-31.335461],[-67.38992,-31.339192],[-67.389842,-31.341923],[-67.389928,-31.34306],[-67.389961,-31.343548],[-67.389933,-31.344007],[-67.389789,-31.345061],[-67.38963,-31.345744],[-67.389475,-31.346824],[-67.389351,-31.347282],[-67.38904,-31.348893],[-67.388943,-31.349694],[-67.38876,-31.350566],[-67.388187,-31.352128],[-67.386869,-31.354835],[-67.386188,-31.356558],[-67.385402,-31.358306],[-67.384639,-31.359911],[-67.384118,-31.360851],[-67.383397,-31.361825],[-67.382238,-31.363271],[-67.38205,-31.363801],[-67.381984,-31.364557],[-67.381878,-31.365836],[-67.381627,-31.367006],[-67.381181,-31.367902],[-67.380048,-31.369628],[-67.379279,-31.370917],[-67.378069,-31.372876],[-67.37748,-31.373473],[-67.374977,-31.374217],[-67.373914,-31.37487],[-67.372616,-31.376432],[-67.372491,-31.376962],[-67.372664,-31.379138],[-67.372752,-31.38014],[-67.371909,-31.382077],[-67.37077,-31.382901],[-67.36849,-31.38528],[-67.366689,-31.387331],[-67.36627,-31.388426],[-67.364052,-31.391463],[-67.36178,-31.394554],[-67.359689,-31.397566],[-67.358928,-31.399603],[-67.35806,-31.40117],[-67.356334,-31.403033],[-67.355758,-31.404135],[-67.355314,-31.406068],[-67.354871,-31.40737],[-67.354164,-31.409299],[-67.353268,-31.410063],[-67.343419,-31.412317],[-67.342843,-31.41276],[-67.341516,-31.414691],[-67.340426,-31.415064],[-67.336286,-31.41612],[-67.332346,-31.417124],[-67.330102,-31.417987],[-67.328903,-31.418567],[-67.327159,-31.420293],[-67.326331,-31.421301],[-67.32523,-31.423505],[-67.324643,-31.424616],[-67.322382,-31.425767],[-67.320949,-31.426515],[-67.319373,-31.427321],[-67.318731,-31.427649],[-67.317753,-31.428398],[-67.312105,-31.432413],[-67.311349,-31.432935],[-67.307594,-31.435284],[-67.304158,-31.437502],[-67.29897,-31.44058],[-67.297426,-31.44102],[-67.290332,-31.444199],[-67.287572,-31.445412],[-67.285275,-31.446421],[-67.283112,-31.447357],[-67.282529,-31.447602],[-67.280632,-31.448397],[-67.279214,-31.448518],[-67.278244,-31.448319],[-67.277158,-31.44815],[-67.17609,-31.438033],[-67.149725,-31.438014],[-67.122942,-31.438016],[-67.07931,-31.434157],[-67.078253,-31.433999],[-67.078271,-31.43397],[-67.078253,-31.433999],[-67.078252,-31.433999],[-66.952365,-31.632669],[-66.951966,-31.633298],[-66.87519,-31.633298],[-66.874958,-31.633298],[-66.868184,-31.633298],[-66.85078,-31.69878],[-66.850708,-31.698975],[-66.845209,-31.714582],[-66.839332,-31.728326],[-66.839159,-31.728729],[-66.837729,-31.732074],[-66.833446,-31.742088],[-66.833364,-31.742281],[-66.82756,-31.755851],[-66.826904,-31.757385],[-66.825261,-31.761347],[-66.812927,-31.791077],[-66.809038,-31.799076],[-66.804321,-31.808777],[-66.802528,-31.811669],[-66.802429,-31.811829],[-66.800292,-31.814663],[-66.7994,-31.815846],[-66.794006,-31.822998],[-66.791992,-31.825378],[-66.782007,-31.835407],[-66.777513,-31.83992],[-66.768352,-31.847891],[-66.766863,-31.849098],[-66.745153,-31.866689],[-66.73504,-31.87466],[-66.730408,-31.87809],[-66.729581,-31.878701],[-66.722667,-31.883821],[-66.719911,-31.885543],[-66.712197,-31.890364],[-66.701599,-31.89679],[-66.698303,-31.898804],[-66.671814,-31.914307],[-66.661788,-31.920536],[-66.74829,-31.911711],[-66.885696,-31.897693],[-67.005766,-31.855413],[-67.00593,-31.855355],[-67.005976,-31.855359],[-67.016685,-31.856291],[-67.025727,-31.856291],[-67.033103,-31.856766],[-67.038576,-31.857242],[-67.043335,-31.85748],[-67.049997,-31.85748],[-67.05547,-31.856053],[-67.060705,-31.854387],[-67.065464,-31.853435],[-67.070223,-31.851294],[-67.074744,-31.849628],[-67.077993,-31.849025],[-67.136729,-31.833805],[-67.238707,-31.879536],[-67.239883,-31.880064],[-67.321777,-31.866604],[-67.84103,-31.781262],[-67.99555,-31.755058],[-68.125498,-31.733096],[-68.179335,-31.723661],[-68.199562,-31.720013],[-68.229189,-31.714858],[-68.233978,-31.714034],[-68.245091,-31.712122],[-68.247908,-31.711638],[-68.251939,-31.710928],[-68.266256,-31.708403],[-68.282267,-31.705581],[-68.287747,-31.704615],[-68.300594,-31.702382],[-68.303438,-31.701899],[-68.327632,-31.697787],[-68.336589,-31.69635],[-68.337707,-31.696171],[-68.346753,-31.694725],[-68.346888,-31.694703],[-68.347426,-31.693849],[-68.347745,-31.693211],[-68.347909,-31.692269],[-68.347875,-31.691529],[-68.347505,-31.690973],[-68.346467,-31.690463],[-68.345722,-31.689904],[-68.345019,-31.689278],[-68.344334,-31.688527],[-68.344279,-31.688467],[-68.34409,-31.688194],[-68.343752,-31.687707],[-68.343266,-31.686983],[-68.343113,-31.686274],[-68.342883,-31.685601],[-68.342558,-31.684481],[-68.342536,-31.684405],[-68.34256,-31.684334],[-68.342737,-31.683819],[-68.34276,-31.683283],[-68.342724,-31.68276],[-68.342218,-31.681981],[-68.342106,-31.681395],[-68.342327,-31.680656],[-68.342763,-31.680253],[-68.343255,-31.679971],[-68.343927,-31.679605],[-68.34414,-31.679447],[-68.344876,-31.678902],[-68.345622,-31.678955],[-68.34596,-31.678506],[-68.345845,-31.677933],[-68.345677,-31.677659],[-68.345438,-31.677272],[-68.34497,-31.676851],[-68.344007,-31.676562],[-68.343419,-31.676455],[-68.342928,-31.676267],[-68.342458,-31.675981],[-68.341499,-31.675507],[-68.340403,-31.674708],[-68.339288,-31.673895],[-68.338779,-31.673473],[-68.338038,-31.672445],[-68.33765,-31.671767],[-68.337344,-31.671131],[-68.337302,-31.671044],[-68.336972,-31.670334],[-68.337114,-31.669649],[-68.33712,-31.669636],[-68.337656,-31.668354],[-68.338387,-31.667821],[-68.340393,-31.667917],[-68.340396,-31.667412],[-68.339255,-31.66737],[-68.339202,-31.666648],[-68.340657,-31.666692],[-68.340948,-31.664321],[-68.343131,-31.664247],[-68.342973,-31.661671],[-68.342362,-31.661501],[-68.341441,-31.66133],[-68.340852,-31.661106],[-68.340501,-31.660788],[-68.34019,-31.660363],[-68.336654,-31.660552],[-68.336658,-31.660029],[-68.336836,-31.659065],[-68.337036,-31.658354],[-68.337239,-31.658089],[-68.337483,-31.65777],[-68.337949,-31.657502],[-68.338245,-31.657332],[-68.340044,-31.656105],[-68.340075,-31.656077],[-68.345358,-31.65131],[-68.345569,-31.65112],[-68.345379,-31.650095],[-68.34517,-31.64871],[-68.344665,-31.647066],[-68.344569,-31.646754],[-68.344412,-31.646203],[-68.343947,-31.644573],[-68.344031,-31.643126],[-68.344081,-31.642814],[-68.344262,-31.64168],[-68.344551,-31.638786],[-68.34396,-31.635974],[-68.343947,-31.635768],[-68.343849,-31.634129],[-68.343988,-31.63269],[-68.344062,-31.63193],[-68.344413,-31.630735],[-68.344715,-31.62971],[-68.345108,-31.629356],[-68.34526,-31.62873],[-68.344944,-31.628286],[-68.344728,-31.627825],[-68.344783,-31.626734],[-68.344274,-31.626037],[-68.344255,-31.62541],[-68.344357,-31.624825],[-68.344262,-31.624382],[-68.343997,-31.623583],[-68.344124,-31.623042],[-68.344769,-31.621954],[-68.345116,-31.621388],[-68.345706,-31.621057],[-68.346222,-31.620681],[-68.346495,-31.620137],[-68.347041,-31.619283],[-68.347932,-31.618007],[-68.348084,-31.617465],[-68.348216,-31.616994],[-68.348384,-31.616395],[-68.349327,-31.614849],[-68.350172,-31.613027],[-68.350446,-31.612361],[-68.350525,-31.611604],[-68.351323,-31.609303],[-68.351846,-31.608404],[-68.352095,-31.60786],[-68.35284,-31.606376],[-68.353038,-31.605917],[-68.353117,-31.605159],[-68.353275,-31.60365],[-68.353816,-31.60317],[-68.354065,-31.602481],[-68.354218,-31.60181],[-68.355136,-31.600034],[-68.355582,-31.599553],[-68.355951,-31.599136],[-68.355979,-31.598487],[-68.356256,-31.597672],[-68.356553,-31.597002],[-68.356975,-31.596165],[-68.357397,-31.595369],[-68.357749,-31.594343],[-68.357437,-31.593317],[-68.357168,-31.592937],[-68.357224,-31.592582],[-68.357273,-31.592266],[-68.357362,-31.59216],[-68.358062,-31.591327],[-68.358433,-31.591014],[-68.359072,-31.590787],[-68.360026,-31.590643],[-68.360133,-31.590594],[-68.360269,-31.590533],[-68.360615,-31.590375],[-68.361135,-31.589895],[-68.361555,-31.589352],[-68.362095,-31.588958],[-68.362929,-31.588606],[-68.363742,-31.588064],[-68.363765,-31.588027],[-68.363833,-31.587916],[-68.364115,-31.587457],[-68.363973,-31.586555],[-68.363956,-31.586548],[-68.363733,-31.586456],[-68.363508,-31.586363],[-68.362752,-31.586207],[-68.362677,-31.586192],[-68.362263,-31.585856],[-68.361629,-31.585434],[-68.361117,-31.585201],[-68.361112,-31.585198],[-68.360956,-31.585119],[-68.360532,-31.584901],[-68.3601,-31.584567],[-68.360096,-31.584564],[-68.360044,-31.584524],[-68.359534,-31.583994],[-68.359011,-31.583203],[-68.35895,-31.583111],[-68.358493,-31.582189],[-68.358202,-31.581597],[-68.358109,-31.580947],[-68.358047,-31.580842],[-68.357846,-31.580504],[-68.357464,-31.580127],[-68.357428,-31.580092],[-68.357389,-31.579954],[-68.357253,-31.579473],[-68.357431,-31.579089],[-68.357801,-31.57829],[-68.357684,-31.577676],[-68.358236,-31.576285],[-68.360271,-31.574478],[-68.363805,-31.57196],[-68.364075,-31.571768],[-68.364846,-31.571218],[-68.36437,-31.57123],[-68.359713,-31.571343],[-68.357761,-31.57139],[-68.348413,-31.572051],[-68.348251,-31.572083],[-68.346657,-31.572395],[-68.343477,-31.573018],[-68.34133,-31.573381],[-68.330346,-31.575267],[-68.313712,-31.578124],[-68.300029,-31.580421],[-68.2809,-31.583452],[-68.003718,-31.627366],[-67.984933,-31.630342],[-67.983931,-31.630501],[-67.98538,-31.628525],[-68.003788,-31.603438],[-68.030531,-31.56699],[-68.0312,-31.556583],[-68.034705,-31.553273],[-68.029812,-31.548089],[-68.032551,-31.536713],[-68.040681,-31.530062],[-68.040468,-31.52487],[-68.042087,-31.520959],[-68.040127,-31.517513],[-68.031419,-31.514931],[-68.029379,-31.508603],[-68.033626,-31.505028],[-68.033682,-31.499617],[-68.026501,-31.481526],[-68.02342,-31.474057],[-68.022396,-31.471575],[-68.019307,-31.461987],[-68.018319,-31.458918],[-68.022204,-31.455394],[-68.025222,-31.452658],[-68.025199,-31.452607],[-68.022362,-31.450783],[-68.021585,-31.44684],[-68.018007,-31.444148],[-68.014109,-31.442501],[-68.013603,-31.442288],[-68.010198,-31.439028],[-68.006778,-31.437176],[-68.005007,-31.434073],[-68.004361,-31.433225],[-68.004288,-31.433203],[-68.001965,-31.432512],[-67.997284,-31.432593],[-67.994975,-31.433098],[-67.993836,-31.433458],[-67.99232,-31.433573],[-67.991085,-31.432977],[-67.989412,-31.432017],[-67.987454,-31.430261],[-67.98652,-31.429126],[-67.985411,-31.42753],[-67.983984,-31.426247],[-67.982498,-31.424621],[-67.98061,-31.423208],[-67.979119,-31.422042],[-67.977913,-31.420743],[-67.976686,-31.418469],[-67.975676,-31.417514],[-67.974784,-31.417381],[-67.973857,-31.417482],[-67.971899,-31.41862],[-67.970913,-31.419361],[-67.96936,-31.420034],[-67.967895,-31.421312],[-67.966614,-31.422068],[-67.965376,-31.422725],[-67.964377,-31.4237],[-67.963414,-31.424261],[-67.962802,-31.424436],[-67.961182,-31.423566],[-67.960454,-31.422749],[-67.960223,-31.421809],[-67.959157,-31.421205],[-67.958364,-31.421595],[-67.957704,-31.422284],[-67.95704,-31.422414],[-67.956037,-31.422812],[-67.95431,-31.422987],[-67.953251,-31.422717],[-67.952633,-31.421504],[-67.952245,-31.420526],[-67.951892,-31.419135],[-67.951457,-31.418554],[-67.949405,-31.416761],[-67.947668,-31.415051],[-67.946503,-31.412976],[-67.944886,-31.410862],[-67.944211,-31.410125],[-67.942153,-31.408954],[-67.939875,-31.407646],[-67.938534,-31.406273],[-67.938537,-31.405119],[-67.938428,-31.404486],[-67.93835,-31.403936],[-67.938294,-31.403268],[-67.938305,-31.40233],[-67.946541,-31.403904],[-67.949794,-31.403597],[-67.95424,-31.403687],[-67.956883,-31.403348],[-67.960147,-31.403916],[-67.962797,-31.403856],[-67.964824,-31.403142],[-67.966143,-31.402693],[-67.967129,-31.401952],[-67.96742,-31.401341],[-67.967382,-31.400908],[-67.967167,-31.400365],[-67.965661,-31.399695],[-67.964186,-31.399016],[-67.963042,-31.397852],[-67.962621,-31.396902],[-67.962685,-31.396453],[-67.962769,-31.395866],[-67.96281,-31.395018],[-67.963549,-31.394763],[-67.964099,-31.394424],[-67.964715,-31.393879],[-67.964652,-31.392959],[-67.963392,-31.391803],[-67.962487,-31.389974],[-67.96201,-31.38841],[-67.961461,-31.386701],[-67.961771,-31.385802],[-67.962338,-31.385392],[-67.963349,-31.384826],[-67.963512,-31.384734],[-67.96466,-31.384581],[-67.966414,-31.383729],[-67.96661,-31.383145],[-67.966484,-31.382143],[-67.966139,-31.381031],[-67.965996,-31.379632],[-67.966551,-31.378924],[-67.967031,-31.378224],[-67.967648,-31.37758],[-67.968537,-31.377001],[-67.96964,-31.376099],[-67.969902,-31.375217],[-67.967591,-31.373196],[-67.965674,-31.371585],[-67.96285,-31.369424],[-67.962175,-31.36867],[-67.961604,-31.367971],[-67.961414,-31.367104],[-67.961359,-31.366418],[-67.960283,-31.365832],[-67.959384,-31.365338],[-67.958936,-31.365028],[-67.958467,-31.364672],[-67.957532,-31.364611],[-67.956659,-31.363747],[-67.955575,-31.362863],[-67.953695,-31.360855],[-67.952801,-31.359964],[-67.952262,-31.359274],[-67.951557,-31.358402],[-67.950177,-31.356858],[-67.949814,-31.356386],[-67.948253,-31.355038],[-67.947579,-31.354212],[-67.947022,-31.353261],[-67.946393,-31.352164],[-67.946043,-31.351548],[-67.945628,-31.351103],[-67.944105,-31.350098],[-67.942253,-31.34938],[-67.938212,-31.347966],[-67.93772,-31.347845],[-67.937155,-31.347633],[-67.935609,-31.346736],[-67.935191,-31.345624],[-67.935157,-31.34492],[-67.935194,-31.34446],[-67.935221,-31.34391],[-67.935299,-31.342549],[-67.935117,-31.34198],[-67.934586,-31.341515],[-67.933845,-31.341031],[-67.932679,-31.340084],[-67.932004,-31.339374],[-67.931822,-31.338805],[-67.931518,-31.336836],[-67.931743,-31.336441],[-67.93149,-31.335601],[-67.931102,-31.334623],[-67.930713,-31.333745],[-67.93026,-31.332912],[-67.930872,-31.332655],[-67.930934,-31.331808],[-67.93117,-31.331368],[-67.931513,-31.330767],[-67.93196,-31.330311],[-67.932263,-31.329483],[-67.93231,-31.329024],[-67.932275,-31.328446],[-67.932407,-31.327924],[-67.932634,-31.327322],[-67.933239,-31.326813],[-67.933738,-31.326348],[-67.933975,-31.325773],[-67.934098,-31.325107],[-67.934409,-31.324577],[-67.93465,-31.32374],[-67.93465,-31.322766],[-67.934399,-31.321781],[-67.934172,-31.321374],[-67.933602,-31.320693],[-67.932679,-31.319621],[-67.9323,-31.318761],[-67.932093,-31.317596],[-67.931346,-31.315795],[-67.931312,-31.315055],[-67.93127,-31.314144],[-67.931173,-31.313413],[-67.931274,-31.312881],[-67.930112,-31.311591],[-67.928828,-31.309957],[-67.927685,-31.307909],[-67.927701,-31.307467],[-67.927853,-31.306991],[-67.928195,-31.306507],[-67.928504,-31.306085],[-67.92884,-31.305213],[-67.9287,-31.304554],[-67.928369,-31.304118],[-67.92764,-31.303553],[-67.92732,-31.303099],[-67.926984,-31.302095],[-67.926778,-31.30084],[-67.926704,-31.299072],[-67.926604,-31.2977],[-67.926624,-31.29587],[-67.926819,-31.294446],[-67.92713,-31.29389],[-67.927554,-31.293524],[-67.927998,-31.293266],[-67.928605,-31.292567],[-67.92918,-31.291878],[-67.929434,-31.290708],[-67.929208,-31.290273],[-67.928775,-31.289593],[-67.928175,-31.288794],[-67.927406,-31.287128],[-67.927101,-31.286215],[-67.926503,-31.28529],[-67.925879,-31.284762],[-67.924481,-31.283884],[-67.923917,-31.283618],[-67.922787,-31.283266],[-67.921967,-31.28334],[-67.921241,-31.283487],[-67.92005,-31.283865],[-67.919063,-31.283875],[-67.918055,-31.283893],[-67.916765,-31.28372],[-67.91583,-31.283776],[-67.914505,-31.283927],[-67.913511,-31.283594],[-67.913296,-31.283159],[-67.912949,-31.281334],[-67.912406,-31.279255],[-67.911713,-31.27741],[-67.911249,-31.27663],[-67.910138,-31.275548],[-67.909464,-31.274838],[-67.908788,-31.274274],[-67.908142,-31.273853],[-67.907021,-31.273636],[-67.905681,-31.273282],[-67.904961,-31.272924],[-67.904025,-31.271167],[-67.903569,-31.270667],[-67.903875,-31.269677],[-67.904773,-31.269189],[-67.905475,-31.268356],[-67.905955,-31.267738],[-67.906078,-31.267045],[-67.906192,-31.266288],[-67.90618,-31.265485],[-67.906006,-31.264203],[-67.905455,-31.262837],[-67.905336,-31.262196],[-67.90543,-31.261322],[-67.90554,-31.259997],[-67.905378,-31.25949],[-67.904946,-31.258738],[-67.90448,-31.258193],[-67.904476,-31.257652],[-67.904728,-31.256725],[-67.904902,-31.256149],[-67.905132,-31.255349],[-67.905437,-31.254359],[-67.906325,-31.252978],[-67.90679,-31.251782],[-67.90686,-31.251161],[-67.90711,-31.250423],[-67.907715,-31.249842],[-67.908426,-31.249154],[-67.908441,-31.247873],[-67.908141,-31.24751],[-67.907866,-31.24675],[-67.907822,-31.246046],[-67.908103,-31.245282],[-67.908467,-31.244681],[-67.909124,-31.244128],[-67.909432,-31.242886],[-67.909,-31.242179],[-67.906409,-31.23836],[-67.906045,-31.23713],[-67.90634,-31.235266],[-67.906389,-31.233688],[-67.906415,-31.23147],[-67.90608,-31.230484],[-67.906074,-31.230051],[-67.906362,-31.229656],[-67.907458,-31.228385],[-67.90846,-31.227068],[-67.908762,-31.226358],[-67.908571,-31.225644],[-67.908379,-31.224984],[-67.907653,-31.223318],[-67.90699,-31.221653],[-67.906433,-31.219872],[-67.906474,-31.219052],[-67.90668,-31.218476],[-67.90699,-31.217965],[-67.907773,-31.216537],[-67.907654,-31.215923],[-67.907223,-31.215099],[-67.906429,-31.213829],[-67.905943,-31.213194],[-67.905599,-31.212073],[-67.905405,-31.209808],[-67.905389,-31.208455],[-67.90533,-31.206326],[-67.905555,-31.204975],[-67.905791,-31.204535],[-67.906554,-31.203928],[-67.907397,-31.20362],[-67.908055,-31.202949],[-67.908147,-31.202192],[-67.908051,-31.200568],[-67.907799,-31.19961],[-67.907541,-31.198354],[-67.908238,-31.197043],[-67.908678,-31.196145],[-67.909358,-31.195447],[-67.910296,-31.194157],[-67.911007,-31.193486],[-67.911163,-31.192676],[-67.9105,-31.191011],[-67.910109,-31.190331],[-67.909121,-31.18961],[-67.908364,-31.188837],[-67.907764,-31.188111],[-67.906638,-31.187461],[-67.904488,-31.186478],[-67.903038,-31.18578],[-67.9005,-31.18482],[-67.897984,-31.18286],[-67.897446,-31.182242],[-67.897038,-31.181237],[-67.897204,-31.180481],[-67.897648,-31.179331],[-67.897871,-31.178142],[-67.89766,-31.17649],[-67.898098,-31.175799],[-67.898732,-31.175381],[-67.898967,-31.174968],[-67.899168,-31.173905],[-67.899438,-31.172393],[-67.900035,-31.171514],[-67.900565,-31.171031],[-67.901441,-31.170588],[-67.903814,-31.169418],[-67.905081,-31.168734],[-67.906484,-31.16797],[-67.907323,-31.167067],[-67.908645,-31.166158],[-67.909694,-31.165247],[-67.910086,-31.164881],[-67.910212,-31.163917],[-67.910245,-31.162889],[-67.910148,-31.161328],[-67.910107,-31.160272],[-67.909749,-31.159476],[-67.909365,-31.159166],[-67.908916,-31.158936],[-67.908142,-31.158786],[-67.907523,-31.158834],[-67.906989,-31.158749],[-67.90651,-31.158438],[-67.906128,-31.157894],[-67.905161,-31.157173],[-67.904306,-31.156769],[-67.90369,-31.156565],[-67.902403,-31.156284],[-67.901548,-31.155853],[-67.901249,-31.155444],[-67.900539,-31.154221],[-67.90005,-31.153901],[-67.899278,-31.153587],[-67.898348,-31.152344],[-67.897699,-31.151337],[-67.896736,-31.151212],[-67.895192,-31.15137],[-67.894204,-31.150667],[-67.894236,-31.149793],[-67.894565,-31.148533],[-67.894901,-31.147571],[-67.894814,-31.146948],[-67.894772,-31.146036],[-67.894811,-31.145369],[-67.895232,-31.144309],[-67.896185,-31.142676],[-67.896773,-31.140724],[-67.897071,-31.139454],[-67.897196,-31.138608],[-67.897163,-31.137895],[-67.896911,-31.137027],[-67.896515,-31.135914],[-67.896105,-31.135045],[-67.895562,-31.133994],[-67.895368,-31.133497],[-67.895302,-31.132901],[-67.895344,-31.131963],[-67.895383,-31.131323],[-67.895455,-31.130521],[-67.895499,-31.129484],[-67.895645,-31.128593],[-67.895813,-31.127674],[-67.895945,-31.12717],[-67.895976,-31.126251],[-67.896258,-31.125442],[-67.896352,-31.124595],[-67.896343,-31.123593],[-67.896499,-31.121827],[-67.8966,-31.121269],[-67.897117,-31.120074],[-67.897081,-31.119595],[-67.897047,-31.11891],[-67.896629,-31.117833],[-67.896572,-31.1174],[-67.896508,-31.116506],[-67.896287,-31.115729],[-67.89595,-31.114932],[-67.895832,-31.114291],[-67.895692,-31.113676],[-67.895364,-31.113015],[-67.894828,-31.112289],[-67.893989,-31.11138],[-67.892902,-31.110207],[-67.891492,-31.109825],[-67.889074,-31.108596],[-67.888154,-31.107524],[-67.887011,-31.105773],[-67.886061,-31.104485],[-67.884445,-31.102892],[-67.882909,-31.10158],[-67.882505,-31.101216],[-67.882332,-31.100737],[-67.88235,-31.100123],[-67.882949,-31.09911],[-67.8835,-31.098528],[-67.884151,-31.097533],[-67.884441,-31.09694],[-67.884421,-31.09602],[-67.884095,-31.095178],[-67.883222,-31.093674],[-67.882998,-31.093104],[-67.882845,-31.091867],[-67.882555,-31.089745],[-67.882468,-31.089167],[-67.88266,-31.087906],[-67.88276,-31.087447],[-67.88265,-31.087013],[-67.882365,-31.086289],[-67.881493,-31.084694],[-67.880491,-31.083423],[-67.879161,-31.08158],[-67.878107,-31.080309],[-67.875786,-31.078106],[-67.874977,-31.077431],[-67.874279,-31.077029],[-67.87356,-31.076761],[-67.873018,-31.076467],[-67.871257,-31.07564],[-67.87071,-31.074977],[-67.870083,-31.073908],[-67.870155,-31.073151],[-67.870595,-31.072253],[-67.870832,-31.071723],[-67.87143,-31.070781],[-67.871575,-31.070043],[-67.871321,-31.06931],[-67.871448,-31.068355],[-67.871226,-31.06764],[-67.870951,-31.066962],[-67.87054,-31.066318],[-67.870127,-31.065773],[-67.869621,-31.065137],[-67.868962,-31.064139],[-67.868905,-31.063679],[-67.869,-31.06276],[-67.869101,-31.062148],[-67.86893,-31.061524],[-67.868378,-31.060365],[-67.86759,-31.058797],[-67.813713,-31.012246],[-67.828174,-30.993084],[-67.874142,-30.93217],[-67.875254,-30.930697],[-67.537734,-30.929568],[-67.533226,-30.929553],[-67.530569,-30.929547],[-67.530393,-30.929763]]]]}},{"type":"Feature","id":"70042","properties":{"id":70042,"in1":"70042","departamento":"CHIMBAS","nombre":"Chimbas","fna":"Departamento Chimbas","cabecera":"Villa Paula Albarracín de Sarmiento","provincia":"SAN JUAN","fuente":"Instituto Geográfico Nacional (IGN)"},"geometry":{"type":"MultiPolygon","coordinates":[[[[-68.474118,-31.466258],[-68.473447,-31.466476],[-68.4694,-31.466083],[-68.465539,-31.464918],[-68.460751,-31.463119],[-68.458655,-31.464856],[-68.45806,-31.465349],[-68.456346,-31.466659],[-68.453923,-31.46851],[-68.451021,-31.471208],[-68.450874,-31.471396],[-68.449362,-31.47332],[-68.448393,-31.474376],[-68.445642,-31.475185],[-68.444257,-31.477064],[-68.444382,-31.479183],[-68.443408,-31.481416],[-68.443312,-31.481609],[-68.442089,-31.484048],[-68.441877,-31.484471],[-68.441726,-31.486942],[-68.439993,-31.489815],[-68.439982,-31.490011],[-68.439917,-31.491172],[-68.440526,-31.492645],[-68.441271,-31.494353],[-68.441627,-31.495886],[-68.441874,-31.496948],[-68.441868,-31.498067],[-68.44172,-31.499478],[-68.440887,-31.501003],[-68.438886,-31.502468],[-68.438315,-31.502866],[-68.435164,-31.505062],[-68.43066,-31.5082],[-68.43198,-31.5079],[-68.432252,-31.507838],[-68.433833,-31.507478],[-68.444621,-31.504235],[-68.45154,-31.502155],[-68.453875,-31.501428],[-68.457046,-31.50044],[-68.462987,-31.49871],[-68.464841,-31.498278],[-68.471723,-31.497277],[-68.47253,-31.497399],[-68.474165,-31.497684],[-68.474813,-31.497796],[-68.477844,-31.4984],[-68.485933,-31.499952],[-68.488011,-31.500251],[-68.489909,-31.500525],[-68.492114,-31.500939],[-68.49483,-31.501523],[-68.496187,-31.501883],[-68.501498,-31.503508],[-68.501543,-31.503516],[-68.507051,-31.504529],[-68.507962,-31.504752],[-68.508587,-31.504904],[-68.50864,-31.504918],[-68.513118,-31.50575],[-68.51316,-31.505758],[-68.516891,-31.507518],[-68.517563,-31.507795],[-68.519868,-31.508222],[-68.531026,-31.510154],[-68.538011,-31.511218],[-68.538331,-31.511191],[-68.539063,-31.511129],[-68.539477,-31.511093],[-68.541785,-31.511087],[-68.543365,-31.511073],[-68.547445,-31.511035],[-68.550512,-31.510994],[-68.553441,-31.510955],[-68.558915,-31.510888],[-68.561819,-31.510873],[-68.56201,-31.510872],[-68.567197,-31.510829],[-68.572172,-31.510827],[-68.57909,-31.510766],[-68.581662,-31.510733],[-68.585195,-31.510689],[-68.588249,-31.510669],[-68.595173,-31.510624],[-68.599681,-31.510577],[-68.603512,-31.510541],[-68.612161,-31.510471],[-68.622675,-31.510429],[-68.624122,-31.510407],[-68.62573,-31.510381],[-68.625953,-31.510402],[-68.626191,-31.510425],[-68.626762,-31.510583],[-68.626799,-31.51061],[-68.627145,-31.510858],[-68.627566,-31.51124],[-68.627576,-31.51125],[-68.627741,-31.511416],[-68.627916,-31.51161],[-68.627974,-31.511697],[-68.628029,-31.511789],[-68.628074,-31.511928],[-68.628103,-31.512014],[-68.628422,-31.511797],[-68.642091,-31.502473],[-68.640983,-31.50246],[-68.638257,-31.502428],[-68.636832,-31.502745],[-68.634657,-31.503444],[-68.629336,-31.504263],[-68.626717,-31.503678],[-68.621925,-31.503151],[-68.617134,-31.502366],[-68.61519,-31.501526],[-68.611824,-31.500618],[-68.607544,-31.498006],[-68.604188,-31.496865],[-68.599547,-31.491797],[-68.589479,-31.487443],[-68.58282,-31.482344],[-68.571987,-31.47846],[-68.568113,-31.475549],[-68.558189,-31.472574],[-68.556741,-31.47214],[-68.544836,-31.467102],[-68.530768,-31.461126],[-68.5202,-31.458119],[-68.518741,-31.457704],[-68.51195,-31.456757],[-68.50043,-31.456596],[-68.488488,-31.459338],[-68.480071,-31.461744],[-68.479347,-31.462654],[-68.479225,-31.463217],[-68.479188,-31.463383],[-68.478877,-31.463824],[-68.478639,-31.463902],[-68.478282,-31.46402],[-68.477686,-31.46457],[-68.477327,-31.465079],[-68.477219,-31.465232],[-68.476752,-31.46565],[-68.476288,-31.465744],[-68.475797,-31.465845],[-68.474868,-31.465907],[-68.474118,-31.466258]]]]}},{"type":"Feature","id":"70049","properties":{"id":70049,"in1":"70049","departamento":"IGLESIA","nombre":"Iglesia","fna":"Departamento Iglesia","cabecera":"Rodeo","provincia":"SAN JUAN","fuente":"Instituto Geográfico Nacional (IGN)"},"geometry":{"type":"MultiPolygon","coordinates":[[[[-69.610586,-28.413904],[-69.605713,-28.419006],[-69.605265,-28.41885],[-69.604075,-28.41885],[-69.603472,-28.418649],[-69.603361,-28.418612],[-69.602409,-28.418433],[-69.602053,-28.418196],[-69.601339,-28.418136],[-69.600863,-28.418077],[-69.600208,-28.417839],[-69.599435,-28.417482],[-69.598483,-28.417422],[-69.597294,-28.417422],[-69.596461,-28.417363],[-69.59545,-28.417244],[-69.594141,-28.416946],[-69.593903,-28.416768],[-69.593189,-28.41647],[-69.592356,-28.416054],[-69.591821,-28.415757],[-69.590274,-28.41534],[-69.58962,-28.414924],[-69.589322,-28.414686],[-69.588906,-28.414507],[-69.588589,-28.414349],[-69.588031,-28.41407],[-69.587954,-28.414031],[-69.587359,-28.413496],[-69.586408,-28.412782],[-69.585337,-28.412247],[-69.584968,-28.412083],[-69.584266,-28.411771],[-69.58266,-28.4107],[-69.581827,-28.410581],[-69.581054,-28.410165],[-69.580221,-28.410105],[-69.57921,-28.409748],[-69.57802,-28.409392],[-69.577711,-28.409268],[-69.577425,-28.409154],[-69.576592,-28.408975],[-69.5763,-28.408946],[-69.575403,-28.408856],[-69.575046,-28.40844],[-69.573915,-28.407904],[-69.573202,-28.40731],[-69.572845,-28.406834],[-69.572547,-28.406596],[-69.571536,-28.405822],[-69.570644,-28.405287],[-69.570277,-28.405135],[-69.569986,-28.405094],[-69.569561,-28.405169],[-69.569186,-28.405127],[-69.568653,-28.405052],[-69.568112,-28.40501],[-69.567637,-28.405052],[-69.567129,-28.404952],[-69.56628,-28.404935],[-69.565347,-28.404736],[-69.564747,-28.404669],[-69.564248,-28.404702],[-69.563598,-28.404894],[-69.563198,-28.405127],[-69.563115,-28.405219],[-69.562657,-28.405435],[-69.562066,-28.405568],[-69.561416,-28.405768],[-69.560933,-28.40596],[-69.560458,-28.40591],[-69.560159,-28.405951],[-69.559907,-28.406152],[-69.559222,-28.40606],[-69.558092,-28.40606],[-69.557497,-28.405941],[-69.556902,-28.405822],[-69.556681,-28.405804],[-69.556188,-28.405763],[-69.555981,-28.405776],[-69.555976,-28.405776],[-69.555237,-28.405822],[-69.554463,-28.406179],[-69.55363,-28.406417],[-69.552917,-28.407191],[-69.551965,-28.407666],[-69.55137,-28.408321],[-69.550656,-28.408797],[-69.55018,-28.409035],[-69.549883,-28.409332],[-69.549526,-28.409808],[-69.548812,-28.410165],[-69.548098,-28.410998],[-69.547325,-28.411652],[-69.54673,-28.412187],[-69.546254,-28.412961],[-69.545719,-28.413437],[-69.544786,-28.414006],[-69.544648,-28.414091],[-69.544525,-28.4142],[-69.544047,-28.414297],[-69.543427,-28.414473],[-69.542901,-28.414628],[-69.541962,-28.414906],[-69.540847,-28.415195],[-69.540022,-28.41534],[-69.539093,-28.415577],[-69.53867,-28.415618],[-69.53745,-28.415876],[-69.536884,-28.415928],[-69.535945,-28.416196],[-69.535017,-28.416733],[-69.534253,-28.417104],[-69.533396,-28.4176],[-69.532653,-28.418064],[-69.531673,-28.418663],[-69.530816,-28.419199],[-69.529557,-28.420035],[-69.528556,-28.421067],[-69.527349,-28.422244],[-69.523664,-28.426929],[-69.522189,-28.428126],[-69.517087,-28.43144],[-69.516213,-28.431877],[-69.515262,-28.431877],[-69.514012,-28.431818],[-69.51318,-28.431818],[-69.511692,-28.431342],[-69.510622,-28.431104],[-69.50961,-28.430509],[-69.509075,-28.42926],[-69.508659,-28.428725],[-69.508004,-28.428011],[-69.507707,-28.427237],[-69.507707,-28.426524],[-69.5078,-28.42629],[-69.507811,-28.426265],[-69.507925,-28.425978],[-69.508183,-28.425334],[-69.507766,-28.424204],[-69.507539,-28.423783],[-69.506565,-28.42304],[-69.505603,-28.422504],[-69.505025,-28.421996],[-69.50454,-28.421287],[-69.503721,-28.420753],[-69.502829,-28.420159],[-69.502353,-28.419504],[-69.50152,-28.41879],[-69.501003,-28.418043],[-69.500985,-28.418017],[-69.500949,-28.417996],[-69.500245,-28.417573],[-69.500093,-28.417482],[-69.49926,-28.417006],[-69.498265,-28.416596],[-69.498249,-28.416589],[-69.497524,-28.416326],[-69.497492,-28.41631],[-69.496856,-28.415989],[-69.496848,-28.415986],[-69.496555,-28.415881],[-69.495931,-28.415874],[-69.49512,-28.416032],[-69.494215,-28.416111],[-69.49301,-28.41601],[-69.492199,-28.415967],[-69.491596,-28.415501],[-69.490714,-28.415013],[-69.489666,-28.414503],[-69.489364,-28.414195],[-69.488998,-28.413929],[-69.488546,-28.413736],[-69.488015,-28.413786],[-69.487606,-28.413779],[-69.48719,-28.413779],[-69.486996,-28.413987],[-69.486623,-28.414159],[-69.486279,-28.414181],[-69.486006,-28.414116],[-69.485676,-28.414166],[-69.485482,-28.414281],[-69.485159,-28.414496],[-69.485073,-28.414783],[-69.484822,-28.415063],[-69.484657,-28.415221],[-69.484356,-28.415508],[-69.484183,-28.415487],[-69.483767,-28.415436],[-69.48348,-28.415443],[-69.483042,-28.41553],[-69.482533,-28.415644],[-69.482074,-28.415573],[-69.48188,-28.415494],[-69.481679,-28.415494],[-69.481485,-28.415666],[-69.481076,-28.415731],[-69.480581,-28.415759],[-69.480172,-28.415666],[-69.479892,-28.415745],[-69.479705,-28.415953],[-69.478615,-28.415982],[-69.478184,-28.415953],[-69.47789,-28.415975],[-69.477649,-28.416037],[-69.477165,-28.416161],[-69.476914,-28.416082],[-69.476787,-28.415979],[-69.47667,-28.415888],[-69.476541,-28.415867],[-69.476378,-28.415917],[-69.476125,-28.415996],[-69.475324,-28.415767],[-69.474335,-28.415638],[-69.473828,-28.415494],[-69.473548,-28.415422],[-69.473154,-28.415472],[-69.47258,-28.415372],[-69.471941,-28.415422],[-69.471381,-28.415365],[-69.470642,-28.415307],[-69.470082,-28.414999],[-69.469602,-28.415027],[-69.468769,-28.415264],[-69.468095,-28.415594],[-69.467736,-28.416254],[-69.467642,-28.416584],[-69.467276,-28.416828],[-69.467111,-28.41713],[-69.466781,-28.417295],[-69.466487,-28.417467],[-69.46615,-28.417955],[-69.465805,-28.418257],[-69.465123,-28.418442],[-69.4648,-28.418671],[-69.464581,-28.41927],[-69.464276,-28.41966],[-69.463553,-28.419537],[-69.463239,-28.419594],[-69.463105,-28.419889],[-69.462953,-28.420289],[-69.462525,-28.42046],[-69.461925,-28.420612],[-69.461107,-28.421164],[-69.460926,-28.421374],[-69.46064,-28.421897],[-69.460612,-28.422383],[-69.460459,-28.422535],[-69.460012,-28.422992],[-69.459822,-28.423506],[-69.459384,-28.424181],[-69.459365,-28.424771],[-69.45927,-28.425657],[-69.459108,-28.426313],[-69.459022,-28.426675],[-69.459117,-28.426942],[-69.45907,-28.427237],[-69.458927,-28.427456],[-69.45888,-28.427922],[-69.45888,-28.428084],[-69.458756,-28.428567],[-69.458432,-28.429223],[-69.458051,-28.429614],[-69.457747,-28.429766],[-69.457271,-28.43009],[-69.45689,-28.430603],[-69.456405,-28.431117],[-69.455529,-28.431127],[-69.454768,-28.43126],[-69.454273,-28.431517],[-69.453921,-28.431765],[-69.453388,-28.431993],[-69.453102,-28.43265],[-69.45294,-28.433421],[-69.452636,-28.434097],[-69.452274,-28.434867],[-69.451941,-28.435886],[-69.451847,-28.436401],[-69.451406,-28.436842],[-69.450684,-28.437154],[-69.449999,-28.437567],[-69.449211,-28.438071],[-69.448436,-28.438071],[-69.447454,-28.437852],[-69.446691,-28.43802],[-69.445283,-28.438717],[-69.444598,-28.43904],[-69.444288,-28.439402],[-69.444198,-28.439996],[-69.443694,-28.440617],[-69.443164,-28.440927],[-69.442285,-28.441418],[-69.441833,-28.441857],[-69.441717,-28.442103],[-69.441769,-28.442335],[-69.441763,-28.442565],[-69.441627,-28.442955],[-69.441459,-28.443085],[-69.441355,-28.44324],[-69.441265,-28.443369],[-69.44111,-28.443731],[-69.440993,-28.443963],[-69.440296,-28.444545],[-69.44005,-28.444777],[-69.439576,-28.444975],[-69.439059,-28.445381],[-69.438732,-28.446056],[-69.438396,-28.446237],[-69.437928,-28.446475],[-69.437724,-28.446935],[-69.437518,-28.447038],[-69.437172,-28.447131],[-69.436846,-28.447219],[-69.436419,-28.447568],[-69.435761,-28.447981],[-69.435334,-28.448175],[-69.434908,-28.448434],[-69.434081,-28.448705],[-69.433642,-28.449183],[-69.433047,-28.449454],[-69.432421,-28.449977],[-69.431238,-28.450695],[-69.430644,-28.450863],[-69.429959,-28.450992],[-69.428997,-28.450954],[-69.428331,-28.450927],[-69.427026,-28.450746],[-69.425889,-28.450798],[-69.424894,-28.451031],[-69.424003,-28.451173],[-69.422866,-28.450889],[-69.421935,-28.451057],[-69.421328,-28.450643],[-69.420584,-28.450413],[-69.420085,-28.450499],[-69.419656,-28.450328],[-69.419099,-28.450299],[-69.418728,-28.450299],[-69.418271,-28.450256],[-69.417757,-28.450256],[-69.417358,-28.450299],[-69.416915,-28.450114],[-69.416601,-28.449885],[-69.41623,-28.449757],[-69.41583,-28.449742],[-69.415359,-28.449742],[-69.414831,-28.449799],[-69.414631,-28.449842],[-69.414343,-28.449972],[-69.41406,-28.450099],[-69.413617,-28.450056],[-69.412803,-28.450156],[-69.412132,-28.449885],[-69.411847,-28.449699],[-69.411657,-28.449466],[-69.411476,-28.449243],[-69.411176,-28.449186],[-69.410904,-28.449321],[-69.410416,-28.449235],[-69.410091,-28.448886],[-69.409934,-28.448929],[-69.409049,-28.448871],[-69.40892,-28.448743],[-69.408834,-28.448586],[-69.408749,-28.4485],[-69.408492,-28.448486],[-69.408078,-28.448586],[-69.407235,-28.448443],[-69.40685,-28.4483],[-69.406564,-28.4483],[-69.405879,-28.448329],[-69.405651,-28.448229],[-69.405265,-28.448243],[-69.40498,-28.448386],[-69.40448,-28.448429],[-69.404237,-28.448315],[-69.403723,-28.448215],[-69.403209,-28.448286],[-69.40231,-28.448472],[-69.401268,-28.448614],[-69.400897,-28.448629],[-69.400404,-28.448969],[-69.399969,-28.448943],[-69.399483,-28.449],[-69.398765,-28.449252],[-69.398041,-28.449481],[-69.397565,-28.449595],[-69.397244,-28.449613],[-69.396943,-28.449723],[-69.396305,-28.449688],[-69.395376,-28.449664],[-69.395376,-28.449664],[-69.394888,-28.449411],[-69.394377,-28.449268],[-69.394032,-28.449328],[-69.393806,-28.44959],[-69.393377,-28.449661],[-69.39308,-28.449661],[-69.39258,-28.449673],[-69.392116,-28.449673],[-69.391807,-28.449756],[-69.391551,-28.449902],[-69.3912,-28.450101],[-69.390784,-28.450089],[-69.39026,-28.45003],[-69.389915,-28.450077],[-69.389725,-28.450208],[-69.389237,-28.450303],[-69.388964,-28.45028],[-69.388547,-28.450351],[-69.38844,-28.450434],[-69.388119,-28.450613],[-69.387738,-28.450732],[-69.387548,-28.450851],[-69.387179,-28.451029],[-69.386774,-28.451101],[-69.386536,-28.451077],[-69.386061,-28.450839],[-69.385727,-28.450684],[-69.385561,-28.450518],[-69.385359,-28.450422],[-69.384907,-28.450399],[-69.38455,-28.450446],[-69.384157,-28.450434],[-69.383812,-28.450173],[-69.383324,-28.45003],[-69.382967,-28.449946],[-69.38217,-28.44972],[-69.381861,-28.449423],[-69.381543,-28.449176],[-69.381325,-28.449007],[-69.380861,-28.448852],[-69.38079,-28.448638],[-69.380362,-28.448281],[-69.379862,-28.448221],[-69.379493,-28.448293],[-69.378994,-28.448245],[-69.378494,-28.448019],[-69.377875,-28.447972],[-69.376935,-28.447888],[-69.3764,-28.447853],[-69.375734,-28.447817],[-69.375175,-28.447686],[-69.374688,-28.447637],[-69.374497,-28.447703],[-69.374342,-28.447639],[-69.374226,-28.447425],[-69.374109,-28.447212],[-69.373915,-28.447134],[-69.373734,-28.447262],[-69.373462,-28.447341],[-69.373319,-28.447077],[-69.373019,-28.446867],[-69.372491,-28.446797],[-69.372206,-28.446603],[-69.372126,-28.446241],[-69.371878,-28.446068],[-69.371456,-28.446099],[-69.370938,-28.445943],[-69.370498,-28.44593],[-69.370213,-28.445891],[-69.369877,-28.445801],[-69.369695,-28.445503],[-69.369216,-28.445102],[-69.368686,-28.44474],[-69.36831,-28.444714],[-69.368155,-28.444791],[-69.367456,-28.444312],[-69.367223,-28.444196],[-69.366395,-28.443562],[-69.366175,-28.44307],[-69.365592,-28.442863],[-69.365385,-28.442565],[-69.365322,-28.442417],[-69.365088,-28.442319],[-69.364829,-28.442319],[-69.36422,-28.442008],[-69.364233,-28.441879],[-69.364187,-28.441612],[-69.364156,-28.441426],[-69.363961,-28.441193],[-69.363573,-28.440986],[-69.363496,-28.440818],[-69.363224,-28.440649],[-69.362913,-28.440494],[-69.362654,-28.440494],[-69.362175,-28.440209],[-69.361748,-28.439963],[-69.361049,-28.439562],[-69.360894,-28.43942],[-69.360622,-28.43942],[-69.360441,-28.439536],[-69.36013,-28.439614],[-69.35969,-28.439549],[-69.358758,-28.439549],[-69.358551,-28.439407],[-69.358318,-28.43929],[-69.357891,-28.439355],[-69.357335,-28.439368],[-69.356351,-28.4392],[-69.355678,-28.439109],[-69.355082,-28.439044],[-69.354293,-28.438747],[-69.353905,-28.438566],[-69.353283,-28.43854],[-69.353076,-28.438708],[-69.351665,-28.438384],[-69.350682,-28.438164],[-69.350262,-28.438147],[-69.349452,-28.437685],[-69.349294,-28.437318],[-69.349056,-28.437112],[-69.348624,-28.437181],[-69.34821,-28.437116],[-69.348122,-28.436909],[-69.34799,-28.436598],[-69.347666,-28.436236],[-69.347368,-28.436093],[-69.346825,-28.436042],[-69.346458,-28.436156],[-69.345906,-28.435951],[-69.345634,-28.435873],[-69.345334,-28.435947],[-69.344948,-28.436042],[-69.344469,-28.435848],[-69.344016,-28.435511],[-69.343623,-28.435097],[-69.343278,-28.434734],[-69.343058,-28.434644],[-69.342872,-28.434712],[-69.34267,-28.434786],[-69.342424,-28.434709],[-69.342087,-28.434476],[-69.342058,-28.434231],[-69.342036,-28.434048],[-69.341492,-28.433815],[-69.341215,-28.433768],[-69.341079,-28.433745],[-69.340545,-28.433457],[-69.340509,-28.433393],[-69.340366,-28.433142],[-69.339978,-28.432987],[-69.339729,-28.432984],[-69.339668,-28.432983],[-69.339072,-28.432909],[-69.338489,-28.432689],[-69.337803,-28.432482],[-69.337286,-28.432003],[-69.33669,-28.431369],[-69.33585,-28.430866],[-69.335072,-28.430631],[-69.3348,-28.430541],[-69.334477,-28.43045],[-69.334218,-28.430217],[-69.334083,-28.429906],[-69.333726,-28.429454],[-69.333195,-28.429182],[-69.332833,-28.42891],[-69.332445,-28.428755],[-69.331979,-28.428392],[-69.331409,-28.428095],[-69.330892,-28.428082],[-69.330672,-28.427913],[-69.33021,-28.427846],[-69.329688,-28.427667],[-69.32939,-28.427525],[-69.328834,-28.427473],[-69.328665,-28.427279],[-69.328083,-28.426943],[-69.327785,-28.426904],[-69.327203,-28.426503],[-69.327073,-28.426127],[-69.32684,-28.425868],[-69.326569,-28.425428],[-69.326245,-28.425234],[-69.325973,-28.425105],[-69.325624,-28.42504],[-69.325442,-28.424794],[-69.325442,-28.424652],[-69.325388,-28.424345],[-69.325326,-28.423992],[-69.325119,-28.423836],[-69.324433,-28.423448],[-69.324045,-28.423137],[-69.32398,-28.42293],[-69.323669,-28.422568],[-69.323501,-28.422322],[-69.323423,-28.421972],[-69.323177,-28.421726],[-69.322879,-28.421582],[-69.322375,-28.421338],[-69.321974,-28.421235],[-69.321728,-28.421157],[-69.321495,-28.42104],[-69.321132,-28.420756],[-69.32099,-28.420471],[-69.320666,-28.42016],[-69.320524,-28.419669],[-69.320524,-28.419306],[-69.32077,-28.419086],[-69.320692,-28.418672],[-69.320032,-28.417831],[-69.320098,-28.41757],[-69.319341,-28.416325],[-69.318751,-28.416096],[-69.318104,-28.415617],[-69.317948,-28.415229],[-69.317897,-28.414944],[-69.317651,-28.414543],[-69.317521,-28.414194],[-69.317579,-28.413897],[-69.317379,-28.413365],[-69.317107,-28.413145],[-69.316923,-28.413104],[-69.316874,-28.413093],[-69.316708,-28.412891],[-69.316529,-28.412724],[-69.316446,-28.412474],[-69.316353,-28.412131],[-69.316297,-28.411967],[-69.316172,-28.411606],[-69.316086,-28.41174],[-69.31608,-28.41175],[-69.314719,-28.413859],[-69.314526,-28.414173],[-69.31176,-28.418669],[-69.306344,-28.427467],[-69.29916,-28.439141],[-69.298206,-28.440691],[-69.29615,-28.444032],[-69.295634,-28.444871],[-69.291146,-28.452163],[-69.289322,-28.455127],[-69.288717,-28.456109],[-69.288593,-28.456311],[-69.28643,-28.459826],[-69.280729,-28.469089],[-69.280142,-28.470044],[-69.270681,-28.485415],[-69.259179,-28.504105],[-69.25678,-28.508003],[-69.252339,-28.515219],[-69.250858,-28.517626],[-69.247428,-28.523198],[-69.245446,-28.526418],[-69.245217,-28.526792],[-69.235207,-28.543057],[-69.233791,-28.545356],[-69.231601,-28.548916],[-69.231587,-28.548938],[-69.229863,-28.55174],[-69.22553,-28.55878],[-69.223856,-28.561499],[-69.220885,-28.566328],[-69.218925,-28.569512],[-69.216471,-28.5735],[-69.215112,-28.575708],[-69.214584,-28.576565],[-69.213478,-28.578362],[-69.211924,-28.580887],[-69.211003,-28.582384],[-69.209842,-28.584271],[-69.209771,-28.584386],[-69.208906,-28.585791],[-69.207889,-28.587444],[-69.206834,-28.589157],[-69.204189,-28.593456],[-69.204111,-28.593583],[-69.203403,-28.594732],[-69.202646,-28.595962],[-69.202657,-28.595969],[-69.203035,-28.596216],[-69.20329,-28.596294],[-69.2039,-28.596762],[-69.203971,-28.59689],[-69.204055,-28.597283],[-69.204174,-28.59745],[-69.204376,-28.598175],[-69.20459,-28.598509],[-69.205375,-28.598818],[-69.205744,-28.598746],[-69.205923,-28.598556],[-69.207065,-28.599484],[-69.207564,-28.599924],[-69.211562,-28.6014],[-69.211859,-28.601756],[-69.213073,-28.602637],[-69.213668,-28.60272],[-69.213941,-28.602875],[-69.214203,-28.603125],[-69.21426,-28.603437],[-69.21426,-28.603636],[-69.214524,-28.604184],[-69.214905,-28.604743],[-69.215131,-28.605076],[-69.215452,-28.605302],[-69.216333,-28.60579],[-69.216499,-28.60598],[-69.216547,-28.60617],[-69.216476,-28.606401],[-69.216464,-28.606741],[-69.21644,-28.607301],[-69.216261,-28.607765],[-69.216213,-28.607977],[-69.215981,-28.608456],[-69.21579,-28.608941],[-69.21559,-28.609512],[-69.215562,-28.609798],[-69.215638,-28.610131],[-69.215788,-28.61048],[-69.215962,-28.610883],[-69.216076,-28.611216],[-69.216434,-28.612097],[-69.216646,-28.612594],[-69.21658,-28.612729],[-69.216485,-28.612872],[-69.216238,-28.613015],[-69.216076,-28.613262],[-69.216038,-28.613481],[-69.216104,-28.61429],[-69.21619,-28.614681],[-69.216285,-28.615042],[-69.216352,-28.615233],[-69.216564,-28.615598],[-69.216688,-28.616015],[-69.216748,-28.616195],[-69.216685,-28.61647],[-69.216561,-28.616736],[-69.216247,-28.617003],[-69.215847,-28.617146],[-69.215419,-28.617422],[-69.214943,-28.617774],[-69.214667,-28.618288],[-69.214667,-28.61864],[-69.214753,-28.61904],[-69.214686,-28.61942],[-69.214696,-28.61963],[-69.214873,-28.61987],[-69.215267,-28.620401],[-69.215457,-28.620762],[-69.215404,-28.620973],[-69.215343,-28.621219],[-69.215191,-28.621381],[-69.215067,-28.621771],[-69.214857,-28.622466],[-69.214819,-28.622647],[-69.214953,-28.622856],[-69.215093,-28.623009],[-69.215267,-28.623199],[-69.215263,-28.623382],[-69.215257,-28.623646],[-69.215114,-28.624008],[-69.214877,-28.62417],[-69.214439,-28.624427],[-69.213896,-28.625226],[-69.213906,-28.625455],[-69.214001,-28.62575],[-69.214183,-28.626105],[-69.214284,-28.626587],[-69.214267,-28.627444],[-69.214379,-28.627691],[-69.214572,-28.62812],[-69.214962,-28.6285],[-69.215143,-28.628662],[-69.215191,-28.628986],[-69.215212,-28.629194],[-69.214981,-28.629528],[-69.214877,-28.629804],[-69.214819,-28.630004],[-69.214543,-28.630394],[-69.214163,-28.630747],[-69.214077,-28.631184],[-69.213963,-28.631613],[-69.213978,-28.632543],[-69.214077,-28.633212],[-69.214363,-28.633897],[-69.214572,-28.63423],[-69.214676,-28.634964],[-69.214795,-28.635857],[-69.214795,-28.636],[-69.214667,-28.6364],[-69.214639,-28.63681],[-69.214743,-28.637504],[-69.214819,-28.637714],[-69.214972,-28.637816],[-69.215314,-28.638047],[-69.215828,-28.638323],[-69.215847,-28.63858],[-69.215806,-28.638712],[-69.215686,-28.639103],[-69.215552,-28.639484],[-69.215657,-28.640036],[-69.215851,-28.639999],[-69.216399,-28.639893],[-69.216609,-28.640207],[-69.216932,-28.640331],[-69.217208,-28.640664],[-69.217437,-28.640931],[-69.217413,-28.64127],[-69.217142,-28.64174],[-69.217085,-28.641902],[-69.217123,-28.642082],[-69.217234,-28.642341],[-69.21731,-28.643019],[-69.217227,-28.643405],[-69.217132,-28.643739],[-69.216771,-28.644129],[-69.216495,-28.644414],[-69.216123,-28.644804],[-69.216076,-28.644928],[-69.216301,-28.645227],[-69.216723,-28.645785],[-69.216999,-28.64608],[-69.217075,-28.646251],[-69.217561,-28.647174],[-69.217808,-28.647784],[-69.217817,-28.648168],[-69.217608,-28.648317],[-69.217237,-28.648364],[-69.216561,-28.648259],[-69.216371,-28.64825],[-69.216266,-28.648374],[-69.216209,-28.648583],[-69.216266,-28.648859],[-69.216461,-28.649122],[-69.216758,-28.649777],[-69.216799,-28.6501],[-69.216685,-28.65042],[-69.216161,-28.651648],[-69.216123,-28.652048],[-69.216133,-28.652295],[-69.21621,-28.65285],[-69.216068,-28.653195],[-69.2158,-28.653171],[-69.215476,-28.65318],[-69.215,-28.653323],[-69.214667,-28.653447],[-69.214553,-28.653685],[-69.214581,-28.653818],[-69.214581,-28.653951],[-69.214439,-28.654284],[-69.214334,-28.654686],[-69.214258,-28.655065],[-69.214096,-28.655274],[-69.213953,-28.655341],[-69.213672,-28.655517],[-69.212982,-28.65595],[-69.212773,-28.656378],[-69.212649,-28.656673],[-69.212592,-28.657063],[-69.21263,-28.657349],[-69.212687,-28.657435],[-69.213026,-28.657465],[-69.213316,-28.657492],[-69.21362,-28.657654],[-69.213811,-28.657968],[-69.213811,-28.658225],[-69.213606,-28.658759],[-69.213323,-28.65899],[-69.213049,-28.659053],[-69.212564,-28.659138],[-69.212278,-28.658939],[-69.212059,-28.658558],[-69.211659,-28.658253],[-69.211517,-28.658272],[-69.211498,-28.658472],[-69.211307,-28.658758],[-69.211031,-28.658948],[-69.210679,-28.659195],[-69.210717,-28.659433],[-69.210841,-28.6597],[-69.211318,-28.659998],[-69.212154,-28.660652],[-69.212116,-28.660861],[-69.211983,-28.661023],[-69.211859,-28.661214],[-69.21194,-28.661436],[-69.212173,-28.661537],[-69.212202,-28.661756],[-69.212288,-28.662213],[-69.212297,-28.662755],[-69.212392,-28.66306],[-69.212583,-28.663526],[-69.212849,-28.664069],[-69.212762,-28.664598],[-69.212601,-28.664721],[-69.212354,-28.664887],[-69.21204,-28.664773],[-69.211336,-28.66464],[-69.21087,-28.664421],[-69.210374,-28.664231],[-69.210032,-28.664249],[-69.209765,-28.664506],[-69.209508,-28.664754],[-69.209366,-28.665163],[-69.20947,-28.665439],[-69.209715,-28.665901],[-69.210084,-28.66621],[-69.210667,-28.666805],[-69.210953,-28.666995],[-69.211036,-28.667436],[-69.211,-28.667733],[-69.21087,-28.668304],[-69.210584,-28.66878],[-69.210263,-28.668923],[-69.209918,-28.669173],[-69.209597,-28.669327],[-69.209275,-28.669399],[-69.208906,-28.669541],[-69.208466,-28.669613],[-69.208347,-28.669767],[-69.208335,-28.669886],[-69.208228,-28.67035],[-69.208205,-28.670612],[-69.208252,-28.670954],[-69.208347,-28.671445],[-69.208597,-28.671945],[-69.208847,-28.672397],[-69.208906,-28.672611],[-69.209168,-28.67292],[-69.209395,-28.673178],[-69.209441,-28.673333],[-69.209466,-28.673682],[-69.209335,-28.674074],[-69.20918,-28.674407],[-69.209228,-28.674836],[-69.209323,-28.675264],[-69.209537,-28.675704],[-69.209615,-28.675828],[-69.20962,-28.676299],[-69.209561,-28.676692],[-69.209454,-28.677096],[-69.209275,-28.677572],[-69.209014,-28.677739],[-69.208538,-28.678036],[-69.208133,-28.678191],[-69.20755,-28.678167],[-69.207062,-28.678155],[-69.206598,-28.67831],[-69.206491,-28.678512],[-69.206134,-28.678928],[-69.20592,-28.679369],[-69.20592,-28.679523],[-69.206146,-28.679702],[-69.206593,-28.679838],[-69.207098,-28.679928],[-69.207396,-28.679868],[-69.207764,-28.679666],[-69.208109,-28.679511],[-69.208883,-28.679357],[-69.209133,-28.679499],[-69.209442,-28.679833],[-69.209542,-28.680224],[-69.209608,-28.680761],[-69.209798,-28.681165],[-69.209798,-28.681451],[-69.209597,-28.681712],[-69.209617,-28.681982],[-69.209585,-28.682414],[-69.209466,-28.682807],[-69.209,-28.683278],[-69.20868,-28.683652],[-69.208613,-28.684011],[-69.208585,-28.684227],[-69.208133,-28.684636],[-69.207197,-28.685122],[-69.20691,-28.685132],[-69.206187,-28.685303],[-69.20593,-28.685398],[-69.205444,-28.685541],[-69.205045,-28.685703],[-69.204902,-28.68595],[-69.204788,-28.686312],[-69.204588,-28.686778],[-69.204445,-28.687102],[-69.203979,-28.687797],[-69.203769,-28.688139],[-69.203607,-28.688596],[-69.203467,-28.689197],[-69.20347,-28.68919],[-69.203367,-28.689542],[-69.20317,-28.689833],[-69.203065,-28.690157],[-69.202941,-28.690728],[-69.202913,-28.691204],[-69.202913,-28.691737],[-69.203086,-28.692096],[-69.203293,-28.692422],[-69.203361,-28.692882],[-69.203724,-28.693135],[-69.20393,-28.693279],[-69.204416,-28.693431],[-69.204921,-28.693669],[-69.205178,-28.693926],[-69.205378,-28.694193],[-69.205456,-28.694451],[-69.205456,-28.694764],[-69.20533,-28.694906],[-69.205197,-28.695011],[-69.204826,-28.695173],[-69.204692,-28.695249],[-69.204692,-28.695316],[-69.204673,-28.695497],[-69.204559,-28.69563],[-69.204369,-28.69583],[-69.203988,-28.696401],[-69.20355,-28.697143],[-69.203465,-28.697952],[-69.203017,-28.698809],[-69.202751,-28.699504],[-69.202351,-28.700627],[-69.202158,-28.701879],[-69.201113,-28.703619],[-69.201133,-28.704167],[-69.200952,-28.704491],[-69.200279,-28.705581],[-69.200215,-28.705837],[-69.200087,-28.706336],[-69.199829,-28.706632],[-69.199715,-28.707146],[-69.199505,-28.707537],[-69.199182,-28.707736],[-69.198887,-28.707946],[-69.198706,-28.708165],[-69.198687,-28.708374],[-69.198725,-28.708736],[-69.198601,-28.70905],[-69.19843,-28.709393],[-69.198182,-28.709573],[-69.197963,-28.709726],[-69.197716,-28.710002],[-69.197592,-28.710164],[-69.196897,-28.710487],[-69.196526,-28.710697],[-69.196031,-28.71102],[-69.195689,-28.711258],[-69.195241,-28.711448],[-69.194699,-28.711686],[-69.194204,-28.711848],[-69.194137,-28.712181],[-69.194156,-28.712391],[-69.194156,-28.712781],[-69.194023,-28.713209],[-69.193795,-28.713476],[-69.193623,-28.713695],[-69.19374,-28.713925],[-69.193804,-28.71419],[-69.193804,-28.714504],[-69.19369,-28.714675],[-69.193471,-28.714705],[-69.193185,-28.714751],[-69.193109,-28.714865],[-69.193166,-28.715027],[-69.1931,-28.71516],[-69.193005,-28.715341],[-69.192814,-28.715551],[-69.192757,-28.715722],[-69.19269,-28.715931],[-69.192671,-28.716217],[-69.192586,-28.716407],[-69.192472,-28.716417],[-69.192329,-28.716512],[-69.192072,-28.716836],[-69.19191,-28.717178],[-69.191872,-28.717426],[-69.19172,-28.71773],[-69.191386,-28.71794],[-69.19111,-28.718025],[-69.19093,-28.71813],[-69.190796,-28.718282],[-69.190768,-28.718416],[-69.190768,-28.718644],[-69.190654,-28.718891],[-69.188969,-28.719158],[-69.188741,-28.719291],[-69.188084,-28.719786],[-69.187798,-28.720015],[-69.187484,-28.720081],[-69.186485,-28.720271],[-69.186104,-28.720224],[-69.185904,-28.720224],[-69.185685,-28.720348],[-69.184971,-28.720567],[-69.184505,-28.720586],[-69.183658,-28.720662],[-69.183353,-28.720757],[-69.182973,-28.720966],[-69.18145,-28.721737],[-69.181288,-28.722051],[-69.181098,-28.722546],[-69.181088,-28.72306],[-69.181185,-28.723574],[-69.181393,-28.723888],[-69.18165,-28.724212],[-69.181783,-28.724545],[-69.181869,-28.724802],[-69.181926,-28.725145],[-69.18203,-28.725506],[-69.181997,-28.725826],[-69.181945,-28.725982],[-69.181726,-28.726106],[-69.181564,-28.726239],[-69.181174,-28.727172],[-69.180888,-28.727486],[-69.180736,-28.727848],[-69.180508,-28.728086],[-69.179889,-28.728276],[-69.179594,-28.728238],[-69.179147,-28.7284],[-69.178861,-28.728571],[-69.178861,-28.728752],[-69.178709,-28.728971],[-69.178166,-28.729294],[-69.17789,-28.729361],[-69.177852,-28.729523],[-69.177909,-28.729704],[-69.178092,-28.729786],[-69.178595,-28.729713],[-69.17869,-28.729761],[-69.17869,-28.729951],[-69.178528,-28.730084],[-69.178211,-28.730321],[-69.177976,-28.730408],[-69.177624,-28.730351],[-69.177481,-28.730284],[-69.177224,-28.730341],[-69.176872,-28.730456],[-69.17651,-28.730779],[-69.176434,-28.731017],[-69.176339,-28.73115],[-69.176215,-28.731303],[-69.175977,-28.731455],[-69.175853,-28.731598],[-69.175692,-28.731769],[-69.175682,-28.731969],[-69.175711,-28.732121],[-69.175558,-28.732169],[-69.17533,-28.732216],[-69.175044,-28.732768],[-69.174292,-28.73412],[-69.17395,-28.734358],[-69.173312,-28.734358],[-69.173046,-28.734453],[-69.172912,-28.734615],[-69.172494,-28.735119],[-69.172395,-28.735201],[-69.172008,-28.735205],[-69.171646,-28.735253],[-69.171285,-28.735462],[-69.170876,-28.73589],[-69.170714,-28.7361],[-69.170716,-28.736329],[-69.170847,-28.736499],[-69.170781,-28.736785],[-69.170647,-28.737042],[-69.170619,-28.737423],[-69.170723,-28.738067],[-69.170476,-28.738336],[-69.169886,-28.739003],[-69.169486,-28.739478],[-69.1694,-28.739859],[-69.168953,-28.740268],[-69.168429,-28.741706],[-69.167982,-28.743029],[-69.167316,-28.743723],[-69.166973,-28.743999],[-69.166488,-28.744085],[-69.166126,-28.744228],[-69.165964,-28.744437],[-69.166002,-28.744732],[-69.166155,-28.745075],[-69.16625,-28.74557],[-69.165964,-28.745894],[-69.165964,-28.746112],[-69.165921,-28.746734],[-69.165804,-28.746956],[-69.165812,-28.747264],[-69.16604,-28.747616],[-69.166183,-28.747997],[-69.166183,-28.748225],[-69.166136,-28.748425],[-69.16625,-28.748768],[-69.166402,-28.748844],[-69.166764,-28.748987],[-69.166878,-28.749215],[-69.166916,-28.749491],[-69.166945,-28.749767],[-69.16723,-28.750291],[-69.167896,-28.751005],[-69.168113,-28.751597],[-69.168158,-28.752391],[-69.167206,-28.753224],[-69.16664,-28.753489],[-69.166221,-28.754431],[-69.165612,-28.755002],[-69.165441,-28.755211],[-69.165441,-28.755411],[-69.165622,-28.755592],[-69.16566,-28.755906],[-69.165507,-28.756277],[-69.165155,-28.756544],[-69.164746,-28.756611],[-69.164299,-28.756668],[-69.163985,-28.756849],[-69.163632,-28.757239],[-69.163385,-28.757705],[-69.162909,-28.758305],[-69.162271,-28.759295],[-69.162174,-28.75989],[-69.161971,-28.761135],[-69.161225,-28.761429],[-69.151999,-28.76506],[-69.148583,-28.766405],[-69.140684,-28.769514],[-69.140155,-28.769722],[-69.138934,-28.770202],[-69.130125,-28.773669],[-69.126148,-28.775235],[-69.122712,-28.776587],[-69.11904,-28.778032],[-69.106172,-28.783097],[-69.090025,-28.789452],[-69.085322,-28.791303],[-69.06829,-28.798006],[-69.058797,-28.801742],[-69.055053,-28.803216],[-69.031434,-28.812512],[-69.022638,-28.815974],[-69.018569,-28.817575],[-69.018058,-28.817776],[-69.012647,-28.819906],[-68.982843,-28.831636],[-68.973898,-28.835157],[-68.972761,-28.835604],[-68.950789,-28.844252],[-68.936844,-28.84974],[-68.908706,-28.85932],[-68.90907,-28.859534],[-68.91005,-28.860109],[-68.910103,-28.860265],[-68.910938,-28.862738],[-68.912604,-28.863214],[-68.91616,-28.863362],[-68.918947,-28.864957],[-68.920831,-28.866899],[-68.921117,-28.868955],[-68.921688,-28.87141],[-68.92243,-28.874551],[-68.922944,-28.877978],[-68.923059,-28.880433],[-68.924263,-28.881774],[-68.926142,-28.883688],[-68.928198,-28.886373],[-68.930563,-28.891006],[-68.931022,-28.891682],[-68.931194,-28.892626],[-68.931739,-28.895624],[-68.931054,-28.899393],[-68.930939,-28.901849],[-68.930825,-28.904076],[-68.93151,-28.906931],[-68.934639,-28.908865],[-68.939677,-28.9115],[-68.945673,-28.916411],[-68.94889,-28.920024],[-68.949604,-28.923355],[-68.949842,-28.9274],[-68.949842,-28.930256],[-68.95033,-28.932207],[-68.950556,-28.933111],[-68.951555,-28.939025],[-68.954753,-28.943651],[-68.956066,-28.949476],[-68.955838,-28.958327],[-68.954068,-28.96164],[-68.951326,-28.966094],[-68.949385,-28.96855],[-68.94836,-28.970966],[-68.948177,-28.971063],[-68.947236,-28.972317],[-68.947106,-28.972491],[-68.946035,-28.9738],[-68.945559,-28.974276],[-68.945431,-28.974312],[-68.943894,-28.974751],[-68.941447,-28.974831],[-68.937678,-28.976316],[-68.933909,-28.979],[-68.930368,-28.982312],[-68.929797,-28.984597],[-68.929455,-28.991906],[-68.929455,-28.996475],[-68.930368,-29.001158],[-68.93049,-29.002033],[-68.930711,-29.003613],[-68.930654,-29.007211],[-68.930825,-29.013778],[-68.930482,-29.018575],[-68.928092,-29.023705],[-68.927475,-29.024363],[-68.926763,-29.02498],[-68.926753,-29.024989],[-68.925691,-29.02591],[-68.924382,-29.026267],[-68.922478,-29.026743],[-68.919147,-29.027457],[-68.91772,-29.027694],[-68.916411,-29.027813],[-68.914745,-29.02817],[-68.914031,-29.028765],[-68.914016,-29.028806],[-68.913875,-29.029172],[-68.913437,-29.030312],[-68.913181,-29.031334],[-68.913144,-29.031482],[-68.913126,-29.031554],[-68.91308,-29.03174],[-68.912595,-29.03306],[-68.912449,-29.033458],[-68.911377,-29.036377],[-68.9104,-29.039307],[-68.909838,-29.040747],[-68.909424,-29.041809],[-68.908508,-29.044922],[-68.908399,-29.04689],[-68.908386,-29.047119],[-68.908577,-29.047857],[-68.908875,-29.049011],[-68.909296,-29.049734],[-68.909378,-29.049875],[-68.909729,-29.050476],[-68.909996,-29.052075],[-68.910217,-29.053406],[-68.910346,-29.055629],[-68.9104,-29.05658],[-68.910404,-29.056617],[-68.910581,-29.058627],[-68.910224,-29.059817],[-68.910224,-29.060531],[-68.910581,-29.062078],[-68.910581,-29.06291],[-68.910581,-29.064814],[-68.910224,-29.067075],[-68.909035,-29.069216],[-68.907845,-29.070406],[-68.907845,-29.071714],[-68.907964,-29.072785],[-68.909257,-29.07273],[-68.913874,-29.072532],[-68.916791,-29.073914],[-68.918109,-29.075768],[-68.921155,-29.080432],[-68.923868,-29.087142],[-68.924659,-29.089385],[-68.925085,-29.09194],[-68.924993,-29.093703],[-68.924988,-29.093811],[-68.924988,-29.098083],[-68.924668,-29.101229],[-68.924622,-29.101685],[-68.924556,-29.101934],[-68.924011,-29.104004],[-68.923828,-29.105896],[-68.920489,-29.109271],[-68.917966,-29.111793],[-68.916015,-29.1156],[-68.914064,-29.119169],[-68.912351,-29.123643],[-68.91189,-29.128584],[-68.912366,-29.130011],[-68.913674,-29.132034],[-68.914507,-29.133462],[-68.91534,-29.134651],[-68.916003,-29.135314],[-68.918585,-29.138776],[-68.919537,-29.140918],[-68.92539,-29.144154],[-68.928674,-29.146153],[-68.931013,-29.14686],[-68.931396,-29.147278],[-68.931434,-29.147309],[-68.93152,-29.147381],[-68.932472,-29.148095],[-68.933781,-29.149166],[-68.934138,-29.15107],[-68.933424,-29.154044],[-68.933186,-29.155947],[-68.933067,-29.157256],[-68.932948,-29.158803],[-68.93271,-29.161539],[-68.933277,-29.164429],[-68.933289,-29.16449],[-68.933342,-29.164549],[-68.933418,-29.164633],[-68.934998,-29.166382],[-68.937683,-29.16803],[-68.939332,-29.168342],[-68.941223,-29.168701],[-68.943909,-29.168884],[-68.949233,-29.167425],[-68.95353,-29.166655],[-68.954363,-29.166298],[-68.955553,-29.165465],[-68.957219,-29.164632],[-68.959003,-29.162848],[-68.959241,-29.161539],[-68.959955,-29.159636],[-68.960193,-29.158922],[-68.961264,-29.156185],[-68.961383,-29.15559],[-68.962334,-29.15333],[-68.962572,-29.152021],[-68.962929,-29.150237],[-68.963048,-29.14988],[-68.96389,-29.148104],[-68.964833,-29.147024],[-68.96665,-29.145914],[-68.966974,-29.145716],[-68.968303,-29.145474],[-68.96903,-29.145439],[-68.970505,-29.1462],[-68.973218,-29.147818],[-68.975026,-29.148437],[-68.975264,-29.149055],[-68.975184,-29.14988],[-68.974217,-29.153672],[-68.973931,-29.155052],[-68.974074,-29.157431],[-68.974598,-29.160287],[-68.978072,-29.163142],[-68.980641,-29.165283],[-68.982117,-29.167044],[-68.985067,-29.168424],[-68.98694,-29.169209],[-68.987319,-29.169629],[-68.988509,-29.170938],[-68.989698,-29.172723],[-68.990888,-29.17415],[-68.991959,-29.174507],[-68.993267,-29.175459],[-68.994457,-29.177125],[-68.995647,-29.178314],[-68.996718,-29.179861],[-68.997669,-29.181765],[-69.000168,-29.184382],[-69.001239,-29.186642],[-69.001125,-29.187665],[-69.000882,-29.189855],[-68.999692,-29.191758],[-68.997788,-29.194138],[-68.996599,-29.195327],[-68.99529,-29.196517],[-68.994814,-29.197469],[-68.9941,-29.198659],[-68.9941,-29.199135],[-68.9941,-29.200086],[-68.9941,-29.201151],[-68.9941,-29.201276],[-68.994219,-29.202942],[-68.994814,-29.204488],[-68.994695,-29.205916],[-68.9941,-29.206987],[-68.993862,-29.208652],[-68.993148,-29.209842],[-68.992673,-29.211746],[-68.992078,-29.212698],[-68.990888,-29.21472],[-68.988732,-29.216204],[-68.986114,-29.217108],[-68.985115,-29.220534],[-68.98389,-29.223758],[-68.982441,-29.224952],[-68.981965,-29.225666],[-68.981638,-29.226115],[-68.981584,-29.226189],[-68.981013,-29.226974],[-68.979942,-29.228402],[-68.979348,-29.229592],[-68.97911,-29.230544],[-68.979704,-29.232328],[-68.981132,-29.232923],[-68.981846,-29.233399],[-68.982917,-29.234232],[-68.983869,-29.235778],[-68.984701,-29.237682],[-68.984807,-29.237945],[-68.985415,-29.239466],[-68.985653,-29.240775],[-68.986129,-29.242322],[-68.986657,-29.242791],[-68.9872,-29.243274],[-68.987557,-29.244582],[-68.98839,-29.24601],[-68.989341,-29.247319],[-68.989817,-29.248984],[-68.99065,-29.250531],[-68.991126,-29.251602],[-68.992197,-29.255052],[-68.992197,-29.257193],[-68.991483,-29.258264],[-68.991483,-29.260882],[-68.991483,-29.261595],[-68.991245,-29.263142],[-68.990945,-29.264143],[-68.990064,-29.264602],[-68.988399,-29.266982],[-68.989717,-29.269207],[-68.990159,-29.270503],[-68.98946,-29.272797],[-68.989103,-29.273969],[-68.988746,-29.274088],[-68.986724,-29.27492],[-68.985058,-29.275277],[-68.983513,-29.27599],[-68.983093,-29.276184],[-68.982117,-29.2771],[-68.980713,-29.278809],[-68.978882,-29.279175],[-68.976013,-29.278992],[-68.974304,-29.278809],[-68.971497,-29.278076],[-68.970615,-29.278186],[-68.97052,-29.278198],[-68.970432,-29.278216],[-68.969604,-29.278381],[-68.965576,-29.281189],[-68.964033,-29.2824],[-68.961463,-29.283447],[-68.958798,-29.285256],[-68.958227,-29.286636],[-68.958038,-29.287674],[-68.960907,-29.290268],[-68.960933,-29.290299],[-68.960997,-29.290376],[-68.962096,-29.291696],[-68.962215,-29.293004],[-68.961859,-29.293956],[-68.961383,-29.296217],[-68.961145,-29.298834],[-68.961145,-29.299905],[-68.961026,-29.301213],[-68.961026,-29.30276],[-68.961026,-29.304902],[-68.961859,-29.306567],[-68.962572,-29.307995],[-68.963319,-29.309526],[-68.963319,-29.310097],[-68.962334,-29.311088],[-68.960431,-29.312992],[-68.958527,-29.314301],[-68.957576,-29.316204],[-68.957576,-29.317156],[-68.958646,-29.318227],[-68.95936,-29.31894],[-68.959717,-29.319297],[-68.960074,-29.319892],[-68.961859,-29.319654],[-68.964238,-29.317513],[-68.965869,-29.316879],[-68.967174,-29.315808],[-68.96803,-29.314238],[-68.969744,-29.313809],[-68.973399,-29.315371],[-68.97554,-29.316918],[-68.975778,-29.317513],[-68.977206,-29.319892],[-68.979071,-29.323042],[-68.982545,-29.324184],[-68.98402,-29.325088],[-68.984939,-29.326421],[-68.985108,-29.327521],[-68.985401,-29.329432],[-68.985177,-29.331076],[-68.984939,-29.332147],[-68.984939,-29.333455],[-68.984463,-29.334764],[-68.983393,-29.33643],[-68.983393,-29.337738],[-68.983036,-29.338928],[-68.982322,-29.341545],[-68.982084,-29.343449],[-68.981727,-29.344996],[-68.98137,-29.346423],[-68.980537,-29.347613],[-68.980416,-29.347786],[-68.979704,-29.348803],[-68.978515,-29.349755],[-68.977325,-29.351539],[-68.977206,-29.35261],[-68.976135,-29.3538],[-68.976135,-29.355703],[-68.975421,-29.356655],[-68.975184,-29.35844],[-68.975659,-29.359629],[-68.975659,-29.361652],[-68.974946,-29.362961],[-68.974589,-29.36415],[-68.975184,-29.365221],[-68.975421,-29.366173],[-68.976373,-29.367719],[-68.977801,-29.368552],[-68.978634,-29.369623],[-68.979348,-29.37117],[-68.982178,-29.372498],[-68.984068,-29.374343],[-68.985591,-29.376056],[-68.986638,-29.376342],[-68.989826,-29.377769],[-68.991424,-29.379405],[-68.991699,-29.379883],[-68.992614,-29.38288],[-68.992798,-29.383484],[-68.993896,-29.386291],[-68.994338,-29.387583],[-68.99469,-29.388611],[-68.995728,-29.390625],[-68.995778,-29.390753],[-68.996361,-29.392228],[-68.997788,-29.394845],[-69.000819,-29.398042],[-69.00219,-29.399723],[-69.002428,-29.401865],[-69.001358,-29.404601],[-69.001001,-29.406624],[-69.000049,-29.408765],[-68.998859,-29.411977],[-68.997669,-29.413881],[-68.996718,-29.41519],[-68.994219,-29.416141],[-68.992792,-29.417093],[-68.991959,-29.418045],[-68.98946,-29.419473],[-68.986637,-29.420061],[-68.986605,-29.420068],[-68.986447,-29.420107],[-68.985177,-29.420424],[-68.983512,-29.421495],[-68.981727,-29.421971],[-68.98018,-29.422566],[-68.979229,-29.423637],[-68.978634,-29.425064],[-68.978537,-29.425316],[-68.978039,-29.426611],[-68.977801,-29.428753],[-68.977206,-29.430299],[-68.976968,-29.433274],[-68.976968,-29.434225],[-68.976849,-29.436724],[-68.97697,-29.437288],[-68.976311,-29.439112],[-68.974905,-29.441457],[-68.974113,-29.442435],[-68.973875,-29.443386],[-68.973699,-29.444706],[-68.974217,-29.447059],[-68.975121,-29.44882],[-68.975454,-29.451057],[-68.975454,-29.453674],[-68.974872,-29.454432],[-68.974883,-29.457053],[-68.975787,-29.457672],[-68.977512,-29.458219],[-68.979214,-29.459253],[-68.980894,-29.461113],[-68.981776,-29.463577],[-68.982353,-29.464984],[-68.982339,-29.466169],[-68.98265,-29.467398],[-68.982813,-29.468613],[-68.983393,-29.469917],[-68.984225,-29.47194],[-68.984582,-29.474319],[-68.985177,-29.475866],[-68.986129,-29.477175],[-68.987438,-29.478007],[-68.988152,-29.478126],[-68.989817,-29.478126],[-68.992435,-29.47539],[-68.992792,-29.473367],[-68.993374,-29.47112],[-68.995046,-29.469605],[-68.99669,-29.467724],[-68.997771,-29.466717],[-68.998423,-29.466199],[-68.998887,-29.46593],[-68.999089,-29.465814],[-68.999533,-29.466006],[-69.000185,-29.466376],[-69.000422,-29.466821],[-69.000674,-29.468154],[-69.000866,-29.470479],[-69.000763,-29.473056],[-69.000896,-29.475307],[-69.001239,-29.477532],[-69.001444,-29.480002],[-69.001789,-29.481127],[-69.002274,-29.481769],[-69.003384,-29.482579],[-69.005769,-29.4841],[-69.006473,-29.485027],[-69.008139,-29.486692],[-69.008972,-29.489786],[-69.00921,-29.491094],[-69.009091,-29.49276],[-69.00905,-29.493612],[-69.00879,-29.494368],[-69.008597,-29.495345],[-69.00879,-29.496012],[-69.009805,-29.496924],[-69.011113,-29.498709],[-69.01227,-29.499892],[-69.014211,-29.501492],[-69.016521,-29.502588],[-69.017987,-29.503624],[-69.019409,-29.505446],[-69.019527,-29.506927],[-69.02012,-29.508956],[-69.021112,-29.510171],[-69.022949,-29.512185],[-69.024637,-29.515799],[-69.026696,-29.51879],[-69.027692,-29.52049],[-69.029592,-29.52239],[-69.029602,-29.5224],[-69.030506,-29.52286],[-69.031339,-29.523693],[-69.031339,-29.524883],[-69.031458,-29.525954],[-69.032053,-29.527619],[-69.032766,-29.52988],[-69.033242,-29.531069],[-69.03348,-29.532021],[-69.033718,-29.532973],[-69.033123,-29.534639],[-69.031577,-29.536423],[-69.030022,-29.538019],[-69.028879,-29.539191],[-69.02848,-29.540505],[-69.029051,-29.544902],[-69.030878,-29.548271],[-69.032103,-29.549288],[-69.032523,-29.550279],[-69.033004,-29.551414],[-69.033599,-29.553912],[-69.033718,-29.556054],[-69.034313,-29.558909],[-69.033837,-29.561051],[-69.034075,-29.563311],[-69.03407,-29.563413],[-69.033956,-29.565453],[-69.03348,-29.566999],[-69.033464,-29.567282],[-69.033361,-29.569022],[-69.032648,-29.570687],[-69.032648,-29.571639],[-69.032053,-29.572948],[-69.031815,-29.574257],[-69.031815,-29.575208],[-69.031821,-29.57531],[-69.031934,-29.577112],[-69.032529,-29.579491],[-69.032529,-29.580562],[-69.032328,-29.581285],[-69.031934,-29.582704],[-69.031023,-29.584893],[-69.029698,-29.58739],[-69.028584,-29.588735],[-69.024895,-29.590656],[-69.024262,-29.591712],[-69.02313,-29.593649],[-69.023075,-29.594303],[-69.023011,-29.595077],[-69.023011,-29.595672],[-69.02313,-29.597813],[-69.023051,-29.601529],[-69.022956,-29.602812],[-69.022821,-29.604641],[-69.022434,-29.606729],[-69.02138,-29.61292],[-69.021123,-29.616037],[-69.021107,-29.616224],[-69.021107,-29.616676],[-69.021107,-29.616849],[-69.020997,-29.617086],[-69.020274,-29.618634],[-69.019659,-29.619933],[-69.019204,-29.620894],[-69.019204,-29.621299],[-69.019204,-29.621355],[-69.019204,-29.623736],[-69.019204,-29.623907],[-69.019204,-29.624225],[-69.019679,-29.625415],[-69.020382,-29.627805],[-69.020739,-29.628484],[-69.02081,-29.630625],[-69.020789,-29.631474],[-69.020688,-29.635544],[-69.020577,-29.636299],[-69.020676,-29.636877],[-69.021017,-29.638868],[-69.02047,-29.642522],[-69.019078,-29.652608],[-69.017065,-29.655342],[-69.015144,-29.657525],[-69.014194,-29.658734],[-69.014142,-29.659907],[-69.014741,-29.660926],[-69.016797,-29.663966],[-69.017738,-29.665779],[-69.017851,-29.666321],[-69.018812,-29.667114],[-69.019969,-29.668152],[-69.022211,-29.67047],[-69.024536,-29.673095],[-69.026397,-29.675422],[-69.027461,-29.677488],[-69.027431,-29.680194],[-69.02676,-29.682459],[-69.025965,-29.685003],[-69.025036,-29.687619],[-69.023807,-29.690939],[-69.022702,-29.693529],[-69.019892,-29.693132],[-69.016523,-29.693647],[-69.015025,-29.695659],[-69.014768,-29.699123],[-69.015471,-29.702289],[-69.016319,-29.705735],[-69.018107,-29.711888],[-69.019431,-29.714648],[-69.021653,-29.717517],[-69.022481,-29.719267],[-69.022998,-29.72163],[-69.022998,-29.723416],[-69.022565,-29.726168],[-69.022286,-29.728604],[-69.021439,-29.72984],[-69.019961,-29.731392],[-69.01899,-29.732511],[-69.01869,-29.734784],[-69.018592,-29.737305],[-69.018546,-29.738456],[-69.018743,-29.740152],[-69.018791,-29.740306],[-69.01951,-29.742616],[-69.019964,-29.744076],[-69.021184,-29.747774],[-69.022932,-29.752023],[-69.023998,-29.754847],[-69.032054,-29.761755],[-69.029548,-29.783633],[-69.026828,-29.783518],[-69.022485,-29.783336],[-69.021886,-29.787531],[-69.022175,-29.788352],[-69.023582,-29.790544],[-69.025093,-29.793936],[-69.02497,-29.797427],[-69.024226,-29.801135],[-69.020495,-29.812665],[-69.020123,-29.814839],[-69.020164,-29.816679],[-69.027884,-29.825212],[-69.029935,-29.831869],[-69.029946,-29.836226],[-69.026026,-29.842163],[-69.023347,-29.847423],[-69.024448,-29.861929],[-69.026975,-29.868198],[-69.027669,-29.871184],[-69.025165,-29.873467],[-69.023996,-29.875163],[-69.020973,-29.8751],[-69.017599,-29.876932],[-69.015011,-29.879125],[-69.014391,-29.881461],[-69.016338,-29.888119],[-69.017694,-29.890094],[-69.01756,-29.892503],[-69.018586,-29.897573],[-69.019415,-29.900351],[-69.021031,-29.903779],[-69.024045,-29.908325],[-69.032302,-29.921981],[-69.033898,-29.924741],[-69.034566,-29.926234],[-69.035048,-29.927312],[-69.036085,-29.930478],[-69.036884,-29.934889],[-69.037714,-29.938263],[-69.039904,-29.94962],[-69.040008,-29.951018],[-69.039739,-29.952191],[-69.038943,-29.954139],[-69.037752,-29.955809],[-69.036375,-29.95755],[-69.035091,-29.961033],[-69.034056,-29.963938],[-69.032834,-29.965769],[-69.032162,-29.968701],[-69.031541,-29.972833],[-69.030683,-29.977506],[-69.030031,-29.981043],[-69.02999,-29.981273],[-69.029762,-29.982531],[-69.029866,-29.984434],[-69.030406,-29.98604],[-69.032729,-29.991236],[-69.038577,-30.00021],[-69.045366,-30.012687],[-69.066616,-30.051735],[-69.071504,-30.072382],[-69.065432,-30.112546],[-69.049724,-30.197366],[-69.048383,-30.206021],[-69.043049,-30.240445],[-69.041729,-30.248967],[-69.041962,-30.255087],[-69.042958,-30.281162],[-69.03916,-30.294901],[-69.06624,-30.3275],[-69.065772,-30.327951],[-69.049558,-30.343555],[-69.052429,-30.362966],[-69.056235,-30.374084],[-69.063017,-30.393892],[-69.060675,-30.426268],[-69.062253,-30.468311],[-69.057072,-30.495365],[-69.028522,-30.52402],[-69.013655,-30.53894],[-69.063766,-30.538952],[-69.066462,-30.541739],[-69.066523,-30.544376],[-69.061431,-30.551477],[-69.061373,-30.55315],[-69.061843,-30.555279],[-69.058797,-30.556599],[-69.058974,-30.558171],[-69.058506,-30.559692],[-69.057452,-30.560757],[-69.056633,-30.563293],[-69.057513,-30.565017],[-69.058276,-30.567298],[-69.058102,-30.569529],[-69.059099,-30.570948],[-69.059335,-30.573078],[-69.057519,-30.574397],[-69.056465,-30.575817],[-69.056583,-30.577389],[-69.057228,-30.57825],[-69.061683,-30.580429],[-69.061626,-30.582254],[-69.060806,-30.583573],[-69.05776,-30.585906],[-69.058055,-30.588847],[-69.059404,-30.591204],[-69.056241,-30.594527],[-69.055774,-30.596454],[-69.053811,-30.599116],[-69.053785,-30.603502],[-69.055662,-30.605631],[-69.058418,-30.607405],[-69.055664,-30.609485],[-69.055374,-30.615113],[-69.055183,-30.617981],[-69.054674,-30.620893],[-69.053912,-30.622516],[-69.053093,-30.6249],[-69.0528,-30.625711],[-69.053153,-30.627536],[-69.053857,-30.629108],[-69.113721,-30.629576],[-69.112551,-30.631757],[-69.112436,-30.63409],[-69.11115,-30.63688],[-69.105643,-30.641701],[-69.105528,-30.643831],[-69.106763,-30.646669],[-69.106765,-30.648596],[-69.105711,-30.649915],[-69.103957,-30.655392],[-69.102904,-30.658232],[-69.108072,-30.663603],[-69.106201,-30.669435],[-69.105032,-30.673087],[-69.103979,-30.676079],[-69.104274,-30.677752],[-69.103105,-30.681505],[-69.102698,-30.684953],[-69.103755,-30.685966],[-69.101006,-30.693726],[-69.101594,-30.695095],[-69.095789,-30.698243],[-69.09538,-30.699916],[-69.096206,-30.705341],[-69.094391,-30.709348],[-69.094746,-30.711528],[-69.093692,-30.714621],[-69.090114,-30.716297],[-69.088826,-30.719543],[-69.088476,-30.721673],[-69.090709,-30.724815],[-69.08895,-30.726641],[-69.088776,-30.729278],[-69.091771,-30.731],[-69.090131,-30.734043],[-69.09113,-30.736172],[-69.090727,-30.743575],[-69.09026,-30.746769],[-69.08985,-30.748138],[-69.090909,-30.749861],[-69.090969,-30.751535],[-69.09232,-30.752953],[-69.094024,-30.754118],[-69.092325,-30.757364],[-69.093442,-30.75924],[-69.093443,-30.760609],[-69.092681,-30.761927],[-69.093857,-30.764005],[-69.092861,-30.765629],[-69.093039,-30.767859],[-69.094274,-30.770039],[-69.096683,-30.771152],[-69.098152,-30.772774],[-69.099327,-30.773178],[-69.10168,-30.777334],[-69.101155,-30.780732],[-69.100747,-30.783368],[-69.100221,-30.785904],[-69.099343,-30.788237],[-69.102046,-30.789908],[-69.103223,-30.792037],[-69.103754,-30.794774],[-69.226069,-30.745395],[-69.335422,-30.698435],[-69.435221,-30.681619],[-69.45115,-30.680289],[-69.484871,-30.677472],[-69.514306,-30.675921],[-69.533628,-30.674902],[-69.540207,-30.673927],[-69.601123,-30.664896],[-69.603969,-30.664474],[-69.60391,-30.663374],[-69.603903,-30.663328],[-69.603726,-30.662184],[-69.60414,-30.660044],[-69.605022,-30.659247],[-69.606798,-30.657976],[-69.608022,-30.656734],[-69.609463,-30.655257],[-69.610277,-30.653774],[-69.611132,-30.651903],[-69.611689,-30.650881],[-69.612919,-30.649071],[-69.613976,-30.647948],[-69.615907,-30.646577],[-69.619538,-30.645017],[-69.62066,-30.644236],[-69.623032,-30.641645],[-69.62554,-30.639044],[-69.62832,-30.636559],[-69.629978,-30.634946],[-69.630678,-30.633463],[-69.630389,-30.632418],[-69.629778,-30.63142],[-69.629685,-30.62995],[-69.629921,-30.627793],[-69.630478,-30.626817],[-69.632139,-30.624057],[-69.634122,-30.622596],[-69.637507,-30.620234],[-69.638817,-30.619749],[-69.642752,-30.618639],[-69.644823,-30.61788],[-69.646236,-30.617079],[-69.647958,-30.61569],[-69.648619,-30.614731],[-69.650495,-30.613089],[-69.661766,-30.609632],[-69.666871,-30.608929],[-69.666574,-30.606667],[-69.666799,-30.606043],[-69.66788,-30.603936],[-69.668468,-30.603139],[-69.670723,-30.601928],[-69.674771,-30.602331],[-69.678137,-30.603432],[-69.681178,-30.605896],[-69.682444,-30.60653],[-69.684969,-30.606706],[-69.68639,-30.607051],[-69.693173,-30.610785],[-69.702733,-30.61472],[-69.702198,-30.611431],[-69.702513,-30.61023],[-69.703624,-30.608149],[-69.704731,-30.60688],[-69.706092,-30.606233],[-69.709324,-30.606098],[-69.711093,-30.605583],[-69.713546,-30.60317],[-69.71777,-30.601858],[-69.721526,-30.600691],[-69.72629,-30.592132],[-69.726345,-30.591094],[-69.726442,-30.588802],[-69.726122,-30.587794],[-69.72251,-30.582254],[-69.718951,-30.576794],[-69.718598,-30.575569],[-69.719175,-30.573211],[-69.721135,-30.57044],[-69.723329,-30.56682],[-69.725178,-30.557655],[-69.726058,-30.556811],[-69.72873,-30.554505],[-69.729501,-30.551714],[-69.729138,-30.549154],[-69.72839,-30.541067],[-69.727934,-30.540096],[-69.726499,-30.539003],[-69.724985,-30.538714],[-69.713119,-30.537688],[-69.712023,-30.537324],[-69.71228,-30.536863],[-69.713895,-30.536917],[-69.721341,-30.537616],[-69.722987,-30.53767],[-69.725645,-30.537781],[-69.727052,-30.537701],[-69.729834,-30.537713],[-69.731363,-30.537389],[-69.73387,-30.536806],[-69.735411,-30.53659],[-69.73753,-30.535748],[-69.73861,-30.535237],[-69.74397,-30.531644],[-69.746432,-30.529276],[-69.747194,-30.528135],[-69.747719,-30.525949],[-69.747791,-30.524523],[-69.747931,-30.521014],[-69.748078,-30.519813],[-69.748251,-30.51928],[-69.748889,-30.518257],[-69.750897,-30.51508],[-69.754869,-30.508734],[-69.757508,-30.502459],[-69.758431,-30.496635],[-69.759407,-30.493545],[-69.757358,-30.487144],[-69.755573,-30.48397],[-69.755066,-30.48299],[-69.7541,-30.480668],[-69.753884,-30.479623],[-69.75343,-30.477497],[-69.752986,-30.476616],[-69.751917,-30.47443],[-69.750943,-30.473606],[-69.751061,-30.471332],[-69.751425,-30.469968],[-69.752514,-30.468112],[-69.753443,-30.467016],[-69.755235,-30.465733],[-69.756852,-30.464876],[-69.758793,-30.464035],[-69.759998,-30.463595],[-69.76118,-30.46302],[-69.762059,-30.462293],[-69.762356,-30.461552],[-69.762791,-30.460007],[-69.763316,-30.457821],[-69.764833,-30.452121],[-69.765167,-30.450874],[-69.768217,-30.446914],[-69.775873,-30.442115],[-69.776512,-30.4413],[-69.777808,-30.439299],[-69.778102,-30.438332],[-69.781875,-30.433736],[-69.782208,-30.432372],[-69.782033,-30.422189],[-69.780504,-30.419682],[-69.784678,-30.417131],[-69.788268,-30.415757],[-69.79178,-30.415149],[-69.795982,-30.414745],[-69.799741,-30.413721],[-69.801736,-30.412094],[-69.804125,-30.410239],[-69.807277,-30.40829],[-69.808235,-30.407697],[-69.811192,-30.405334],[-69.81271,-30.402708],[-69.812594,-30.401221],[-69.812389,-30.397767],[-69.812952,-30.394219],[-69.816284,-30.388164],[-69.817573,-30.384277],[-69.827231,-30.368612],[-69.823499,-30.360211],[-69.825464,-30.356446],[-69.825395,-30.353127],[-69.826678,-30.3486],[-69.825369,-30.347526],[-69.822958,-30.345331],[-69.822713,-30.339623],[-69.822901,-30.338449],[-69.822645,-30.336448],[-69.823646,-30.32817],[-69.823703,-30.327503],[-69.822673,-30.321231],[-69.822848,-30.319941],[-69.822957,-30.319137],[-69.825317,-30.3092],[-69.825651,-30.308043],[-69.829506,-30.295517],[-69.829975,-30.294377],[-69.831267,-30.292348],[-69.831479,-30.291517],[-69.833421,-30.29017],[-69.834363,-30.289686],[-69.838588,-30.289009],[-69.847762,-30.284927],[-69.84918,-30.284332],[-69.851067,-30.283878],[-69.851493,-30.283776],[-69.853083,-30.283675],[-69.855579,-30.28392],[-69.857137,-30.28382],[-69.858424,-30.283586],[-69.861144,-30.283207],[-69.862629,-30.283152],[-69.864649,-30.28359],[-69.866271,-30.283625],[-69.872182,-30.282079],[-69.874181,-30.281371],[-69.875859,-30.280765],[-69.876944,-30.279982],[-69.877852,-30.279227],[-69.87852,-30.278456],[-69.879123,-30.277333],[-69.879697,-30.276409],[-69.880125,-30.275432],[-69.880419,-30.274663],[-69.880922,-30.273965],[-69.881592,-30.273312],[-69.882326,-30.272856],[-69.882995,-30.272587],[-69.883216,-30.272498],[-69.883525,-30.272307],[-69.883519,-30.272293],[-69.883472,-30.271922],[-69.883443,-30.271694],[-69.883548,-30.271427],[-69.883682,-30.271208],[-69.883768,-30.271024],[-69.883785,-30.270986],[-69.883861,-30.270824],[-69.883916,-30.270706],[-69.883983,-30.269301],[-69.883988,-30.268714],[-69.883989,-30.268651],[-69.88399,-30.268502],[-69.883991,-30.268352],[-69.88395,-30.267795],[-69.88372,-30.267503],[-69.883119,-30.267002],[-69.882939,-30.266735],[-69.882846,-30.266189],[-69.882805,-30.265764],[-69.882444,-30.265143],[-69.882207,-30.264584],[-69.881898,-30.264037],[-69.88166,-30.263859],[-69.881422,-30.26368],[-69.880684,-30.263347],[-69.880089,-30.263014],[-69.880008,-30.262811],[-69.879756,-30.262181],[-69.879042,-30.260158],[-69.878757,-30.258802],[-69.878576,-30.258318],[-69.878648,-30.25792],[-69.878691,-30.257563],[-69.878819,-30.25732],[-69.879761,-30.256435],[-69.880061,-30.256221],[-69.880432,-30.255807],[-69.881332,-30.254608],[-69.881617,-30.254122],[-69.881931,-30.253937],[-69.882516,-30.253454],[-69.883186,-30.252751],[-69.883597,-30.252317],[-69.883602,-30.252312],[-69.884244,-30.251866],[-69.884673,-30.251481],[-69.885093,-30.250945],[-69.885796,-30.249606],[-69.886498,-30.24877],[-69.887101,-30.247866],[-69.887301,-30.246628],[-69.887257,-30.245927],[-69.887,-30.245271],[-69.886521,-30.244142],[-69.8865,-30.243129],[-69.886671,-30.242429],[-69.886885,-30.241958],[-69.888242,-30.239931],[-69.888484,-30.239531],[-69.888584,-30.238932],[-69.888527,-30.23866],[-69.888238,-30.238296],[-69.887703,-30.237761],[-69.887305,-30.237246],[-69.887219,-30.237135],[-69.887134,-30.237025],[-69.886632,-30.236489],[-69.885896,-30.236054],[-69.885679,-30.235937],[-69.885461,-30.23582],[-69.885206,-30.235066],[-69.885203,-30.234855],[-69.8852,-30.234644],[-69.885193,-30.234114],[-69.885462,-30.233534],[-69.885634,-30.233462],[-69.885767,-30.233224],[-69.885958,-30.232815],[-69.886024,-30.232443],[-69.886062,-30.232234],[-69.885958,-30.231587],[-69.885908,-30.231438],[-69.885916,-30.231054],[-69.886043,-30.230882],[-69.886205,-30.230768],[-69.886591,-30.230571],[-69.886883,-30.230519],[-69.887085,-30.230494],[-69.887414,-30.230294],[-69.887699,-30.229952],[-69.887985,-30.229495],[-69.888013,-30.228952],[-69.888013,-30.22851],[-69.887893,-30.228061],[-69.887789,-30.227566],[-69.88771,-30.227369],[-69.887677,-30.225579],[-69.887903,-30.224448],[-69.887903,-30.223972],[-69.887612,-30.22342],[-69.88742,-30.223056],[-69.887101,-30.222503],[-69.88667,-30.221942],[-69.886023,-30.220736],[-69.885511,-30.22027],[-69.88546,-30.220113],[-69.88526,-30.219491],[-69.885099,-30.219158],[-69.885035,-30.218583],[-69.884905,-30.21844],[-69.884643,-30.218262],[-69.884346,-30.218285],[-69.883989,-30.218309],[-69.883515,-30.218033],[-69.883453,-30.218019],[-69.883102,-30.217729],[-69.882668,-30.216882],[-69.882359,-30.216501],[-69.881322,-30.215868],[-69.881011,-30.21561],[-69.880309,-30.215272],[-69.879682,-30.214788],[-69.879092,-30.214715],[-69.877999,-30.214472],[-69.877196,-30.214104],[-69.87685,-30.213878],[-69.876588,-30.21342],[-69.87641,-30.213336],[-69.876058,-30.213267],[-69.874486,-30.213033],[-69.87288,-30.212565],[-69.872277,-30.212163],[-69.871106,-30.21136],[-69.870203,-30.210992],[-69.869099,-30.210825],[-69.868689,-30.210825],[-69.868272,-30.211052],[-69.867085,-30.210992],[-69.865765,-30.211516],[-69.864798,-30.212265],[-69.864382,-30.212587],[-69.864049,-30.212896],[-69.863537,-30.213193],[-69.863042,-30.213468],[-69.862809,-30.2136],[-69.862407,-30.21405],[-69.862002,-30.214466],[-69.86187,-30.214509],[-69.861015,-30.214859],[-69.85993,-30.214907],[-69.859679,-30.214773],[-69.859428,-30.214639],[-69.858849,-30.214098],[-69.858357,-30.214003],[-69.857629,-30.214087],[-69.857327,-30.21455],[-69.85697,-30.21501],[-69.856315,-30.216215],[-69.854978,-30.217751],[-69.853606,-30.218153],[-69.851966,-30.218253],[-69.850762,-30.217918],[-69.849289,-30.217684],[-69.848036,-30.217471],[-69.847452,-30.217714],[-69.846928,-30.218071],[-69.845655,-30.218702],[-69.845215,-30.219023],[-69.844858,-30.219273],[-69.844418,-30.219511],[-69.844049,-30.219582],[-69.843633,-30.21982],[-69.84324,-30.219999],[-69.842752,-30.220082],[-69.841632,-30.220034],[-69.841058,-30.22006],[-69.83972,-30.220093],[-69.838047,-30.219893],[-69.836942,-30.219625],[-69.836641,-30.219625],[-69.83634,-30.219625],[-69.835823,-30.219773],[-69.835555,-30.220034],[-69.835045,-30.219944],[-69.835043,-30.219606],[-69.835007,-30.219095],[-69.834865,-30.218773],[-69.8346,-30.218521],[-69.834237,-30.218292],[-69.833964,-30.218119],[-69.833832,-30.218007],[-69.833529,-30.217751],[-69.833334,-30.217252],[-69.833228,-30.216981],[-69.833074,-30.216839],[-69.832941,-30.216716],[-69.832793,-30.21658],[-69.832756,-30.216365],[-69.832626,-30.21561],[-69.832425,-30.214639],[-69.832191,-30.213234],[-69.832133,-30.212098],[-69.832128,-30.212014],[-69.832124,-30.211929],[-69.832024,-30.210958],[-69.831689,-30.209587],[-69.831354,-30.20865],[-69.830905,-30.208097],[-69.830297,-30.206859],[-69.830121,-30.206502],[-69.829982,-30.20624],[-69.829587,-30.205645],[-69.829213,-30.205136],[-69.829208,-30.205131],[-69.829202,-30.205127],[-69.828811,-30.204768],[-69.828661,-30.204601],[-69.82851,-30.204434],[-69.828537,-30.204023],[-69.828541,-30.203977],[-69.828544,-30.203932],[-69.828778,-30.202894],[-69.828711,-30.201824],[-69.828701,-30.201781],[-69.828691,-30.201738],[-69.828544,-30.201121],[-69.828242,-30.200318],[-69.827941,-30.199548],[-69.827707,-30.198912],[-69.827607,-30.197641],[-69.827439,-30.196403],[-69.827138,-30.1957],[-69.826603,-30.195299],[-69.82653,-30.195244],[-69.826183,-30.195156],[-69.826089,-30.195013],[-69.826067,-30.194897],[-69.826083,-30.194647],[-69.826218,-30.194392],[-69.826289,-30.194028],[-69.826332,-30.193728],[-69.826232,-30.193114],[-69.825975,-30.19265],[-69.825618,-30.192336],[-69.825068,-30.191843],[-69.82439,-30.191365],[-69.823881,-30.191062],[-69.823826,-30.191016],[-69.822166,-30.190416],[-69.822146,-30.190406],[-69.822126,-30.190395],[-69.82145,-30.190179],[-69.820814,-30.189945],[-69.820379,-30.189878],[-69.820212,-30.189761],[-69.820044,-30.189644],[-69.819643,-30.189242],[-69.819616,-30.189188],[-69.819589,-30.189134],[-69.819384,-30.188725],[-69.8193,-30.188031],[-69.819243,-30.187803],[-69.819172,-30.18751],[-69.819179,-30.18721],[-69.81925,-30.186982],[-69.819507,-30.186654],[-69.819736,-30.186447],[-69.820037,-30.186136],[-69.820111,-30.186097],[-69.820859,-30.185823],[-69.821651,-30.185428],[-69.822196,-30.185194],[-69.822537,-30.184969],[-69.822927,-30.184712],[-69.823112,-30.184483],[-69.823105,-30.184234],[-69.82302,-30.184034],[-69.822784,-30.183877],[-69.822459,-30.183744],[-69.82172,-30.183134],[-69.821139,-30.182756],[-69.820985,-30.182428],[-69.820707,-30.182199],[-69.820485,-30.182028],[-69.820128,-30.181703],[-69.819001,-30.180786],[-69.818505,-30.180609],[-69.817803,-30.180308],[-69.817619,-30.180224],[-69.817434,-30.180141],[-69.8171,-30.179873],[-69.817018,-30.179661],[-69.817088,-30.179508],[-69.817152,-30.179308],[-69.81738,-30.17903],[-69.81768,-30.17883],[-69.817923,-30.178701],[-69.818308,-30.178509],[-69.818451,-30.178352],[-69.818758,-30.17813],[-69.819036,-30.177995],[-69.819579,-30.177659],[-69.819872,-30.177431],[-69.820252,-30.177118],[-69.820346,-30.177062],[-69.82067,-30.176785],[-69.820814,-30.176661],[-69.820823,-30.176645],[-69.821271,-30.176167],[-69.821513,-30.175732],[-69.821785,-30.175339],[-69.822034,-30.175204],[-69.822291,-30.174975],[-69.82257,-30.17469],[-69.823341,-30.174019],[-69.823448,-30.173862],[-69.823462,-30.173633],[-69.823448,-30.173376],[-69.823334,-30.173241],[-69.822769,-30.172917],[-69.822253,-30.172612],[-69.822143,-30.172561],[-69.822034,-30.17251],[-69.821703,-30.172355],[-69.821428,-30.172056],[-69.821292,-30.171891],[-69.821217,-30.171508],[-69.821433,-30.171072],[-69.821678,-30.170942],[-69.82207,-30.170664],[-69.82269,-30.170504],[-69.822819,-30.170454],[-69.82356,-30.170157],[-69.823726,-30.170028],[-69.823893,-30.169898],[-69.82404,-30.169621],[-69.824023,-30.169195],[-69.82399,-30.169065],[-69.824217,-30.16886],[-69.824356,-30.168621],[-69.824364,-30.168564],[-69.82474,-30.168258],[-69.824917,-30.16764],[-69.826039,-30.166221],[-69.827311,-30.164916],[-69.828448,-30.163611],[-69.828783,-30.163009],[-69.828783,-30.162272],[-69.828716,-30.162172],[-69.828649,-30.162072],[-69.827779,-30.161971],[-69.826204,-30.16158],[-69.826147,-30.161616],[-69.826091,-30.161651],[-69.8246,-30.161302],[-69.823831,-30.161068],[-69.82358,-30.161168],[-69.823329,-30.161269],[-69.822325,-30.161369],[-69.821388,-30.161436],[-69.820485,-30.161135],[-69.820234,-30.160967],[-69.819983,-30.1608],[-69.819682,-30.160097],[-69.819748,-30.158993],[-69.820217,-30.157956],[-69.820016,-30.157789],[-69.819815,-30.157621],[-69.818577,-30.15722],[-69.818554,-30.157212],[-69.818531,-30.157205],[-69.815633,-30.156283],[-69.814227,-30.155714],[-69.813224,-30.155547],[-69.812354,-30.15558],[-69.811417,-30.155848],[-69.810379,-30.155814],[-69.809777,-30.155413],[-69.809442,-30.154777],[-69.809242,-30.154041],[-69.809041,-30.153372],[-69.809208,-30.153154],[-69.809376,-30.152937],[-69.810346,-30.152602],[-69.810781,-30.152],[-69.810928,-30.151816],[-69.811074,-30.151632],[-69.81135,-30.150929],[-69.81135,-30.14929],[-69.810982,-30.148085],[-69.810279,-30.147115],[-69.809811,-30.146245],[-69.809744,-30.145542],[-69.809744,-30.144839],[-69.810312,-30.14427],[-69.811116,-30.143835],[-69.811718,-30.143768],[-69.811919,-30.143618],[-69.812119,-30.143467],[-69.811986,-30.142765],[-69.811902,-30.142564],[-69.811818,-30.142363],[-69.811526,-30.141669],[-69.811634,-30.141498],[-69.811743,-30.141328],[-69.812578,-30.140048],[-69.812755,-30.139418],[-69.813525,-30.13885],[-69.81396,-30.13798],[-69.81406,-30.137796],[-69.81416,-30.137612],[-69.814897,-30.137612],[-69.8158,-30.137946],[-69.816101,-30.137963],[-69.816402,-30.13798],[-69.81744,-30.136809],[-69.818042,-30.135939],[-69.818644,-30.135069],[-69.818862,-30.134289],[-69.819046,-30.133362],[-69.819046,-30.133195],[-69.819046,-30.133027],[-69.818387,-30.13258],[-69.818243,-30.131923],[-69.818109,-30.131739],[-69.817975,-30.131555],[-69.817861,-30.131485],[-69.81754,-30.131287],[-69.81744,-30.131053],[-69.817339,-30.130819],[-69.817306,-30.130183],[-69.817339,-30.129748],[-69.817356,-30.129714],[-69.817369,-30.129689],[-69.81754,-30.129347],[-69.81754,-30.128878],[-69.81754,-30.128778],[-69.817429,-30.128587],[-69.817306,-30.128376],[-69.81744,-30.127941],[-69.817637,-30.127904],[-69.817684,-30.127896],[-69.817975,-30.127841],[-69.818912,-30.127774],[-69.819481,-30.127807],[-69.819553,-30.127812],[-69.819625,-30.127816],[-69.820585,-30.127874],[-69.821656,-30.127874],[-69.823831,-30.127339],[-69.824768,-30.126937],[-69.825537,-30.126569],[-69.82711,-30.126101],[-69.827285,-30.126045],[-69.827945,-30.125837],[-69.828851,-30.125409],[-69.829017,-30.125331],[-69.830523,-30.125331],[-69.831828,-30.125398],[-69.833501,-30.125867],[-69.834973,-30.126469],[-69.83678,-30.127607],[-69.838119,-30.128744],[-69.839792,-30.129313],[-69.841231,-30.129614],[-69.843305,-30.129849],[-69.845212,-30.129949],[-69.846718,-30.129949],[-69.846905,-30.129939],[-69.847923,-30.129882],[-69.848525,-30.129514],[-69.848994,-30.129046],[-69.849797,-30.128343],[-69.850031,-30.128276],[-69.850265,-30.128209],[-69.850767,-30.127473],[-69.851503,-30.126235],[-69.852507,-30.124997],[-69.853346,-30.124632],[-69.85474,-30.124461],[-69.855636,-30.124351],[-69.856255,-30.124227],[-69.857225,-30.124093],[-69.85843,-30.123926],[-69.859166,-30.123391],[-69.859735,-30.122621],[-69.860036,-30.121784],[-69.86027,-30.120747],[-69.860571,-30.119911],[-69.860872,-30.119844],[-69.861173,-30.119777],[-69.861608,-30.119208],[-69.862278,-30.118606],[-69.862512,-30.118405],[-69.862746,-30.118204],[-69.863744,-30.117963],[-69.864453,-30.117769],[-69.865356,-30.117535],[-69.866025,-30.117334],[-69.866142,-30.11715],[-69.86626,-30.116966],[-69.866411,-30.115795],[-69.866728,-30.114791],[-69.86693,-30.114463],[-69.867263,-30.113921],[-69.867933,-30.113486],[-69.868936,-30.113018],[-69.86912,-30.113018],[-69.869304,-30.113018],[-69.870208,-30.112348],[-69.871111,-30.11178],[-69.871747,-30.111545],[-69.872751,-30.111512],[-69.87419,-30.111411],[-69.874441,-30.111261],[-69.874692,-30.11111],[-69.875361,-30.11091],[-69.876398,-30.11091],[-69.877369,-30.11091],[-69.878192,-30.111192],[-69.879024,-30.110842],[-69.879644,-30.110642],[-69.880146,-30.109906],[-69.88038,-30.109705],[-69.880614,-30.109504],[-69.881819,-30.109203],[-69.883358,-30.109002],[-69.88463,-30.108969],[-69.885935,-30.109002],[-69.888377,-30.109069],[-69.889649,-30.10917],[-69.891288,-30.109303],[-69.89266,-30.108902],[-69.894534,-30.108132],[-69.897245,-30.107195],[-69.899654,-30.106225],[-69.900992,-30.106258],[-69.902264,-30.106292],[-69.903502,-30.106125],[-69.90474,-30.106125],[-69.905677,-30.10676],[-69.907183,-30.107363],[-69.909123,-30.108032],[-69.909374,-30.108166],[-69.909625,-30.1083],[-69.910227,-30.108835],[-69.910462,-30.109437],[-69.910495,-30.109688],[-69.910529,-30.109939],[-69.911064,-30.11014],[-69.912369,-30.11024],[-69.913741,-30.11024],[-69.915314,-30.110307],[-69.916117,-30.110408],[-69.917723,-30.111211],[-69.918325,-30.111913],[-69.918827,-30.112683],[-69.919229,-30.113386],[-69.920099,-30.113854],[-69.921002,-30.114323],[-69.921187,-30.114463],[-69.921839,-30.114958],[-69.922374,-30.115996],[-69.923043,-30.116431],[-69.924114,-30.116899],[-69.925352,-30.117368],[-69.926356,-30.117936],[-69.92833,-30.119041],[-69.929869,-30.11981],[-69.931475,-30.119911],[-69.932646,-30.120111],[-69.933416,-30.120346],[-69.934219,-30.120346],[-69.935223,-30.119978],[-69.936093,-30.120078],[-69.936963,-30.119743],[-69.937632,-30.119409],[-69.938603,-30.118873],[-69.939506,-30.118606],[-69.939707,-30.118489],[-69.939908,-30.118371],[-69.940376,-30.117836],[-69.941012,-30.117066],[-69.941229,-30.116966],[-69.941447,-30.116866],[-69.941949,-30.117033],[-69.942518,-30.116732],[-69.943321,-30.115895],[-69.943956,-30.114925],[-69.944482,-30.114518],[-69.944491,-30.114466],[-69.944491,-30.114463],[-69.9445,-30.114415],[-69.945161,-30.113988],[-69.945496,-30.113285],[-69.945362,-30.112616],[-69.944425,-30.111278],[-69.943287,-30.109136],[-69.942749,-30.108412],[-69.942216,-30.10743],[-69.941748,-30.106359],[-69.941714,-30.105556],[-69.942049,-30.104786],[-69.942216,-30.104217],[-69.942216,-30.104067],[-69.942216,-30.103916],[-69.942121,-30.10313],[-69.942219,-30.102921],[-69.942317,-30.102712],[-69.942584,-30.101741],[-69.942451,-30.101139],[-69.942434,-30.100921],[-69.942417,-30.100704],[-69.94252,-30.099786],[-69.942451,-30.098261],[-69.942651,-30.096856],[-69.942986,-30.095852],[-69.943588,-30.094514],[-69.944224,-30.093242],[-69.944793,-30.092606],[-69.944943,-30.09264],[-69.945094,-30.092673],[-69.947202,-30.092506],[-69.949411,-30.092573],[-69.950716,-30.092439],[-69.9509,-30.092506],[-69.951084,-30.092573],[-69.951853,-30.09274],[-69.953125,-30.092606],[-69.954028,-30.092205],[-69.955467,-30.091536],[-69.956839,-30.0909],[-69.957542,-30.090732],[-69.958091,-30.090755],[-69.958558,-30.090652],[-69.958852,-30.090482],[-69.959085,-30.090326],[-69.959183,-30.090124],[-69.95924,-30.089851],[-69.959208,-30.089354],[-69.959199,-30.089117],[-69.959216,-30.088962],[-69.959315,-30.088695],[-69.959458,-30.08835],[-69.959756,-30.087992],[-69.95997,-30.087877],[-69.960378,-30.087843],[-69.960893,-30.087875],[-69.961253,-30.087917],[-69.961584,-30.088033],[-69.96192,-30.088119],[-69.962405,-30.088257],[-69.962903,-30.088514],[-69.963242,-30.088699],[-69.963567,-30.088598],[-69.963621,-30.088492],[-69.963702,-30.088326],[-69.963744,-30.088123],[-69.963748,-30.087791],[-69.963776,-30.087551],[-69.963876,-30.087373],[-69.964032,-30.087214],[-69.964326,-30.08695],[-69.96457,-30.086705],[-69.964769,-30.086388],[-69.964839,-30.086148],[-69.964931,-30.085905],[-69.965013,-30.085786],[-69.96513,-30.085666],[-69.965278,-30.085542],[-69.96532,-30.08545],[-69.96532,-30.085342],[-69.96526,-30.08528],[-69.965159,-30.085179],[-69.964981,-30.085044],[-69.964877,-30.084964],[-69.964702,-30.084852],[-69.964455,-30.084746],[-69.964287,-30.084707],[-69.963727,-30.084567],[-69.963373,-30.084492],[-69.963228,-30.084455],[-69.962795,-30.084292],[-69.962042,-30.083995],[-69.961346,-30.083658],[-69.961243,-30.083619],[-69.960629,-30.083386],[-69.96029,-30.083228],[-69.959942,-30.083065],[-69.95947,-30.082732],[-69.959168,-30.082368],[-69.958882,-30.081711],[-69.958854,-30.081287],[-69.958842,-30.081107],[-69.958839,-30.081058],[-69.958341,-30.079589],[-69.958242,-30.079186],[-69.958077,-30.078385],[-69.958545,-30.076846],[-69.959215,-30.075909],[-69.959399,-30.075675],[-69.959583,-30.075441],[-69.959939,-30.075263],[-69.960252,-30.075106],[-69.960553,-30.075039],[-69.960587,-30.074604],[-69.960553,-30.074002],[-69.960553,-30.073885],[-69.960553,-30.073768],[-69.96102,-30.073768],[-69.961189,-30.073768],[-69.961466,-30.073655],[-69.961744,-30.073543],[-69.962561,-30.073366],[-69.962711,-30.073115],[-69.962862,-30.072864],[-69.962762,-30.072028],[-69.962628,-30.071793],[-69.962494,-30.071559],[-69.962393,-30.070923],[-69.962092,-30.070221],[-69.961892,-30.069384],[-69.961825,-30.069133],[-69.961758,-30.068882],[-69.961222,-30.068682],[-69.95985,-30.068648],[-69.958579,-30.068782],[-69.958328,-30.068765],[-69.958077,-30.068748],[-69.956939,-30.068213],[-69.955567,-30.067544],[-69.954932,-30.067276],[-69.954681,-30.067276],[-69.95443,-30.067276],[-69.953794,-30.067142],[-69.952519,-30.06639],[-69.952489,-30.066373],[-69.951552,-30.065971],[-69.950883,-30.065737],[-69.949712,-30.0649],[-69.948674,-30.064131],[-69.948139,-30.063897],[-69.947988,-30.063662],[-69.947838,-30.063428],[-69.948001,-30.062842],[-69.948005,-30.062826],[-69.948005,-30.062541],[-69.948005,-30.062257],[-69.947369,-30.060818],[-69.946968,-30.059848],[-69.945763,-30.058844],[-69.945228,-30.058342],[-69.944057,-30.058208],[-69.943655,-30.058108],[-69.943622,-30.057773],[-69.943789,-30.057405],[-69.943822,-30.056669],[-69.943655,-30.055531],[-69.943605,-30.05528],[-69.943555,-30.055029],[-69.942752,-30.053925],[-69.941982,-30.053289],[-69.939974,-30.051817],[-69.939238,-30.051583],[-69.938435,-30.051516],[-69.937833,-30.051717],[-69.937063,-30.051817],[-69.936394,-30.051851],[-69.935223,-30.051984],[-69.93442,-30.051382],[-69.933851,-30.050679],[-69.934018,-30.049676],[-69.934152,-30.048739],[-69.933684,-30.047501],[-69.933015,-30.046062],[-69.932613,-30.044958],[-69.932044,-30.044422],[-69.931208,-30.044088],[-69.929836,-30.043653],[-69.92823,-30.042314],[-69.927159,-30.041578],[-69.925218,-30.040072],[-69.923813,-30.0385],[-69.923712,-30.038265],[-69.923612,-30.038031],[-69.923253,-30.037673],[-69.923043,-30.037462],[-69.922909,-30.037228],[-69.922775,-30.036994],[-69.922775,-30.036425],[-69.92321,-30.03589],[-69.92321,-30.035672],[-69.92321,-30.035455],[-69.923166,-30.035177],[-69.923077,-30.034618],[-69.923093,-30.034367],[-69.92311,-30.034116],[-69.923445,-30.033413],[-69.923846,-30.032912],[-69.923896,-30.032728],[-69.923947,-30.032543],[-69.923679,-30.032075],[-69.923177,-30.031707],[-69.922374,-30.031339],[-69.92214,-30.030703],[-69.921604,-30.0299],[-69.920104,-30.028291],[-69.918961,-30.027825],[-69.91799,-30.027457],[-69.917288,-30.027022],[-69.916317,-30.026587],[-69.915782,-30.026253],[-69.915414,-30.025584],[-69.915247,-30.024714],[-69.915263,-30.024446],[-69.91528,-30.024178],[-69.915782,-30.023676],[-69.916351,-30.023375],[-69.91653,-30.023261],[-69.916708,-30.023147],[-69.917054,-30.022539],[-69.917154,-30.021367],[-69.917489,-30.020263],[-69.917743,-30.0192],[-69.918258,-30.018155],[-69.918727,-30.017386],[-69.919965,-30.015646],[-69.920667,-30.014441],[-69.921404,-30.01337],[-69.922407,-30.012601],[-69.922842,-30.011496],[-69.922876,-30.010459],[-69.92321,-30.009656],[-69.923645,-30.00892],[-69.924147,-30.008251],[-69.924683,-30.007849],[-69.925181,-30.007635],[-69.925385,-30.007512],[-69.92559,-30.007389],[-69.925723,-30.006811],[-69.925645,-30.006582],[-69.925566,-30.006354],[-69.92534,-30.005854],[-69.925316,-30.005574],[-69.925292,-30.005295],[-69.92559,-30.004724],[-69.925911,-30.004081],[-69.925947,-30.00382],[-69.925982,-30.003558],[-69.925869,-30.003039],[-69.925523,-30.002049],[-69.925889,-30.001299],[-69.92593,-30.001085],[-69.925972,-30.000871],[-69.926198,-30.000038],[-69.926042,-29.999193],[-69.925864,-29.99904],[-69.925685,-29.998887],[-69.925014,-29.998155],[-69.923915,-29.9973],[-69.923183,-29.996385],[-69.923121,-29.996308],[-69.923059,-29.996231],[-69.922903,-29.995362],[-69.922807,-29.994518],[-69.922248,-29.992174],[-69.921808,-29.990853],[-69.921594,-29.989949],[-69.921558,-29.989681],[-69.921523,-29.989414],[-69.921499,-29.988212],[-69.92163,-29.987403],[-69.921665,-29.986463],[-69.921487,-29.985725],[-69.921389,-29.98544],[-69.921291,-29.985154],[-69.920619,-29.984483],[-69.920467,-29.98433],[-69.920314,-29.984178],[-69.919928,-29.983792],[-69.919167,-29.983173],[-69.918896,-29.983005],[-69.918477,-29.982515],[-69.91743,-29.982098],[-69.917406,-29.982083],[-69.916754,-29.98168],[-69.915964,-29.981107],[-69.915493,-29.980699],[-69.914516,-29.979783],[-69.913723,-29.978868],[-69.913216,-29.97821],[-69.912437,-29.977782],[-69.911603,-29.977365],[-69.911536,-29.977293],[-69.911468,-29.977222],[-69.911094,-29.976825],[-69.910609,-29.976364],[-69.910477,-29.976239],[-69.910351,-29.976028],[-69.910199,-29.975776],[-69.910034,-29.975357],[-69.909967,-29.975189],[-69.909813,-29.974919],[-69.909659,-29.974649],[-69.909192,-29.974146],[-69.909072,-29.974016],[-69.90906,-29.974002],[-69.908748,-29.97363],[-69.908548,-29.973106],[-69.908541,-29.973079],[-69.908506,-29.972946],[-69.90847,-29.972812],[-69.908435,-29.972732],[-69.908419,-29.972694],[-69.90827,-29.972349],[-69.908162,-29.971871],[-69.908164,-29.971854],[-69.908208,-29.971501],[-69.908239,-29.971045],[-69.90825,-29.970926],[-69.908271,-29.970688],[-69.908281,-29.970584],[-69.908316,-29.970197],[-69.908285,-29.969533],[-69.908223,-29.969286],[-69.90816,-29.969212],[-69.90802,-29.969048],[-69.907946,-29.968962],[-69.907699,-29.968638],[-69.907467,-29.968283],[-69.907279,-29.968149],[-69.907272,-29.968145],[-69.907097,-29.968021],[-69.9069,-29.967967],[-69.906757,-29.967928],[-69.906595,-29.96782],[-69.906433,-29.967712],[-69.906171,-29.967496],[-69.905822,-29.967228],[-69.905655,-29.966811],[-69.90562,-29.966466],[-69.905573,-29.965974],[-69.905353,-29.965685],[-69.905252,-29.965651],[-69.905151,-29.965617],[-69.904548,-29.965413],[-69.904296,-29.965331],[-69.904222,-29.965307],[-69.904119,-29.965274],[-69.903754,-29.965024],[-69.903604,-29.964851],[-69.903576,-29.964751],[-69.903557,-29.964686],[-69.903407,-29.964419],[-69.903359,-29.964354],[-69.90325,-29.964205],[-69.903148,-29.964166],[-69.903007,-29.964112],[-69.902822,-29.964031],[-69.902688,-29.964011],[-69.902509,-29.963985],[-69.902492,-29.963975],[-69.901821,-29.963365],[-69.901754,-29.96319],[-69.901206,-29.962195],[-69.900932,-29.961624],[-69.90084,-29.960855],[-69.89979,-29.95997],[-69.899255,-29.959435],[-69.898553,-29.95859],[-69.898017,-29.957841],[-69.897874,-29.95721],[-69.898255,-29.956258],[-69.898891,-29.955552],[-69.899501,-29.954576],[-69.899684,-29.953965],[-69.900295,-29.953172],[-69.900783,-29.952256],[-69.900783,-29.95128],[-69.900722,-29.950547],[-69.900684,-29.950488],[-69.900646,-29.950428],[-69.900295,-29.949876],[-69.899806,-29.949388],[-69.899013,-29.947557],[-69.89822,-29.946092],[-69.897792,-29.945482],[-69.897609,-29.945359],[-69.897609,-29.944993],[-69.897609,-29.9442],[-69.897304,-29.943589],[-69.896816,-29.942979],[-69.896389,-29.94188],[-69.896297,-29.941667],[-69.896205,-29.941453],[-69.896205,-29.940782],[-69.896271,-29.940563],[-69.896152,-29.938895],[-69.896467,-29.938005],[-69.896511,-29.937486],[-69.896511,-29.936754],[-69.896938,-29.936265],[-69.897212,-29.936326],[-69.897487,-29.936387],[-69.89822,-29.93657],[-69.899501,-29.93657],[-69.900722,-29.936692],[-69.901393,-29.936876],[-69.901607,-29.936876],[-69.901821,-29.936876],[-69.902492,-29.937059],[-69.903102,-29.937181],[-69.903896,-29.937303],[-69.904506,-29.937486],[-69.905117,-29.938096],[-69.905788,-29.938463],[-69.90591,-29.938707],[-69.906032,-29.938951],[-69.906337,-29.939256],[-69.90652,-29.939317],[-69.906703,-29.939378],[-69.907131,-29.939073],[-69.907131,-29.938157],[-69.907619,-29.937059],[-69.90829,-29.93657],[-69.908718,-29.93596],[-69.909206,-29.935472],[-69.909206,-29.935073],[-69.909082,-29.934236],[-69.908844,-29.933665],[-69.908682,-29.932903],[-69.908568,-29.932303],[-69.908454,-29.931875],[-69.90833,-29.93098],[-69.908412,-29.93065],[-69.908594,-29.929983],[-69.908595,-29.929981],[-69.908596,-29.929979],[-69.908718,-29.929368],[-69.908718,-29.928575],[-69.90849,-29.928152],[-69.908101,-29.927802],[-69.907985,-29.927476],[-69.90796,-29.927394],[-69.907673,-29.926888],[-69.907716,-29.926579],[-69.907619,-29.926255],[-69.907436,-29.926072],[-69.907314,-29.926011],[-69.907192,-29.92595],[-69.907009,-29.925767],[-69.906907,-29.92536],[-69.906887,-29.925279],[-69.906703,-29.925035],[-69.90652,-29.924791],[-69.906032,-29.92418],[-69.905818,-29.923967],[-69.905605,-29.923753],[-69.905391,-29.923411],[-69.9053,-29.923265],[-69.905208,-29.923173],[-69.905117,-29.923082],[-69.904933,-29.922593],[-69.904751,-29.92193],[-69.904692,-29.921156],[-69.904811,-29.92049],[-69.90493,-29.919526],[-69.904994,-29.919175],[-69.90468,-29.918872],[-69.904427,-29.918364],[-69.904323,-29.91826],[-69.903591,-29.91765],[-69.902614,-29.9171],[-69.902126,-29.916551],[-69.901027,-29.916185],[-69.900112,-29.915696],[-69.899318,-29.915269],[-69.898403,-29.914659],[-69.897812,-29.913931],[-69.897387,-29.913756],[-69.897232,-29.91353],[-69.897078,-29.913233],[-69.89703,-29.912852],[-69.89703,-29.912626],[-69.897171,-29.912232],[-69.897132,-29.911938],[-69.896901,-29.911655],[-69.896831,-29.91157],[-69.896552,-29.911309],[-69.895827,-29.910633],[-69.895125,-29.909964],[-69.894866,-29.909804],[-69.894608,-29.909644],[-69.89413,-29.909166],[-69.893398,-29.90825],[-69.892299,-29.907274],[-69.891506,-29.906785],[-69.89059,-29.906175],[-69.889736,-29.90587],[-69.889003,-29.905381],[-69.888515,-29.904588],[-69.888393,-29.903978],[-69.888332,-29.90355],[-69.888393,-29.903184],[-69.888634,-29.902943],[-69.888727,-29.90285],[-69.88882,-29.902757],[-69.889492,-29.902269],[-69.889797,-29.901475],[-69.889919,-29.90056],[-69.890102,-29.899461],[-69.890254,-29.899217],[-69.890407,-29.898973],[-69.890895,-29.898362],[-69.891506,-29.898057],[-69.891619,-29.898012],[-69.892726,-29.897569],[-69.893825,-29.897264],[-69.894069,-29.897111],[-69.894313,-29.896959],[-69.895107,-29.896348],[-69.895595,-29.895982],[-69.895656,-29.895829],[-69.895717,-29.895677],[-69.895717,-29.89525],[-69.895656,-29.894975],[-69.895595,-29.8947],[-69.895095,-29.89435],[-69.89504,-29.894312],[-69.894985,-29.894273],[-69.894618,-29.893663],[-69.894008,-29.892869],[-69.893764,-29.892717],[-69.89352,-29.892564],[-69.89291,-29.892259],[-69.892733,-29.892193],[-69.892557,-29.892127],[-69.891883,-29.891626],[-69.890645,-29.890937],[-69.890336,-29.890675],[-69.889943,-29.890223],[-69.889516,-29.88952],[-69.889418,-29.889424],[-69.888589,-29.88762],[-69.888588,-29.887565],[-69.888587,-29.887509],[-69.888466,-29.886875],[-69.888499,-29.88624],[-69.88856,-29.886072],[-69.8886,-29.885963],[-69.888624,-29.885896],[-69.888633,-29.885872],[-69.888901,-29.885738],[-69.889403,-29.885537],[-69.890056,-29.88551],[-69.891235,-29.885279],[-69.89197,-29.885024],[-69.892273,-29.884651],[-69.893396,-29.883128],[-69.893671,-29.882558],[-69.893815,-29.882262],[-69.894176,-29.881652],[-69.894881,-29.880901],[-69.895927,-29.87933],[-69.89674,-29.878435],[-69.896742,-29.878144],[-69.895966,-29.87815],[-69.895242,-29.878245],[-69.894576,-29.878321],[-69.894264,-29.87836],[-69.894023,-29.878309],[-69.893882,-29.878078],[-69.893742,-29.877847],[-69.893578,-29.877056],[-69.893462,-29.876627],[-69.893408,-29.8763],[-69.89305,-29.876018],[-69.89249,-29.875688],[-69.892045,-29.875112],[-69.891237,-29.874617],[-69.88982,-29.874156],[-69.887496,-29.873315],[-69.886474,-29.872639],[-69.885386,-29.871914],[-69.885353,-29.871853],[-69.884585,-29.870814],[-69.884166,-29.870157],[-69.883994,-29.86971],[-69.883747,-29.869339],[-69.883005,-29.868577],[-69.882691,-29.868301],[-69.882272,-29.867806],[-69.88191,-29.86733],[-69.881691,-29.866883],[-69.881491,-29.866293],[-69.881491,-29.866074],[-69.881381,-29.865684],[-69.881118,-29.86552],[-69.880854,-29.865355],[-69.880145,-29.865075],[-69.87947,-29.864465],[-69.878679,-29.863805],[-69.878052,-29.863542],[-69.877818,-29.863425],[-69.877811,-29.863421],[-69.877591,-29.863311],[-69.877129,-29.863031],[-69.876822,-29.862717],[-69.876723,-29.862657],[-69.876609,-29.862486],[-69.876552,-29.862238],[-69.876542,-29.862067],[-69.876542,-29.861858],[-69.876552,-29.861639],[-69.876628,-29.861496],[-69.87678,-29.861353],[-69.877027,-29.861239],[-69.87731,-29.86123],[-69.87756,-29.861258],[-69.877895,-29.861091],[-69.878497,-29.861004],[-69.879387,-29.860707],[-69.87961,-29.860526],[-69.879832,-29.860344],[-69.880205,-29.860187],[-69.881215,-29.859535],[-69.882156,-29.859158],[-69.882586,-29.858831],[-69.883183,-29.858533],[-69.883696,-29.858127],[-69.884137,-29.857527],[-69.884366,-29.857242],[-69.884442,-29.856908],[-69.884585,-29.856556],[-69.884556,-29.856252],[-69.884694,-29.85596],[-69.885003,-29.855157],[-69.885432,-29.854748],[-69.886131,-29.854447],[-69.886606,-29.854147],[-69.886944,-29.853798],[-69.887053,-29.853557],[-69.887166,-29.853373],[-69.887357,-29.85317],[-69.887565,-29.853051],[-69.88781,-29.852984],[-69.887892,-29.852928],[-69.888847,-29.852763],[-69.889065,-29.852898],[-69.889195,-29.853087],[-69.889415,-29.853254],[-69.889856,-29.853399],[-69.890381,-29.853513],[-69.890792,-29.853554],[-69.89155,-29.85362],[-69.892164,-29.853526],[-69.893038,-29.85317],[-69.894369,-29.852416],[-69.895411,-29.851576],[-69.896482,-29.850934],[-69.897434,-29.850166],[-69.897898,-29.849696],[-69.898374,-29.849238],[-69.898701,-29.84878],[-69.898957,-29.848489],[-69.89896,-29.848261],[-69.898962,-29.848126],[-69.898867,-29.847454],[-69.898701,-29.846585],[-69.89879,-29.846139],[-69.898974,-29.845223],[-69.899273,-29.844683],[-69.899297,-29.844593],[-69.899557,-29.84391],[-69.89981,-29.842529],[-69.900107,-29.841845],[-69.900207,-29.841629],[-69.900563,-29.8411],[-69.900811,-29.840563],[-69.90091,-29.840418],[-69.900943,-29.839988],[-69.90067,-29.839268],[-69.899064,-29.836907],[-69.898421,-29.835895],[-69.897999,-29.835033],[-69.897701,-29.83447],[-69.897537,-29.833618],[-69.897309,-29.832056],[-69.897146,-29.831275],[-69.897244,-29.831014],[-69.897341,-29.830754],[-69.897797,-29.830331],[-69.898415,-29.82981],[-69.898432,-29.829501],[-69.898448,-29.829192],[-69.89796,-29.828541],[-69.897634,-29.827955],[-69.897415,-29.827721],[-69.897335,-29.827636],[-69.897146,-29.827434],[-69.897016,-29.826685],[-69.897029,-29.826629],[-69.897053,-29.826526],[-69.897113,-29.826262],[-69.897113,-29.825514],[-69.897097,-29.825221],[-69.897081,-29.824928],[-69.896528,-29.824472],[-69.896318,-29.824327],[-69.896109,-29.824182],[-69.895681,-29.823886],[-69.895405,-29.823792],[-69.895129,-29.823698],[-69.89398,-29.822803],[-69.893829,-29.822653],[-69.893679,-29.822502],[-69.89324,-29.822064],[-69.89298,-29.821055],[-69.893003,-29.820944],[-69.893026,-29.820833],[-69.893208,-29.819948],[-69.893696,-29.819232],[-69.894477,-29.818777],[-69.895323,-29.818191],[-69.89617,-29.817377],[-69.896918,-29.816889],[-69.897113,-29.81671],[-69.897309,-29.816531],[-69.898285,-29.815815],[-69.899066,-29.815034],[-69.899196,-29.814773],[-69.899327,-29.814513],[-69.899522,-29.813895],[-69.899392,-29.813276],[-69.898936,-29.812365],[-69.898952,-29.81208],[-69.898949,-29.812048],[-69.898942,-29.811974],[-69.89893,-29.811844],[-69.89892,-29.811738],[-69.899083,-29.81138],[-69.899522,-29.810908],[-69.900124,-29.810599],[-69.900725,-29.810388],[-69.900726,-29.810388],[-69.900726,-29.810388],[-69.901572,-29.810209],[-69.902419,-29.810143],[-69.903541,-29.810078],[-69.904209,-29.809785],[-69.904759,-29.809418],[-69.905931,-29.808816],[-69.906517,-29.80862],[-69.906785,-29.808563],[-69.907054,-29.808507],[-69.907304,-29.808426],[-69.907656,-29.808311],[-69.907916,-29.808262],[-69.908177,-29.808214],[-69.910096,-29.807857],[-69.910348,-29.807816],[-69.9106,-29.807775],[-69.911056,-29.80758],[-69.911259,-29.807499],[-69.911463,-29.807417],[-69.91187,-29.807238],[-69.912423,-29.807222],[-69.912586,-29.807157],[-69.912748,-29.807092],[-69.913139,-29.806946],[-69.913285,-29.806848],[-69.913432,-29.80675],[-69.913578,-29.806311],[-69.913546,-29.80614],[-69.913513,-29.805969],[-69.913367,-29.805139],[-69.913172,-29.804033],[-69.913204,-29.803756],[-69.913237,-29.803479],[-69.913302,-29.802796],[-69.913302,-29.802601],[-69.913302,-29.802405],[-69.913448,-29.80195],[-69.913554,-29.801665],[-69.91366,-29.80138],[-69.913757,-29.800957],[-69.913676,-29.800648],[-69.913464,-29.800404],[-69.913269,-29.800127],[-69.913172,-29.800029],[-69.913074,-29.799932],[-69.913009,-29.799525],[-69.912984,-29.799338],[-69.91296,-29.799151],[-69.912879,-29.798662],[-69.912805,-29.798491],[-69.912732,-29.798321],[-69.912358,-29.797946],[-69.912211,-29.7978],[-69.912065,-29.797653],[-69.911935,-29.797263],[-69.911902,-29.796937],[-69.911892,-29.796865],[-69.911889,-29.796842],[-69.911853,-29.796596],[-69.912097,-29.796059],[-69.912309,-29.795863],[-69.912521,-29.795668],[-69.913058,-29.795424],[-69.913245,-29.795334],[-69.913432,-29.795245],[-69.913888,-29.794936],[-69.913993,-29.794814],[-69.914099,-29.794692],[-69.914441,-29.79422],[-69.914555,-29.793976],[-69.914669,-29.793731],[-69.914783,-29.793129],[-69.914848,-29.792706],[-69.914792,-29.79233],[-69.914395,-29.791818],[-69.913752,-29.791455],[-69.913667,-29.791433],[-69.913581,-29.79141],[-69.913009,-29.791257],[-69.912787,-29.7912],[-69.912564,-29.791142],[-69.911937,-29.790861],[-69.911442,-29.790663],[-69.911289,-29.790558],[-69.911136,-29.790453],[-69.910716,-29.790251],[-69.910254,-29.79002],[-69.910089,-29.789871],[-69.909924,-29.789723],[-69.909627,-29.789327],[-69.909123,-29.788883],[-69.908897,-29.788681],[-69.907841,-29.788416],[-69.907568,-29.788344],[-69.907306,-29.78819],[-69.906808,-29.787628],[-69.90674,-29.787571],[-69.906657,-29.787308],[-69.906641,-29.787257],[-69.906361,-29.786762],[-69.9058,-29.785706],[-69.905338,-29.784914],[-69.905041,-29.784386],[-69.904946,-29.7842],[-69.903975,-29.783811],[-69.903499,-29.783573],[-69.903367,-29.783443],[-69.902964,-29.78324],[-69.902919,-29.783],[-69.902913,-29.782964],[-69.903084,-29.78206],[-69.903084,-29.781845],[-69.902731,-29.781639],[-69.902166,-29.781063],[-69.902059,-29.780972],[-69.902054,-29.780793],[-69.902049,-29.780581],[-69.901923,-29.780449],[-69.901657,-29.780194],[-69.901298,-29.779848],[-69.900935,-29.779456],[-69.900655,-29.779039],[-69.900257,-29.778438],[-69.900066,-29.777876],[-69.900031,-29.777803],[-69.899948,-29.777242],[-69.899767,-29.776796],[-69.899706,-29.776701],[-69.89912,-29.776177],[-69.89881,-29.775583],[-69.898615,-29.774998],[-69.898562,-29.774915],[-69.898496,-29.774387],[-69.898454,-29.7741],[-69.898435,-29.773972],[-69.89843,-29.773941],[-69.898396,-29.77368],[-69.898282,-29.772819],[-69.898273,-29.772789],[-69.898269,-29.772777],[-69.898263,-29.772758],[-69.898034,-29.772011],[-69.898011,-29.771438],[-69.897763,-29.771204],[-69.897632,-29.771026],[-69.897359,-29.770883],[-69.896895,-29.770669],[-69.896681,-29.770514],[-69.896371,-29.770288],[-69.896169,-29.77011],[-69.895776,-29.769293],[-69.894634,-29.768623],[-69.894265,-29.768337],[-69.893742,-29.767956],[-69.893445,-29.767635],[-69.893299,-29.766896],[-69.893348,-29.766384],[-69.89337,-29.766123],[-69.893381,-29.765996],[-69.893381,-29.765988],[-69.893315,-29.765559],[-69.89329,-29.765394],[-69.893266,-29.765229],[-69.893126,-29.765035],[-69.892969,-29.764817],[-69.892927,-29.764602],[-69.892886,-29.764388],[-69.892936,-29.763926],[-69.893374,-29.763097],[-69.893612,-29.762431],[-69.893778,-29.761598],[-69.893778,-29.760861],[-69.893612,-29.760194],[-69.893518,-29.759759],[-69.8936,-29.75897],[-69.89417,-29.758593],[-69.894872,-29.75801],[-69.895336,-29.757392],[-69.895883,-29.756725],[-69.896252,-29.756428],[-69.896443,-29.755833],[-69.896633,-29.755202],[-69.896883,-29.754429],[-69.897085,-29.75368],[-69.897066,-29.753427],[-69.897065,-29.752861],[-69.897071,-29.752826],[-69.897043,-29.752724],[-69.896987,-29.752679],[-69.896901,-29.752665],[-69.8966,-29.752688],[-69.896413,-29.752656],[-69.896276,-29.752593],[-69.896136,-29.752498],[-69.894696,-29.751519],[-69.89441,-29.75112],[-69.894103,-29.750799],[-69.893903,-29.750613],[-69.893553,-29.750384],[-69.893375,-29.750142],[-69.893218,-29.749756],[-69.893097,-29.749492],[-69.892625,-29.749207],[-69.892026,-29.748943],[-69.891412,-29.7486],[-69.891255,-29.748421],[-69.890812,-29.747979],[-69.890534,-29.747572],[-69.890449,-29.747254],[-69.890152,-29.746446],[-69.890074,-29.746211],[-69.890037,-29.7461],[-69.889954,-29.745852],[-69.88976,-29.745169],[-69.88964,-29.744746],[-69.889598,-29.744619],[-69.889492,-29.74374],[-69.889409,-29.743459],[-69.889327,-29.743179],[-69.889046,-29.742486],[-69.888353,-29.741397],[-69.887379,-29.739877],[-69.886986,-29.739527],[-69.886491,-29.738659],[-69.884994,-29.737028],[-69.883172,-29.73558],[-69.882993,-29.735538],[-69.882814,-29.735495],[-69.88172,-29.735448],[-69.880721,-29.73509],[-69.879941,-29.73457],[-69.879768,-29.734463],[-69.879595,-29.734356],[-69.87943,-29.733828],[-69.879562,-29.733102],[-69.879677,-29.732524],[-69.879741,-29.732422],[-69.879842,-29.73226],[-69.879913,-29.732165],[-69.879982,-29.73207],[-69.880013,-29.731286],[-69.879991,-29.731039],[-69.879686,-29.730885],[-69.87951,-29.730733],[-69.879338,-29.730585],[-69.879196,-29.730414],[-69.879067,-29.730276],[-69.878996,-29.7299],[-69.878943,-29.729614],[-69.878967,-29.72931],[-69.879015,-29.728743],[-69.879048,-29.728396],[-69.879115,-29.72812],[-69.879139,-29.727853],[-69.87912,-29.727377],[-69.879015,-29.727035],[-69.878863,-29.726835],[-69.878772,-29.726659],[-69.878706,-29.72654],[-69.878702,-29.726151],[-69.878671,-29.725808],[-69.878737,-29.725264],[-69.878913,-29.725072],[-69.878917,-29.725066],[-69.879083,-29.724884],[-69.879595,-29.724389],[-69.880139,-29.723944],[-69.881113,-29.723548],[-69.881938,-29.723399],[-69.882978,-29.723284],[-69.883176,-29.723251],[-69.883374,-29.723218],[-69.884149,-29.722789],[-69.884842,-29.722112],[-69.885522,-29.721328],[-69.886458,-29.719911],[-69.886971,-29.71972],[-69.887023,-29.719548],[-69.887075,-29.719376],[-69.886822,-29.718862],[-69.88636,-29.71835],[-69.886308,-29.718281],[-69.886138,-29.718053],[-69.886113,-29.71802],[-69.885914,-29.717879],[-69.885535,-29.717608],[-69.884727,-29.716915],[-69.884331,-29.716222],[-69.884339,-29.715966],[-69.884347,-29.71571],[-69.884714,-29.714919],[-69.884745,-29.714853],[-69.884776,-29.714786],[-69.884875,-29.713846],[-69.884842,-29.713268],[-69.884743,-29.713111],[-69.884644,-29.712955],[-69.884415,-29.71267],[-69.884323,-29.712557],[-69.884232,-29.712443],[-69.883638,-29.711833],[-69.883357,-29.711371],[-69.883319,-29.711139],[-69.883281,-29.710908],[-69.882951,-29.710182],[-69.882506,-29.709654],[-69.881928,-29.709242],[-69.881532,-29.708846],[-69.881433,-29.708532],[-69.881437,-29.708379],[-69.88145,-29.707922],[-69.881747,-29.707493],[-69.881903,-29.7074],[-69.882059,-29.707307],[-69.88244,-29.70708],[-69.883281,-29.706668],[-69.883859,-29.706338],[-69.88402,-29.70614],[-69.88404,-29.706115],[-69.884222,-29.705892],[-69.885035,-29.705518],[-69.885047,-29.705513],[-69.885236,-29.705397],[-69.885426,-29.705282],[-69.885971,-29.704902],[-69.886235,-29.704457],[-69.886257,-29.704399],[-69.886294,-29.704304],[-69.88635,-29.70416],[-69.886598,-29.70383],[-69.887373,-29.702889],[-69.88753,-29.702807],[-69.887687,-29.702724],[-69.888136,-29.702353],[-69.889093,-29.701594],[-69.889918,-29.700703],[-69.890512,-29.700307],[-69.890619,-29.700026],[-69.890726,-29.699746],[-69.891155,-29.698954],[-69.891452,-29.698327],[-69.891568,-29.69765],[-69.891766,-29.697056],[-69.892096,-29.696545],[-69.892244,-29.696396],[-69.892393,-29.696248],[-69.892574,-29.695868],[-69.89261,-29.695787],[-69.892646,-29.695705],[-69.892805,-29.69534],[-69.892847,-29.695117],[-69.892888,-29.694895],[-69.893102,-29.694301],[-69.893333,-29.694094],[-69.893564,-29.693888],[-69.894356,-29.693773],[-69.89495,-29.69369],[-69.895214,-29.693558],[-69.895478,-29.693426],[-69.895574,-29.693371],[-69.896023,-29.693113],[-69.896146,-29.693074],[-69.896269,-29.693035],[-69.896747,-29.693005],[-69.897016,-29.693065],[-69.897285,-29.693124],[-69.897785,-29.693379],[-69.898868,-29.694203],[-69.899182,-29.694431],[-69.900137,-29.695161],[-69.900393,-29.695426],[-69.902186,-29.69677],[-69.903441,-29.697697],[-69.904726,-29.698563],[-69.905593,-29.698922],[-69.90631,-29.69937],[-69.907027,-29.69946],[-69.907894,-29.698982],[-69.90885,-29.698354],[-69.909437,-29.697884],[-69.910195,-29.696687],[-69.910195,-29.695993],[-69.910135,-29.694678],[-69.910434,-29.693662],[-69.910703,-29.693095],[-69.910942,-29.692318],[-69.911418,-29.69129],[-69.911898,-29.690853],[-69.913303,-29.689568],[-69.914678,-29.68909],[-69.916261,-29.688911],[-69.917009,-29.688612],[-69.917203,-29.688507],[-69.917397,-29.688403],[-69.918234,-29.687745],[-69.918772,-29.687267],[-69.919489,-29.686639],[-69.920386,-29.686042],[-69.921043,-29.685325],[-69.9217,-29.684817],[-69.921969,-29.684279],[-69.922119,-29.684084],[-69.922268,-29.68389],[-69.922268,-29.683776],[-69.922097,-29.683357],[-69.921982,-29.683072],[-69.921982,-29.682919],[-69.922015,-29.682655],[-69.921969,-29.682545],[-69.92185,-29.682276],[-69.92173,-29.682036],[-69.921705,-29.681986],[-69.921372,-29.68132],[-69.920953,-29.680603],[-69.921013,-29.679646],[-69.921083,-29.679444],[-69.921152,-29.679241],[-69.921372,-29.678601],[-69.92188,-29.677943],[-69.922507,-29.677405],[-69.922572,-29.67734],[-69.922637,-29.677276],[-69.923105,-29.676807],[-69.923297,-29.676564],[-69.923286,-29.676333],[-69.923258,-29.6762],[-69.923182,-29.676019],[-69.923048,-29.675933],[-69.922982,-29.675848],[-69.922944,-29.675743],[-69.922927,-29.675688],[-69.922906,-29.675619],[-69.922906,-29.675505],[-69.922926,-29.675164],[-69.923012,-29.674297],[-69.923015,-29.674267],[-69.923111,-29.674115],[-69.92312,-29.6741],[-69.923314,-29.673789],[-69.923419,-29.67358],[-69.923485,-29.673448],[-69.923505,-29.673254],[-69.923519,-29.673156],[-69.92346,-29.672666],[-69.923286,-29.67244],[-69.923229,-29.672202],[-69.923248,-29.672012],[-69.923248,-29.671793],[-69.923374,-29.671667],[-69.923882,-29.671368],[-69.92442,-29.67089],[-69.924928,-29.670412],[-69.925033,-29.670269],[-69.925161,-29.669928],[-69.92518,-29.66968],[-69.925266,-29.669499],[-69.925371,-29.669347],[-69.925475,-29.669195],[-69.925684,-29.669193],[-69.926608,-29.669185],[-69.926903,-29.669119],[-69.927199,-29.668978],[-69.927558,-29.668559],[-69.927692,-29.668335],[-69.927827,-29.668111],[-69.928126,-29.667513],[-69.928693,-29.666826],[-69.929202,-29.666437],[-69.929799,-29.666079],[-69.930427,-29.66575],[-69.931174,-29.66569],[-69.93213,-29.665571],[-69.932907,-29.665362],[-69.933415,-29.665063],[-69.933535,-29.664869],[-69.933654,-29.664674],[-69.933804,-29.663957],[-69.933953,-29.66327],[-69.934192,-29.662582],[-69.934431,-29.661805],[-69.93485,-29.661058],[-69.935178,-29.660281],[-69.935358,-29.659654],[-69.935418,-29.658862],[-69.936045,-29.658234],[-69.937001,-29.657876],[-69.93716,-29.657656],[-69.937246,-29.657536],[-69.93739,-29.657338],[-69.937838,-29.65662],[-69.938107,-29.655933],[-69.938615,-29.655246],[-69.938735,-29.655171],[-69.938854,-29.655096],[-69.939273,-29.654768],[-69.939526,-29.654419],[-69.94028,-29.651358],[-69.940348,-29.650494],[-69.940498,-29.649418],[-69.940647,-29.648641],[-69.941185,-29.647506],[-69.941634,-29.646609],[-69.941843,-29.645683],[-69.941753,-29.645144],[-69.941408,-29.6447],[-69.941285,-29.643855],[-69.941052,-29.642935],[-69.940724,-29.641921],[-69.940767,-29.641336],[-69.940901,-29.641214],[-69.941036,-29.641093],[-69.941334,-29.640618],[-69.941209,-29.639265],[-69.940653,-29.637995],[-69.940153,-29.636681],[-69.939929,-29.635217],[-69.939954,-29.634591],[-69.939954,-29.633596],[-69.939685,-29.631504],[-69.939685,-29.630991],[-69.939395,-29.629384],[-69.939229,-29.628266],[-69.939014,-29.627552],[-69.938788,-29.626684],[-69.938668,-29.625883],[-69.93849,-29.625348],[-69.938161,-29.623345],[-69.93831,-29.621971],[-69.938326,-29.621906],[-69.938341,-29.621842],[-69.938693,-29.620355],[-69.939426,-29.617748],[-69.93908,-29.616366],[-69.939224,-29.61544],[-69.939569,-29.615162],[-69.939769,-29.615006],[-69.93997,-29.61485],[-69.940506,-29.614582],[-69.941041,-29.614181],[-69.94113,-29.613958],[-69.941219,-29.613735],[-69.941219,-29.613155],[-69.941487,-29.61253],[-69.941442,-29.611905],[-69.941398,-29.611638],[-69.941353,-29.61137],[-69.940996,-29.610835],[-69.940629,-29.610394],[-69.940478,-29.610213],[-69.940327,-29.610032],[-69.939839,-29.609482],[-69.939694,-29.609319],[-69.939653,-29.609273],[-69.939596,-29.60921],[-69.939274,-29.608771],[-69.939028,-29.608433],[-69.938639,-29.608044],[-69.93849,-29.607895],[-69.93834,-29.607746],[-69.937982,-29.606879],[-69.93751,-29.605964],[-69.937502,-29.605948],[-69.937495,-29.605935],[-69.937474,-29.605893],[-69.936816,-29.605056],[-69.936278,-29.604159],[-69.935898,-29.603462],[-69.93577,-29.602456],[-69.935041,-29.601905],[-69.934256,-29.601306],[-69.933813,-29.601006],[-69.933571,-29.600721],[-69.933439,-29.600035],[-69.933439,-29.599291],[-69.933439,-29.599193],[-69.933439,-29.599094],[-69.933768,-29.598317],[-69.933917,-29.598108],[-69.934067,-29.597899],[-69.934147,-29.597611],[-69.934141,-29.597525],[-69.934141,-29.597439],[-69.934145,-29.597386],[-69.934148,-29.597353],[-69.93416,-29.597267],[-69.934179,-29.597183],[-69.934204,-29.5971],[-69.934235,-29.597019],[-69.934272,-29.596941],[-69.934314,-29.596865],[-69.934362,-29.596793],[-69.934415,-29.596725],[-69.934472,-29.59666],[-69.934534,-29.5966],[-69.934601,-29.596545],[-69.934671,-29.596495],[-69.934684,-29.596468],[-69.934739,-29.596437],[-69.934747,-29.596432],[-69.934808,-29.596391],[-69.934864,-29.596344],[-69.934917,-29.596293],[-69.934964,-29.596238],[-69.935007,-29.596178],[-69.935045,-29.596115],[-69.935076,-29.596049],[-69.935102,-29.595981],[-69.935122,-29.59591],[-69.935135,-29.595838],[-69.935143,-29.595765],[-69.935143,-29.595692],[-69.935138,-29.595619],[-69.935126,-29.595547],[-69.935108,-29.595476],[-69.935084,-29.595407],[-69.934693,-29.595069],[-69.934525,-29.594888],[-69.934381,-29.594734],[-69.934336,-29.594701],[-69.934336,-29.593864],[-69.934336,-29.59367],[-69.934336,-29.593476],[-69.934222,-29.593305],[-69.933128,-29.592197],[-69.932657,-29.591712],[-69.932329,-29.591369],[-69.932029,-29.590969],[-69.931786,-29.590698],[-69.93179,-29.5903],[-69.931793,-29.589992],[-69.931907,-29.589736],[-69.931986,-29.589559],[-69.932065,-29.589381],[-69.932603,-29.588784],[-69.932815,-29.588402],[-69.932767,-29.588052],[-69.932632,-29.587857],[-69.932154,-29.587529],[-69.931855,-29.586871],[-69.931854,-29.58686],[-69.931853,-29.58685],[-69.931751,-29.58604],[-69.931736,-29.585915],[-69.931945,-29.585407],[-69.932573,-29.5846],[-69.932722,-29.584391],[-69.932871,-29.584182],[-69.933204,-29.583895],[-69.933384,-29.583741],[-69.933685,-29.58296],[-69.93377,-29.582503],[-69.933821,-29.581889],[-69.933768,-29.581656],[-69.933589,-29.58082],[-69.9332,-29.580043],[-69.933113,-29.579319],[-69.933111,-29.579295],[-69.93314,-29.578698],[-69.933245,-29.578518],[-69.93335,-29.578339],[-69.93335,-29.577801],[-69.933341,-29.577615],[-69.933128,-29.577078],[-69.933028,-29.576821],[-69.933028,-29.576578],[-69.933469,-29.57553],[-69.933529,-29.57541],[-69.933589,-29.575291],[-69.933604,-29.575211],[-69.933678,-29.574813],[-69.933843,-29.574574],[-69.934007,-29.574335],[-69.934396,-29.573707],[-69.934724,-29.573079],[-69.935173,-29.572362],[-69.935173,-29.572093],[-69.935173,-29.571824],[-69.935232,-29.571286],[-69.935083,-29.570569],[-69.935143,-29.569822],[-69.935262,-29.568925],[-69.935277,-29.568716],[-69.935292,-29.568507],[-69.935621,-29.566654],[-69.935955,-29.565157],[-69.936183,-29.564657],[-69.936458,-29.564293],[-69.936876,-29.563516],[-69.937235,-29.562949],[-69.937952,-29.5625],[-69.938527,-29.562404],[-69.938669,-29.562381],[-69.939058,-29.562231],[-69.939476,-29.561903],[-69.939715,-29.561365],[-69.939605,-29.560348],[-69.939556,-29.560229],[-69.939506,-29.560109],[-69.939416,-29.559512],[-69.939416,-29.559004],[-69.939551,-29.558869],[-69.939685,-29.558735],[-69.940253,-29.558645],[-69.940491,-29.55862],[-69.940636,-29.558605],[-69.940821,-29.558585],[-69.941448,-29.558047],[-69.941553,-29.557778],[-69.941658,-29.55751],[-69.942024,-29.55686],[-69.942315,-29.556344],[-69.942494,-29.556284],[-69.942674,-29.556224],[-69.943122,-29.556015],[-69.943406,-29.556094],[-69.943436,-29.556103],[-69.94366,-29.556165],[-69.944676,-29.556075],[-69.944915,-29.555941],[-69.945154,-29.555806],[-69.945782,-29.555208],[-69.946298,-29.553825],[-69.94632,-29.553505],[-69.946316,-29.553363],[-69.946312,-29.553221],[-69.94629,-29.55231],[-69.946379,-29.551234],[-69.946421,-29.548529],[-69.94684,-29.546945],[-69.947348,-29.545929],[-69.947796,-29.545122],[-69.947998,-29.544748],[-69.948207,-29.544529],[-69.948483,-29.544234],[-69.948873,-29.54392],[-69.94911,-29.543823],[-69.949901,-29.543339],[-69.950149,-29.543025],[-69.950415,-29.542654],[-69.950634,-29.542369],[-69.950929,-29.542035],[-69.95112,-29.541721],[-69.951224,-29.541388],[-69.951648,-29.541108],[-69.95201,-29.540692],[-69.952167,-29.540227],[-69.952357,-29.539961],[-69.952623,-29.539551],[-69.952833,-29.53938],[-69.953192,-29.539279],[-69.953661,-29.538952],[-69.953804,-29.538571],[-69.953842,-29.538409],[-69.953984,-29.538295],[-69.954118,-29.538238],[-69.954356,-29.538086],[-69.95447,-29.537981],[-69.954563,-29.53774],[-69.954679,-29.537438],[-69.954951,-29.537121],[-69.955034,-29.536824],[-69.955075,-29.536556],[-69.955295,-29.535928],[-69.955796,-29.535539],[-69.956353,-29.535065],[-69.956373,-29.534882],[-69.956212,-29.534615],[-69.955439,-29.534278],[-69.954725,-29.533635],[-69.954241,-29.533183],[-69.954011,-29.532346],[-69.954011,-29.532113],[-69.954114,-29.53171],[-69.954212,-29.530984],[-69.954232,-29.53049],[-69.954127,-29.530319],[-69.953369,-29.530257],[-69.951917,-29.530423],[-69.95118,-29.530114],[-69.949633,-29.5289],[-69.949485,-29.528527],[-69.949111,-29.527759],[-69.94894,-29.526883],[-69.948921,-29.52636],[-69.948864,-29.525884],[-69.948872,-29.525188],[-69.949075,-29.524169],[-69.949392,-29.523378],[-69.94999,-29.522404],[-69.950252,-29.521191],[-69.949984,-29.520273],[-69.949682,-29.520059],[-69.94913,-29.519707],[-69.948854,-29.519592],[-69.948445,-29.519554],[-69.947944,-29.519454],[-69.947492,-29.519121],[-69.947366,-29.519085],[-69.946798,-29.519097],[-69.946532,-29.519012],[-69.94637,-29.518945],[-69.94629,-29.518443],[-69.946294,-29.518423],[-69.946348,-29.518123],[-69.946801,-29.517669],[-69.947492,-29.516955],[-69.947634,-29.516241],[-69.947634,-29.515432],[-69.947254,-29.512696],[-69.947967,-29.512149],[-69.948467,-29.511602],[-69.948729,-29.509793],[-69.9488,-29.508508],[-69.949633,-29.507366],[-69.950513,-29.506652],[-69.951917,-29.504772],[-69.952774,-29.502702],[-69.952774,-29.501608],[-69.953012,-29.500704],[-69.953512,-29.499728],[-69.953178,-29.499157],[-69.952108,-29.498253],[-69.950975,-29.497244],[-69.950575,-29.496673],[-69.947434,-29.490448],[-69.947606,-29.489763],[-69.948482,-29.488863],[-69.948691,-29.488655],[-69.948899,-29.488446],[-69.94924,-29.486071],[-69.94997,-29.485056],[-69.950475,-29.484491],[-69.95104,-29.483806],[-69.95107,-29.483628],[-69.9511,-29.48345],[-69.951042,-29.483159],[-69.950981,-29.482855],[-69.951011,-29.482646],[-69.95104,-29.482438],[-69.95113,-29.481754],[-69.951277,-29.481647],[-69.951425,-29.481539],[-69.95273,-29.481213],[-69.953804,-29.480362],[-69.955064,-29.478952],[-69.955801,-29.478361],[-69.956399,-29.478032],[-69.95683,-29.477881],[-69.95689,-29.477878],[-69.956912,-29.477876],[-69.956993,-29.477865],[-69.957073,-29.477848],[-69.957151,-29.477824],[-69.957227,-29.477794],[-69.957301,-29.477758],[-69.957371,-29.477716],[-69.957437,-29.477668],[-69.9575,-29.477615],[-69.957558,-29.477558],[-69.957611,-29.477496],[-69.957659,-29.477429],[-69.957701,-29.47736],[-69.957738,-29.477286],[-69.957769,-29.477211],[-69.957793,-29.477133],[-69.957811,-29.477053],[-69.957823,-29.476972],[-69.957828,-29.47689],[-69.957826,-29.476808],[-69.957818,-29.476727],[-69.957803,-29.476647],[-69.957781,-29.476568],[-69.957778,-29.476558],[-69.957754,-29.476491],[-69.95772,-29.476416],[-69.957714,-29.476299],[-69.957803,-29.475312],[-69.957733,-29.47425],[-69.957714,-29.474179],[-69.957711,-29.474168],[-69.957695,-29.474085],[-69.957684,-29.474],[-69.95768,-29.473916],[-69.957681,-29.473831],[-69.957687,-29.473746],[-69.9577,-29.473662],[-69.957718,-29.47358],[-69.957741,-29.473498],[-69.957762,-29.473439],[-69.957796,-29.473359],[-69.957835,-29.473281],[-69.95788,-29.473206],[-69.957929,-29.473135],[-69.957984,-29.473067],[-69.958043,-29.473003],[-69.958106,-29.472943],[-69.95861,-29.472322],[-69.959003,-29.472025],[-69.959656,-29.471577],[-69.960042,-29.471036],[-69.960098,-29.470985],[-69.960151,-29.47093],[-69.960199,-29.470871],[-69.960244,-29.470809],[-69.960283,-29.470744],[-69.960318,-29.470677],[-69.960349,-29.470607],[-69.960372,-29.470543],[-69.96039,-29.470478],[-69.960408,-29.470398],[-69.960419,-29.470317],[-69.960424,-29.470236],[-69.960423,-29.470154],[-69.960416,-29.470073],[-69.960403,-29.469992],[-69.960383,-29.469912],[-69.960358,-29.469835],[-69.960327,-29.469759],[-69.96029,-29.469686],[-69.960248,-29.469616],[-69.960201,-29.469549],[-69.960149,-29.469486],[-69.960103,-29.469437],[-69.960054,-29.469391],[-69.960002,-29.469349],[-69.959943,-29.469306],[-69.959881,-29.469267],[-69.959816,-29.469233],[-69.95975,-29.469203],[-69.959357,-29.468977],[-69.958727,-29.468778],[-69.958039,-29.468741],[-69.95742,-29.468539],[-69.956889,-29.468183],[-69.956812,-29.468153],[-69.956737,-29.468117],[-69.956664,-29.468074],[-69.956594,-29.468025],[-69.956528,-29.467971],[-69.956468,-29.467911],[-69.956412,-29.467847],[-69.956361,-29.467779],[-69.956316,-29.467707],[-69.956277,-29.467632],[-69.956244,-29.467553],[-69.956218,-29.467474],[-69.956198,-29.467392],[-69.956185,-29.46731],[-69.956178,-29.467226],[-69.956178,-29.467154],[-69.956178,-29.467142],[-69.956185,-29.467059],[-69.956198,-29.466976],[-69.956218,-29.466895],[-69.956244,-29.466815],[-69.956276,-29.466738],[-69.956314,-29.466664],[-69.956358,-29.466592],[-69.956408,-29.466525],[-69.956462,-29.466461],[-69.956513,-29.466411],[-69.956567,-29.466364],[-69.956625,-29.46632],[-69.956685,-29.466281],[-69.956747,-29.466246],[-69.957086,-29.465988],[-69.959118,-29.464972],[-69.960116,-29.464219],[-69.960463,-29.463978],[-69.960937,-29.463649],[-69.961004,-29.463577],[-69.961047,-29.463536],[-69.961074,-29.46351],[-69.961149,-29.463447],[-69.961477,-29.463078],[-69.962027,-29.463111],[-69.96213,-29.463108],[-69.962233,-29.463112],[-69.962335,-29.463122],[-69.962692,-29.4631],[-69.963417,-29.463083],[-69.9641,-29.462841],[-69.964749,-29.462332],[-69.965662,-29.461808],[-69.965753,-29.461739],[-69.967904,-29.461171],[-69.968562,-29.460842],[-69.968657,-29.460794],[-69.968705,-29.46077],[-69.968898,-29.460674],[-69.969088,-29.460579],[-69.970138,-29.459736],[-69.970444,-29.459408],[-69.970863,-29.458571],[-69.971371,-29.457854],[-69.972178,-29.456688],[-69.972835,-29.455911],[-69.973642,-29.455074],[-69.974598,-29.454596],[-69.975495,-29.454297],[-69.976189,-29.454266],[-69.976542,-29.454356],[-69.977277,-29.454371],[-69.977323,-29.454372],[-69.978157,-29.454381],[-69.979081,-29.454208],[-69.979888,-29.453999],[-69.980411,-29.453643],[-69.980597,-29.453468],[-69.980783,-29.453293],[-69.981423,-29.452692],[-69.981869,-29.452233],[-69.981849,-29.452111],[-69.98118,-29.451677],[-69.980749,-29.45152],[-69.980432,-29.45119],[-69.979787,-29.450521],[-69.978969,-29.449826],[-69.978434,-29.449375],[-69.97777,-29.448627],[-69.977065,-29.447437],[-69.976799,-29.446847],[-69.976485,-29.446361],[-69.976152,-29.445733],[-69.975828,-29.445229],[-69.975257,-29.444772],[-69.974829,-29.44462],[-69.974096,-29.444077],[-69.973591,-29.443563],[-69.973401,-29.443258],[-69.973106,-29.442469],[-69.972678,-29.442002],[-69.972306,-29.441393],[-69.971992,-29.44085],[-69.971964,-29.440555],[-69.97184,-29.440203],[-69.971745,-29.439623],[-69.971857,-29.439344],[-69.971669,-29.438538],[-69.971764,-29.437929],[-69.971983,-29.437386],[-69.972478,-29.436691],[-69.972516,-29.436282],[-69.972668,-29.435825],[-69.972992,-29.435302],[-69.973191,-29.435083],[-69.973306,-29.434883],[-69.973372,-29.434616],[-69.973372,-29.434426],[-69.973334,-29.434217],[-69.973258,-29.434131],[-69.973106,-29.433979],[-69.972887,-29.433817],[-69.972497,-29.433503],[-69.972097,-29.433265],[-69.971488,-29.432865],[-69.971247,-29.4325],[-69.970979,-29.432062],[-69.970693,-29.431594],[-69.970422,-29.431152],[-69.970203,-29.430857],[-69.969813,-29.430571],[-69.96948,-29.430314],[-69.968956,-29.43],[-69.968417,-29.429621],[-69.967675,-29.429173],[-69.967613,-29.429077],[-69.967188,-29.428695],[-69.967052,-29.428572],[-69.966795,-29.428097],[-69.966596,-29.427697],[-69.966519,-29.427326],[-69.966491,-29.426859],[-69.966624,-29.426231],[-69.966933,-29.425798],[-69.966958,-29.425707],[-69.967595,-29.425107],[-69.968137,-29.424642],[-69.96848,-29.42428],[-69.968699,-29.423994],[-69.968794,-29.423595],[-69.968794,-29.422938],[-69.968775,-29.4223],[-69.968661,-29.421634],[-69.968547,-29.421253],[-69.968575,-29.420768],[-69.968474,-29.419395],[-69.968466,-29.419326],[-69.968454,-29.419227],[-69.968428,-29.41906],[-69.968396,-29.418894],[-69.968358,-29.418729],[-69.968315,-29.418565],[-69.968265,-29.418403],[-69.967741,-29.417681],[-69.967741,-29.417681],[-69.967594,-29.417486],[-69.967452,-29.417287],[-69.967316,-29.417085],[-69.967184,-29.416879],[-69.967184,-29.416879],[-69.967111,-29.416758],[-69.966519,-29.416085],[-69.966301,-29.415609],[-69.966276,-29.415008],[-69.966257,-29.414563],[-69.966269,-29.414449],[-69.966288,-29.414335],[-69.966313,-29.414223],[-69.966345,-29.414113],[-69.966383,-29.414004],[-69.966428,-29.413898],[-69.966478,-29.413795],[-69.966535,-29.413695],[-69.966598,-29.413599],[-69.966666,-29.413506],[-69.966739,-29.413417],[-69.966818,-29.413334],[-69.966818,-29.413333],[-69.966902,-29.413254],[-69.966988,-29.413182],[-69.966989,-29.41318],[-69.967244,-29.412963],[-69.967936,-29.412373],[-69.968542,-29.412035],[-69.969588,-29.411048],[-69.970006,-29.410212],[-69.970044,-29.410139],[-69.970063,-29.41004],[-69.970077,-29.409987],[-69.970088,-29.409942],[-69.97012,-29.409846],[-69.970158,-29.409753],[-69.970201,-29.409662],[-69.97025,-29.409574],[-69.970304,-29.409489],[-69.970364,-29.409407],[-69.970429,-29.40933],[-69.970498,-29.409257],[-69.970547,-29.40921],[-69.970627,-29.409142],[-69.97071,-29.40908],[-69.970798,-29.409023],[-69.970889,-29.408972],[-69.970983,-29.408927],[-69.97108,-29.408888],[-69.971179,-29.408856],[-69.971281,-29.40883],[-69.971383,-29.408811],[-69.971487,-29.408798],[-69.971591,-29.408793],[-69.971696,-29.408794],[-69.9718,-29.408801],[-69.971903,-29.408816],[-69.972005,-29.408837],[-69.972106,-29.408865],[-69.972205,-29.4089],[-69.972279,-29.408931],[-69.972301,-29.408941],[-69.972606,-29.408986],[-69.973353,-29.409106],[-69.973925,-29.408724],[-69.974601,-29.40816],[-69.974951,-29.407716],[-69.975353,-29.407181],[-69.975503,-29.40698],[-69.975654,-29.406779],[-69.97629,-29.405976],[-69.976524,-29.405776],[-69.976758,-29.405575],[-69.976825,-29.404772],[-69.976892,-29.403768],[-69.977628,-29.403199],[-69.978311,-29.403244],[-69.978424,-29.403199],[-69.978707,-29.403086],[-69.979101,-29.402831],[-69.979703,-29.402563],[-69.980238,-29.401794],[-69.980974,-29.401359],[-69.98258,-29.401158],[-69.983651,-29.401526],[-69.984755,-29.401693],[-69.98586,-29.401459],[-69.986345,-29.401257],[-69.986831,-29.401218],[-69.987998,-29.401155],[-69.988503,-29.401225],[-69.989509,-29.401499],[-69.989943,-29.401485],[-69.990485,-29.401342],[-69.991118,-29.401026],[-69.991792,-29.400563],[-69.991991,-29.40035],[-69.992191,-29.400138],[-69.99296,-29.399838],[-69.993236,-29.399743],[-69.993436,-29.3996],[-69.99373,-29.399308],[-69.994152,-29.39913],[-69.994479,-29.39894],[-69.995054,-29.398848],[-69.99532,-29.398725],[-69.995673,-29.398477],[-69.995984,-29.398077],[-69.996796,-29.397877],[-69.997281,-29.397754],[-69.997432,-29.397605],[-69.9979,-29.397354],[-69.998252,-29.397268],[-69.998952,-29.397212],[-69.999676,-29.397017],[-70.000508,-29.397002],[-70.000774,-29.397049],[-70.001307,-29.396983],[-70.001821,-29.396869],[-70.002621,-29.39656],[-70.003716,-29.396307],[-70.004288,-29.396216],[-70.004829,-29.396231],[-70.005305,-29.396164],[-70.005638,-29.396126],[-70.005933,-29.39604],[-70.007026,-29.395486],[-70.007677,-29.395338],[-70.008235,-29.395199],[-70.009045,-29.395136],[-70.009883,-29.394965],[-70.0105,-29.394496],[-70.010784,-29.394187],[-70.011729,-29.393347],[-70.01231,-29.392985],[-70.012614,-29.392719],[-70.012786,-29.392528],[-70.01305,-29.392198],[-70.013154,-29.392136],[-70.013488,-29.391755],[-70.014527,-29.390739],[-70.014794,-29.390263],[-70.014794,-29.389959],[-70.014727,-29.389778],[-70.014509,-29.389221],[-70.014477,-29.389096],[-70.014356,-29.388683],[-70.014328,-29.388417],[-70.014451,-29.388112],[-70.014756,-29.387741],[-70.015137,-29.387484],[-70.015651,-29.387217],[-70.016022,-29.386979],[-70.016307,-29.386827],[-70.016659,-29.386504],[-70.017288,-29.386161],[-70.017687,-29.385913],[-70.018442,-29.385493],[-70.018758,-29.385395],[-70.019053,-29.38531],[-70.019348,-29.385226],[-70.020423,-29.384762],[-70.020509,-29.384744],[-70.020594,-29.384721],[-70.020677,-29.384691],[-70.020757,-29.384655],[-70.021276,-29.3844],[-70.021437,-29.384096],[-70.021428,-29.383956],[-70.021499,-29.383549],[-70.021413,-29.383255],[-70.021279,-29.383066],[-70.020971,-29.382382],[-70.020752,-29.381954],[-70.020438,-29.381535],[-70.019829,-29.38065],[-70.018944,-29.37946],[-70.017335,-29.377776],[-70.01643,-29.376929],[-70.016195,-29.37665],[-70.01526,-29.375863],[-70.014975,-29.375568],[-70.014585,-29.374987],[-70.014261,-29.374492],[-70.014223,-29.374197],[-70.013928,-29.373578],[-70.013718,-29.37334],[-70.0135,-29.373007],[-70.012909,-29.37236],[-70.01251,-29.371741],[-70.011986,-29.371037],[-70.011605,-29.370228],[-70.01152,-29.369895],[-70.011539,-29.369743],[-70.011605,-29.369486],[-70.011748,-29.369305],[-70.01264,-29.368686],[-70.01316,-29.368325],[-70.013925,-29.367824],[-70.014599,-29.367656],[-70.015215,-29.367295],[-70.016175,-29.366543],[-70.016436,-29.366251],[-70.016993,-29.365155],[-70.01704,-29.364803],[-70.017173,-29.364451],[-70.016764,-29.363489],[-70.016621,-29.362985],[-70.016507,-29.362538],[-70.017001,-29.361757],[-70.017759,-29.361378],[-70.020414,-29.360114],[-70.021239,-29.359502],[-70.021514,-29.359244],[-70.021618,-29.359092],[-70.021732,-29.358921],[-70.021761,-29.358711],[-70.021761,-29.358597],[-70.021552,-29.358359],[-70.021228,-29.358102],[-70.0208,-29.357883],[-70.019867,-29.357379],[-70.019585,-29.356823],[-70.019046,-29.356165],[-70.018782,-29.355751],[-70.018489,-29.355259],[-70.018211,-29.354902],[-70.01804,-29.354659],[-70.017718,-29.354474],[-70.017269,-29.354288],[-70.01694,-29.354224],[-70.016289,-29.354184],[-70.016196,-29.35419],[-70.015303,-29.354078],[-70.014805,-29.354073],[-70.01442,-29.354088],[-70.013951,-29.354344],[-70.013185,-29.354481],[-70.012814,-29.354538],[-70.012436,-29.354645],[-70.012179,-29.354674],[-70.011644,-29.354773],[-70.011401,-29.354823],[-70.011278,-29.354844],[-70.011187,-29.354859],[-70.01108,-29.354852],[-70.010987,-29.354802],[-70.010773,-29.354609],[-70.010637,-29.354367],[-70.010487,-29.354045],[-70.010444,-29.353803],[-70.010507,-29.352956],[-70.01052,-29.352832],[-70.010539,-29.352709],[-70.010539,-29.352708],[-70.010701,-29.35184],[-70.01083,-29.351561],[-70.011008,-29.351261],[-70.011302,-29.350798],[-70.011355,-29.350676],[-70.01224,-29.349875],[-70.012479,-29.349767],[-70.012493,-29.349761],[-70.013632,-29.349012],[-70.013912,-29.348766],[-70.014024,-29.348667],[-70.014136,-29.348569],[-70.014352,-29.348352],[-70.015056,-29.347136],[-70.015641,-29.345665],[-70.016074,-29.345177],[-70.016538,-29.344629],[-70.01717,-29.343913],[-70.017254,-29.343534],[-70.017338,-29.343155],[-70.017329,-29.342982],[-70.017296,-29.342396],[-70.017223,-29.342346],[-70.016733,-29.34186],[-70.015659,-29.341524],[-70.014991,-29.341489],[-70.01464,-29.341365],[-70.014534,-29.34136],[-70.014142,-29.341261],[-70.013412,-29.341311],[-70.013163,-29.341301],[-70.012846,-29.341287],[-70.012806,-29.341285],[-70.012434,-29.34116],[-70.012418,-29.341133],[-70.012397,-29.341098],[-70.012211,-29.340855],[-70.012193,-29.340832],[-70.012243,-29.340554],[-70.012329,-29.340311],[-70.01295,-29.339833],[-70.013307,-29.339533],[-70.013428,-29.339347],[-70.013507,-29.339198],[-70.013564,-29.338991],[-70.013592,-29.338412],[-70.013591,-29.338078],[-70.013598,-29.338019],[-70.013564,-29.337584],[-70.013614,-29.337242],[-70.013892,-29.33697],[-70.014078,-29.336835],[-70.014519,-29.336689],[-70.015021,-29.336413],[-70.01573,-29.33622],[-70.016003,-29.336054],[-70.016052,-29.336024],[-70.016358,-29.335626],[-70.016364,-29.335619],[-70.016369,-29.335612],[-70.01679,-29.335065],[-70.016855,-29.33492],[-70.01717,-29.334222],[-70.017338,-29.333126],[-70.017358,-29.333058],[-70.017533,-29.332116],[-70.017647,-29.331973],[-70.017975,-29.331474],[-70.018347,-29.331195],[-70.01915,-29.331062],[-70.019184,-29.331062],[-70.019288,-29.331062],[-70.019529,-29.331062],[-70.020098,-29.331062],[-70.020131,-29.331051],[-70.020215,-29.331019],[-70.020297,-29.330981],[-70.020375,-29.330937],[-70.02045,-29.330887],[-70.020521,-29.330831],[-70.020587,-29.33077],[-70.020649,-29.330704],[-70.020705,-29.330634],[-70.020756,-29.330559],[-70.020801,-29.330481],[-70.02084,-29.3304],[-70.020872,-29.330316],[-70.020899,-29.330229],[-70.020918,-29.330141],[-70.020931,-29.330052],[-70.020937,-29.329962],[-70.020936,-29.329872],[-70.020928,-29.329782],[-70.020913,-29.329693],[-70.020892,-29.329606],[-70.020864,-29.32952],[-70.02083,-29.329437],[-70.020789,-29.329356],[-70.020742,-29.329279],[-70.02069,-29.329206],[-70.020632,-29.329137],[-70.020629,-29.329131],[-70.020477,-29.328879],[-70.020319,-29.328616],[-70.020107,-29.328263],[-70.020008,-29.328114],[-70.019908,-29.327965],[-70.019851,-29.326901],[-70.019879,-29.326786],[-70.0199,-29.32667],[-70.01991,-29.326586],[-70.019915,-29.326552],[-70.019922,-29.326434],[-70.019923,-29.326315],[-70.019917,-29.326197],[-70.019903,-29.326079],[-70.019883,-29.325963],[-70.019857,-29.325847],[-70.019823,-29.325734],[-70.019783,-29.325622],[-70.019737,-29.325513],[-70.019684,-29.325407],[-70.019625,-29.325304],[-70.019561,-29.325205],[-70.01949,-29.32511],[-70.019415,-29.325019],[-70.019402,-29.325005],[-70.019334,-29.324932],[-70.019248,-29.324851],[-70.019157,-29.324774],[-70.019111,-29.324635],[-70.019071,-29.324493],[-70.019038,-29.32435],[-70.019011,-29.324206],[-70.01899,-29.32406],[-70.018977,-29.323914],[-70.018969,-29.323767],[-70.018969,-29.32362],[-70.018975,-29.323473],[-70.018988,-29.323326],[-70.019007,-29.323181],[-70.019033,-29.323036],[-70.019042,-29.322997],[-70.019066,-29.322892],[-70.019066,-29.322825],[-70.019066,-29.322824],[-70.019087,-29.322702],[-70.019102,-29.322579],[-70.019112,-29.322455],[-70.019115,-29.322331],[-70.019113,-29.322204],[-70.019104,-29.322077],[-70.019089,-29.32195],[-70.019068,-29.321824],[-70.019041,-29.321699],[-70.019007,-29.321576],[-70.018968,-29.321455],[-70.018923,-29.321335],[-70.018872,-29.321218],[-70.018816,-29.321104],[-70.018753,-29.320992],[-70.018698,-29.320902],[-70.018639,-29.320815],[-70.018577,-29.32073],[-70.018511,-29.320647],[-70.01833,-29.320497],[-70.017903,-29.320375],[-70.01775,-29.320375],[-70.017598,-29.320375],[-70.016987,-29.320375],[-70.016316,-29.320497],[-70.015523,-29.320497],[-70.014607,-29.320069],[-70.013814,-29.319581],[-70.013326,-29.319356],[-70.013245,-29.319266],[-70.013169,-29.319172],[-70.013099,-29.319073],[-70.013033,-29.318971],[-70.012974,-29.318866],[-70.01292,-29.318758],[-70.012872,-29.318646],[-70.01283,-29.318533],[-70.012794,-29.318417],[-70.012765,-29.3183],[-70.012742,-29.318181],[-70.012728,-29.318086],[-70.012725,-29.318061],[-70.012715,-29.31794],[-70.012715,-29.317506],[-70.012386,-29.316776],[-70.011453,-29.31574],[-70.011006,-29.315187],[-70.010391,-29.314534],[-70.009781,-29.314226],[-70.009585,-29.314116],[-70.009063,-29.313826],[-70.007464,-29.312935],[-70.006945,-29.312778],[-70.006726,-29.312607],[-70.006622,-29.312445],[-70.006555,-29.312217],[-70.006507,-29.311769],[-70.006603,-29.311303],[-70.006736,-29.310894],[-70.006831,-29.310646],[-70.006869,-29.310304],[-70.006873,-29.309938],[-70.006872,-29.309871],[-70.006864,-29.309804],[-70.00685,-29.309739],[-70.006829,-29.309676],[-70.006802,-29.309615],[-70.006769,-29.309557],[-70.00673,-29.309502],[-70.006686,-29.309452],[-70.006637,-29.309406],[-70.006584,-29.309366],[-70.006527,-29.309331],[-70.006426,-29.309288],[-70.006041,-29.309124],[-70.00533,-29.309083],[-70.005143,-29.309055],[-70.004271,-29.309066],[-70.003452,-29.309066],[-70.002705,-29.3089],[-70.00173,-29.308514],[-70.001063,-29.308229],[-70.000163,-29.308029],[-69.999592,-29.307801],[-69.998984,-29.307518],[-69.996818,-29.304548],[-69.996454,-29.303677],[-69.996333,-29.303277],[-69.996233,-29.303034],[-69.996176,-29.302785],[-69.996215,-29.302384],[-69.997389,-29.300515],[-69.997568,-29.300343],[-69.997989,-29.300058],[-69.998534,-29.299646],[-69.998799,-29.2995],[-69.99889,-29.299409],[-69.998982,-29.299317],[-69.999412,-29.298885],[-69.999978,-29.298316],[-70.000335,-29.297559],[-70.000607,-29.296503],[-70.000678,-29.295532],[-70.000792,-29.295032],[-70.000996,-29.293622],[-70.001048,-29.293437],[-70.000464,-29.292291],[-70.00025,-29.291263],[-70.000254,-29.290263],[-69.999764,-29.289593],[-69.999322,-29.288993],[-69.999122,-29.288565],[-69.998751,-29.288108],[-69.998594,-29.287594],[-69.998394,-29.287152],[-69.998249,-29.286187],[-69.99799,-29.285798],[-69.997637,-29.285595],[-69.997252,-29.285253],[-69.996852,-29.284896],[-69.996347,-29.284432],[-69.996188,-29.284243],[-69.995481,-29.283709],[-69.994298,-29.282604],[-69.993663,-29.282146],[-69.992442,-29.281474],[-69.992198,-29.281322],[-69.991954,-29.281169],[-69.99055,-29.280864],[-69.989894,-29.280692],[-69.989466,-29.28052],[-69.988838,-29.279873],[-69.988098,-29.278581],[-69.987534,-29.278019],[-69.987486,-29.277946],[-69.987437,-29.277873],[-69.986894,-29.277602],[-69.986583,-29.277446],[-69.986155,-29.277263],[-69.9861,-29.277125],[-69.986033,-29.276958],[-69.983653,-29.275554],[-69.983234,-29.27542],[-69.981814,-29.275124],[-69.981313,-29.274807],[-69.979258,-29.27415],[-69.974742,-29.274028],[-69.97407,-29.27415],[-69.973651,-29.27436],[-69.973371,-29.274455],[-69.973057,-29.274562],[-69.972361,-29.274455],[-69.971751,-29.274333],[-69.970958,-29.27415],[-69.970164,-29.274028],[-69.969941,-29.273891],[-69.968875,-29.272991],[-69.968455,-29.272624],[-69.967845,-29.272258],[-69.967692,-29.272106],[-69.96754,-29.271953],[-69.967387,-29.271749],[-69.967173,-29.271465],[-69.96696,-29.271251],[-69.966746,-29.271037],[-69.966136,-29.270549],[-69.965892,-29.270397],[-69.965648,-29.270244],[-69.965407,-29.2701],[-69.96541,-29.270017],[-69.965407,-29.269935],[-69.965399,-29.269853],[-69.965385,-29.269772],[-69.965367,-29.269692],[-69.965356,-29.269657],[-69.965342,-29.269613],[-69.965311,-29.269531],[-69.965273,-29.269452],[-69.965231,-29.269375],[-69.965182,-29.269301],[-69.965129,-29.269231],[-69.965071,-29.269165],[-69.965037,-29.269145],[-69.964549,-29.269023],[-69.964183,-29.269023],[-69.963907,-29.269133],[-69.963877,-29.269145],[-69.963267,-29.269328],[-69.963105,-29.269393],[-69.962757,-29.269392],[-69.962623,-29.269354],[-69.962535,-29.269328],[-69.96168,-29.269328],[-69.960948,-29.269328],[-69.960643,-29.269328],[-69.960337,-29.269328],[-69.959483,-29.269328],[-69.959269,-29.269328],[-69.959056,-29.269328],[-69.958812,-29.269237],[-69.958567,-29.269145],[-69.958354,-29.269145],[-69.95814,-29.269145],[-69.957469,-29.26884],[-69.956858,-29.268535],[-69.956621,-29.268298],[-69.956592,-29.268233],[-69.956583,-29.268213],[-69.956538,-29.26813],[-69.956489,-29.268051],[-69.956434,-29.267975],[-69.956374,-29.267903],[-69.95631,-29.267835],[-69.956242,-29.267772],[-69.956169,-29.267713],[-69.956092,-29.267659],[-69.956013,-29.267611],[-69.955928,-29.267567],[-69.955841,-29.267528],[-69.955752,-29.267496],[-69.95566,-29.26747],[-69.955567,-29.26745],[-69.955473,-29.267436],[-69.955363,-29.267436],[-69.954966,-29.267436],[-69.954661,-29.267253],[-69.954585,-29.267207],[-69.954356,-29.26707],[-69.953868,-29.266826],[-69.953715,-29.266826],[-69.953563,-29.266826],[-69.952952,-29.266826],[-69.952708,-29.266887],[-69.952464,-29.266948],[-69.951976,-29.266826],[-69.951365,-29.266338],[-69.95045,-29.265727],[-69.950252,-29.265584],[-69.94951,-29.264787],[-69.949263,-29.264511],[-69.949158,-29.264331],[-69.94883,-29.264162],[-69.948558,-29.263957],[-69.947886,-29.263652],[-69.947276,-29.263164],[-69.947197,-29.263085],[-69.946407,-29.261961],[-69.945918,-29.260999],[-69.945872,-29.260845],[-69.945855,-29.260713],[-69.945922,-29.260076],[-69.945779,-29.259581],[-69.945617,-29.259315],[-69.944806,-29.258403],[-69.944468,-29.257854],[-69.943581,-29.256907],[-69.943295,-29.25644],[-69.942981,-29.256003],[-69.942819,-29.255746],[-69.942467,-29.255251],[-69.941982,-29.254546],[-69.941924,-29.254023],[-69.941753,-29.253709],[-69.941325,-29.2529],[-69.940954,-29.252281],[-69.940488,-29.251651],[-69.940419,-29.251622],[-69.939088,-29.251063],[-69.938498,-29.250282],[-69.938155,-29.249921],[-69.938022,-29.249635],[-69.937984,-29.24914],[-69.937586,-29.248006],[-69.937361,-29.247678],[-69.93686,-29.246761],[-69.936568,-29.245925],[-69.936507,-29.245437],[-69.936568,-29.245132],[-69.936824,-29.244918],[-69.9373,-29.244521],[-69.937972,-29.244033],[-69.938582,-29.243423],[-69.939009,-29.242446],[-69.939009,-29.242141],[-69.939009,-29.241836],[-69.93907,-29.241348],[-69.938956,-29.241082],[-69.938912,-29.240977],[-69.938887,-29.24092],[-69.938765,-29.240432],[-69.938765,-29.239822],[-69.938673,-29.239578],[-69.938582,-29.239333],[-69.938582,-29.238723],[-69.938737,-29.238009],[-69.938887,-29.237319],[-69.938887,-29.236526],[-69.938979,-29.236434],[-69.93907,-29.236343],[-69.939314,-29.236038],[-69.939497,-29.235732],[-69.939497,-29.235366],[-69.939497,-29.234451],[-69.939497,-29.234261],[-69.939497,-29.234035],[-69.939497,-29.233962],[-69.939507,-29.23394],[-69.939681,-29.233535],[-69.939681,-29.233047],[-69.939742,-29.232833],[-69.939803,-29.23262],[-69.939986,-29.231948],[-69.940291,-29.231338],[-69.940444,-29.231185],[-69.940596,-29.231033],[-69.941573,-29.23085],[-69.942488,-29.23085],[-69.942702,-29.23085],[-69.942915,-29.23085],[-69.943178,-29.230784],[-69.943404,-29.230727],[-69.943587,-29.230727],[-69.94377,-29.230727],[-69.944563,-29.230422],[-69.945296,-29.230117],[-69.94554,-29.230026],[-69.945784,-29.229934],[-69.946517,-29.229446],[-69.946883,-29.228835],[-69.947066,-29.228225],[-69.947188,-29.227248],[-69.947371,-29.226516],[-69.947493,-29.226333],[-69.947615,-29.22615],[-69.947798,-29.225723],[-69.947798,-29.225051],[-69.94789,-29.224807],[-69.947981,-29.224563],[-69.948287,-29.223953],[-69.948531,-29.2238],[-69.948775,-29.223647],[-69.949263,-29.22322],[-69.949416,-29.223068],[-69.949568,-29.222915],[-69.949873,-29.222366],[-69.950179,-29.22145],[-69.950301,-29.22084],[-69.950362,-29.220229],[-69.950423,-29.219985],[-69.950484,-29.219741],[-69.950575,-29.219497],[-69.950667,-29.219253],[-69.950728,-29.219009],[-69.950789,-29.218765],[-69.950972,-29.218154],[-69.951094,-29.217544],[-69.951582,-29.21675],[-69.951766,-29.216262],[-69.951827,-29.216049],[-69.951888,-29.215835],[-69.951888,-29.215347],[-69.951766,-29.214736],[-69.951766,-29.214655],[-69.951766,-29.214574],[-69.951766,-29.213821],[-69.951766,-29.213516],[-69.951793,-29.213367],[-69.951817,-29.213233],[-69.951888,-29.212844],[-69.951831,-29.212759],[-69.951775,-29.212674],[-69.951279,-29.211926],[-69.951213,-29.211827],[-69.951019,-29.211619],[-69.949996,-29.210525],[-69.949934,-29.210342],[-69.949873,-29.210159],[-69.949568,-29.209426],[-69.949385,-29.208816],[-69.949261,-29.208723],[-69.94847,-29.207961],[-69.947798,-29.207717],[-69.947493,-29.207687],[-69.947188,-29.207656],[-69.946578,-29.207656],[-69.945479,-29.207351],[-69.944991,-29.206863],[-69.944838,-29.206649],[-69.944685,-29.206435],[-69.944502,-29.205032],[-69.944563,-29.204055],[-69.944582,-29.204024],[-69.9446,-29.203993],[-69.944991,-29.203323],[-69.945784,-29.202346],[-69.946211,-29.201553],[-69.946329,-29.201474],[-69.946394,-29.201431],[-69.946578,-29.201125],[-69.946935,-29.200545],[-69.947433,-29.200149],[-69.948204,-29.199178],[-69.948775,-29.197952],[-69.948897,-29.197158],[-69.949263,-29.196365],[-69.949568,-29.195815],[-69.94969,-29.195632],[-69.949812,-29.195449],[-69.949996,-29.195022],[-69.950087,-29.194778],[-69.950971,-29.193558],[-69.951203,-29.193237],[-69.951766,-29.192458],[-69.952193,-29.191726],[-69.952498,-29.191238],[-69.952483,-29.191177],[-69.95254,-29.191046],[-69.952543,-29.191037],[-69.952561,-29.19099],[-69.952597,-29.190895],[-69.952645,-29.19075],[-69.952685,-29.190603],[-69.952719,-29.190454],[-69.952746,-29.190304],[-69.952747,-29.190293],[-69.952765,-29.190153],[-69.952783,-29.189993],[-69.952839,-29.189493],[-69.952803,-29.189322],[-69.952689,-29.189165],[-69.952496,-29.189051],[-69.952318,-29.188922],[-69.952096,-29.188844],[-69.951836,-29.18876],[-69.951788,-29.188745],[-69.951472,-29.188643],[-69.951342,-29.188576],[-69.951277,-29.188552],[-69.951125,-29.188461],[-69.950972,-29.188369],[-69.949996,-29.188247],[-69.949202,-29.188125],[-69.947676,-29.187942],[-69.947371,-29.18782],[-69.947005,-29.187637],[-69.946517,-29.187331],[-69.945662,-29.187148],[-69.945387,-29.18724],[-69.945113,-29.187331],[-69.94438,-29.187637],[-69.94377,-29.18782],[-69.943099,-29.18782],[-69.942305,-29.18782],[-69.941695,-29.187942],[-69.941542,-29.188003],[-69.94139,-29.188064],[-69.940596,-29.188247],[-69.939497,-29.188064],[-69.938399,-29.188064],[-69.937972,-29.188064],[-69.937621,-29.187947],[-69.937605,-29.187942],[-69.936995,-29.18782],[-69.935774,-29.187942],[-69.935591,-29.188003],[-69.935408,-29.188064],[-69.933641,-29.188272],[-69.932944,-29.188536],[-69.931259,-29.188325],[-69.928351,-29.187988],[-69.926287,-29.187441],[-69.925035,-29.186648],[-69.924932,-29.186632],[-69.924892,-29.186623],[-69.92483,-29.186609],[-69.924729,-29.18658],[-69.924631,-29.186543],[-69.924536,-29.1865],[-69.924443,-29.18645],[-69.924355,-29.186395],[-69.92427,-29.186333],[-69.92419,-29.186266],[-69.924114,-29.186194],[-69.924044,-29.186116],[-69.923979,-29.186034],[-69.92392,-29.185948],[-69.923866,-29.185858],[-69.923819,-29.185764],[-69.923779,-29.185667],[-69.923745,-29.185568],[-69.923727,-29.185501],[-69.923718,-29.185467],[-69.923698,-29.185365],[-69.923295,-29.184449],[-69.922326,-29.183691],[-69.921778,-29.1823],[-69.921415,-29.181807],[-69.921402,-29.18169],[-69.920759,-29.180466],[-69.92067,-29.180389],[-69.920577,-29.180317],[-69.920556,-29.180278],[-69.919629,-29.17973],[-69.918618,-29.179899],[-69.918405,-29.17982],[-69.918191,-29.17974],[-69.917481,-29.179477],[-69.916048,-29.178887],[-69.915374,-29.178297],[-69.914952,-29.177581],[-69.914405,-29.176991],[-69.914311,-29.176867],[-69.914218,-29.176743],[-69.91396,-29.176399],[-69.913954,-29.176319],[-69.913941,-29.176241],[-69.913931,-29.176198],[-69.913922,-29.176164],[-69.913897,-29.176088],[-69.913866,-29.176015],[-69.913829,-29.175945],[-69.913786,-29.175878],[-69.913738,-29.175815],[-69.913685,-29.175756],[-69.913627,-29.175701],[-69.913565,-29.175651],[-69.913499,-29.175607],[-69.91343,-29.175568],[-69.913358,-29.175535],[-69.913283,-29.175508],[-69.913279,-29.175506],[-69.913207,-29.175486],[-69.913128,-29.175472],[-69.913049,-29.175463],[-69.912533,-29.175095],[-69.912218,-29.174602],[-69.91204,-29.17436],[-69.911768,-29.17416],[-69.911397,-29.174017],[-69.910883,-29.173874],[-69.910781,-29.173831],[-69.910426,-29.173703],[-69.909977,-29.173282],[-69.909745,-29.172996],[-69.908295,-29.171851],[-69.906947,-29.171008],[-69.905683,-29.17025],[-69.905262,-29.169899],[-69.905193,-29.169787],[-69.905124,-29.169676],[-69.90492,-29.169337],[-69.904821,-29.169167],[-69.904722,-29.168996],[-69.904528,-29.168651],[-69.904436,-29.168481],[-69.904343,-29.16831],[-69.904164,-29.167966],[-69.904076,-29.167792],[-69.903765,-29.166814],[-69.903241,-29.166036],[-69.903191,-29.16593],[-69.903148,-29.165822],[-69.903112,-29.165711],[-69.903082,-29.165598],[-69.903058,-29.165484],[-69.903042,-29.165368],[-69.903032,-29.165252],[-69.903029,-29.165136],[-69.903032,-29.165019],[-69.903043,-29.164903],[-69.903013,-29.163558],[-69.902888,-29.162755],[-69.902753,-29.162289],[-69.902613,-29.162056],[-69.902556,-29.162008],[-69.902109,-29.161274],[-69.901867,-29.160726],[-69.901846,-29.160361],[-69.901845,-29.160353],[-69.901827,-29.160265],[-69.901802,-29.160179],[-69.901771,-29.160094],[-69.901734,-29.160013],[-69.901691,-29.159934],[-69.901642,-29.159859],[-69.901588,-29.159787],[-69.901528,-29.15972],[-69.901464,-29.159657],[-69.901395,-29.159599],[-69.901322,-29.159547],[-69.901245,-29.1595],[-69.901165,-29.159459],[-69.901083,-29.159424],[-69.900996,-29.159395],[-69.900908,-29.159372],[-69.900818,-29.159357],[-69.900727,-29.159348],[-69.900642,-29.159345],[-69.900556,-29.159349],[-69.900471,-29.159359],[-69.900371,-29.159364],[-69.898992,-29.159483],[-69.898016,-29.159293],[-69.897541,-29.158977],[-69.896958,-29.158662],[-69.895962,-29.158601],[-69.895865,-29.158578],[-69.89359,-29.158494],[-69.892889,-29.158027],[-69.892631,-29.157624],[-69.892531,-29.157431],[-69.892245,-29.157138],[-69.891896,-29.15689],[-69.891599,-29.156707],[-69.891397,-29.156582],[-69.890865,-29.1562],[-69.890371,-29.155845],[-69.890284,-29.155826],[-69.890208,-29.155802],[-69.8902,-29.1558],[-69.890118,-29.155767],[-69.890038,-29.155728],[-69.889963,-29.155682],[-69.889891,-29.15563],[-69.889823,-29.155573],[-69.889761,-29.155511],[-69.889703,-29.155443],[-69.889652,-29.155372],[-69.889606,-29.155296],[-69.889568,-29.15522],[-69.889511,-29.154468],[-69.889512,-29.154064],[-69.889491,-29.153212],[-69.889485,-29.152975],[-69.889484,-29.152952],[-69.889479,-29.15276],[-69.889446,-29.151924],[-69.889145,-29.151356],[-69.888476,-29.150821],[-69.887941,-29.150353],[-69.887373,-29.149183],[-69.886932,-29.14887],[-69.886151,-29.148318],[-69.885952,-29.148171],[-69.885753,-29.148024],[-69.884952,-29.146932],[-69.884881,-29.146698],[-69.884876,-29.146565],[-69.884869,-29.14649],[-69.884864,-29.146431],[-69.884845,-29.146299],[-69.884819,-29.146168],[-69.884787,-29.146038],[-69.884747,-29.14591],[-69.884701,-29.145784],[-69.884649,-29.145661],[-69.88459,-29.145541],[-69.884525,-29.145424],[-69.884454,-29.145311],[-69.884377,-29.145201],[-69.884295,-29.145096],[-69.884207,-29.144995],[-69.884139,-29.144924],[-69.884114,-29.144898],[-69.884016,-29.144807],[-69.883183,-29.143684],[-69.880055,-29.141491],[-69.878704,-29.140627],[-69.878254,-29.140242],[-69.877497,-29.139692],[-69.876912,-29.139399],[-69.876121,-29.138899],[-69.87601,-29.13888],[-69.875898,-29.138868],[-69.875786,-29.138861],[-69.875667,-29.138862],[-69.875549,-29.138869],[-69.875431,-29.138883],[-69.875314,-29.138905],[-69.875199,-29.138933],[-69.875085,-29.138969],[-69.874974,-29.13901],[-69.874866,-29.139059],[-69.874831,-29.139078],[-69.874761,-29.139114],[-69.874659,-29.139175],[-69.87345,-29.139512],[-69.872649,-29.139555],[-69.872055,-29.139304],[-69.871481,-29.139261],[-69.871229,-29.13929],[-69.870572,-29.139216],[-69.870003,-29.139401],[-69.869236,-29.139428],[-69.868309,-29.139386],[-69.867298,-29.138838],[-69.866118,-29.13749],[-69.865982,-29.137305],[-69.864749,-29.135668],[-69.863736,-29.135161],[-69.862617,-29.134858],[-69.862069,-29.134756],[-69.861206,-29.134675],[-69.860346,-29.134498],[-69.859827,-29.134256],[-69.859333,-29.13397],[-69.858788,-29.133521],[-69.858423,-29.133221],[-69.857986,-29.133108],[-69.856512,-29.133192],[-69.855353,-29.133136],[-69.855275,-29.13316],[-69.854705,-29.133149],[-69.853749,-29.133635],[-69.85266,-29.133171],[-69.852137,-29.133179],[-69.850829,-29.133714],[-69.849651,-29.134214],[-69.848878,-29.134265],[-69.847846,-29.134371],[-69.84639,-29.134314],[-69.845619,-29.134171],[-69.845105,-29.133857],[-69.843878,-29.131785],[-69.84376,-29.131586],[-69.843684,-29.131454],[-69.843052,-29.13078],[-69.841702,-29.130172],[-69.841367,-29.130022],[-69.840231,-29.129596],[-69.840151,-29.129542],[-69.840085,-29.129504],[-69.840068,-29.129494],[-69.839982,-29.12945],[-69.839894,-29.129412],[-69.839804,-29.129378],[-69.839711,-29.12935],[-69.839618,-29.129328],[-69.839523,-29.129311],[-69.839425,-29.129299],[-69.839327,-29.129293],[-69.839228,-29.129293],[-69.83913,-29.129299],[-69.839032,-29.129311],[-69.838935,-29.129328],[-69.83884,-29.129352],[-69.838746,-29.129381],[-69.838654,-29.129415],[-69.838564,-29.129455],[-69.838477,-29.1295],[-69.838392,-29.129551],[-69.838311,-29.129606],[-69.83825,-29.129653],[-69.838233,-29.129666],[-69.837701,-29.129979],[-69.837476,-29.130069],[-69.837334,-29.130172],[-69.836939,-29.130459],[-69.836539,-29.130545],[-69.835975,-29.130338],[-69.835683,-29.13023],[-69.835593,-29.130172],[-69.835566,-29.130154],[-69.835554,-29.130146],[-69.835421,-29.130069],[-69.835285,-29.129997],[-69.835145,-29.129932],[-69.835003,-29.129873],[-69.83404,-29.129831],[-69.832454,-29.129918],[-69.831908,-29.13003],[-69.831657,-29.130044],[-69.831406,-29.130057],[-69.830926,-29.130172],[-69.827845,-29.13091],[-69.826956,-29.131412],[-69.826606,-29.131503],[-69.825688,-29.131844],[-69.825246,-29.131844],[-69.824661,-29.131816],[-69.824018,-29.131659],[-69.823388,-29.131243],[-69.823206,-29.131201],[-69.8219,-29.130949],[-69.821058,-29.130906],[-69.820299,-29.130949],[-69.819432,-29.1312],[-69.819213,-29.131264],[-69.818993,-29.131328],[-69.817181,-29.131833],[-69.816833,-29.131853],[-69.814954,-29.132169],[-69.813697,-29.132312],[-69.811142,-29.132212],[-69.809427,-29.132176],[-69.808881,-29.132227],[-69.807944,-29.132455],[-69.807069,-29.132381],[-69.806353,-29.132423],[-69.804288,-29.133266],[-69.803722,-29.133442],[-69.80209,-29.133968],[-69.799948,-29.13394],[-69.798979,-29.133856],[-69.796999,-29.133814],[-69.795355,-29.134024],[-69.793965,-29.134488],[-69.793122,-29.134699],[-69.792396,-29.134767],[-69.790622,-29.133995],[-69.789878,-29.133729],[-69.78974,-29.133684],[-69.788499,-29.133397],[-69.788285,-29.13314],[-69.788099,-29.132683],[-69.787828,-29.131712],[-69.787442,-29.130884],[-69.787257,-29.130556],[-69.787362,-29.130172],[-69.787392,-29.130064],[-69.787534,-29.129841],[-69.787675,-29.129619],[-69.7879,-29.129265],[-69.788369,-29.127343],[-69.78841,-29.126941],[-69.788333,-29.125526],[-69.788199,-29.125245],[-69.788156,-29.12456],[-69.788299,-29.123674],[-69.78853,-29.122901],[-69.788989,-29.12204],[-69.789204,-29.121637],[-69.789244,-29.121468],[-69.789505,-29.120365],[-69.789769,-29.118192],[-69.790083,-29.117264],[-69.790383,-29.116522],[-69.791,-29.115687],[-69.791353,-29.114874],[-69.791732,-29.113989],[-69.791522,-29.112522],[-69.791069,-29.111939],[-69.790352,-29.110898],[-69.78992,-29.110534],[-69.788825,-29.109565],[-69.787385,-29.108213],[-69.786643,-29.107026],[-69.786157,-29.105629],[-69.785686,-29.104358],[-69.785322,-29.103398],[-69.785264,-29.103266],[-69.785212,-29.103132],[-69.785165,-29.102995],[-69.785125,-29.102857],[-69.785092,-29.102717],[-69.785065,-29.102575],[-69.785044,-29.102433],[-69.78503,-29.102289],[-69.785022,-29.102145],[-69.785021,-29.102001],[-69.785027,-29.101857],[-69.785039,-29.101714],[-69.785058,-29.101571],[-69.785083,-29.101429],[-69.785114,-29.101288],[-69.785152,-29.101149],[-69.785197,-29.101012],[-69.785247,-29.100877],[-69.785249,-29.100874],[-69.785304,-29.100745],[-69.785311,-29.10067],[-69.785314,-29.100638],[-69.785328,-29.100532],[-69.785789,-29.099587],[-69.78584,-29.099483],[-69.785891,-29.099378],[-69.786174,-29.098936],[-69.786513,-29.098408],[-69.78662,-29.09824],[-69.786727,-29.098073],[-69.787229,-29.09737],[-69.787698,-29.096701],[-69.787908,-29.0961],[-69.78792,-29.096066],[-69.787932,-29.096032],[-69.788066,-29.095095],[-69.7884,-29.094292],[-69.788835,-29.092887],[-69.789103,-29.092418],[-69.789162,-29.092367],[-69.789605,-29.091983],[-69.789973,-29.091481],[-69.790057,-29.091201],[-69.790141,-29.090921],[-69.790375,-29.090143],[-69.790709,-29.088804],[-69.791155,-29.087912],[-69.79125,-29.087722],[-69.791345,-29.087533],[-69.791914,-29.086696],[-69.792717,-29.085893],[-69.79352,-29.08499],[-69.794524,-29.083919],[-69.795226,-29.083417],[-69.795963,-29.083016],[-69.796398,-29.082547],[-69.796565,-29.082112],[-69.796575,-29.081892],[-69.796598,-29.081376],[-69.796096,-29.080941],[-69.79516,-29.079837],[-69.79449,-29.079],[-69.793955,-29.078264],[-69.793487,-29.077628],[-69.79348,-29.077502],[-69.793211,-29.07648],[-69.793053,-29.075652],[-69.792939,-29.075124],[-69.792939,-29.07471],[-69.793085,-29.074424],[-69.79352,-29.073981],[-69.793549,-29.073949],[-69.79363,-29.073859],[-69.793821,-29.073646],[-69.793988,-29.073044],[-69.793991,-29.073026],[-69.793993,-29.073008],[-69.794089,-29.072208],[-69.794557,-29.07107],[-69.794591,-29.070802],[-69.794624,-29.070535],[-69.794631,-29.070316],[-69.794658,-29.06943],[-69.794725,-29.069179],[-69.794792,-29.068928],[-69.794691,-29.068226],[-69.794457,-29.068075],[-69.794223,-29.067925],[-69.79352,-29.067623],[-69.793052,-29.067155],[-69.791351,-29.065505],[-69.791283,-29.06547],[-69.791218,-29.065429],[-69.791158,-29.065382],[-69.791101,-29.06533],[-69.79105,-29.065273],[-69.791003,-29.065213],[-69.790962,-29.065148],[-69.790929,-29.065084],[-69.790927,-29.06508],[-69.790898,-29.065009],[-69.790875,-29.064936],[-69.790859,-29.064861],[-69.79085,-29.064786],[-69.790847,-29.064711],[-69.790851,-29.064635],[-69.790861,-29.06456],[-69.790878,-29.064485],[-69.790901,-29.064413],[-69.790931,-29.064342],[-69.790966,-29.064275],[-69.791008,-29.064211],[-69.791054,-29.06415],[-69.791106,-29.064094],[-69.791163,-29.064043],[-69.791224,-29.063997],[-69.791289,-29.063957],[-69.791325,-29.063938],[-69.791331,-29.063935],[-69.791356,-29.063922],[-69.791427,-29.063893],[-69.791816,-29.063449],[-69.792785,-29.062775],[-69.793333,-29.061932],[-69.793377,-29.06174],[-69.79342,-29.061548],[-69.793544,-29.061005],[-69.793754,-29.059825],[-69.794132,-29.059347],[-69.794259,-29.059186],[-69.794386,-29.059025],[-69.794618,-29.058355],[-69.794692,-29.058142],[-69.794766,-29.057929],[-69.794555,-29.057044],[-69.793816,-29.056428],[-69.793806,-29.05642],[-69.793797,-29.056412],[-69.793207,-29.055822],[-69.793115,-29.05568],[-69.793044,-29.055592],[-69.792978,-29.055501],[-69.792918,-29.055406],[-69.792862,-29.055308],[-69.792812,-29.055206],[-69.792767,-29.055099],[-69.792728,-29.05499],[-69.792695,-29.054878],[-69.792668,-29.054765],[-69.792648,-29.05465],[-69.792635,-29.054535],[-69.792628,-29.054418],[-69.792628,-29.054302],[-69.792635,-29.054182],[-69.792649,-29.054063],[-69.79267,-29.053945],[-69.792698,-29.053828],[-69.792732,-29.053713],[-69.792774,-29.0536],[-69.792822,-29.05349],[-69.792877,-29.053383],[-69.792937,-29.053279],[-69.793004,-29.05318],[-69.793077,-29.053084],[-69.793124,-29.053028],[-69.793155,-29.052993],[-69.793238,-29.052906],[-69.793327,-29.052825],[-69.793331,-29.052821],[-69.79342,-29.052749],[-69.793517,-29.052678],[-69.793607,-29.052525],[-69.793644,-29.052389],[-69.793673,-29.052252],[-69.793696,-29.052114],[-69.793712,-29.051975],[-69.793715,-29.05193],[-69.793721,-29.051847],[-69.793722,-29.051788],[-69.793724,-29.051718],[-69.793721,-29.05159],[-69.793712,-29.051462],[-69.793697,-29.051325],[-69.793674,-29.051189],[-69.793645,-29.051055],[-69.79361,-29.050922],[-69.793569,-29.05079],[-69.793521,-29.050661],[-69.793467,-29.050535],[-69.793406,-29.050411],[-69.79334,-29.05029],[-69.793269,-29.050173],[-69.792617,-29.049776],[-69.79169,-29.049313],[-69.791016,-29.048933],[-69.790521,-29.048526],[-69.79041,-29.048435],[-69.790299,-29.048344],[-69.790136,-29.047762],[-69.79015,-29.04762],[-69.790156,-29.047478],[-69.790156,-29.047439],[-69.790157,-29.047335],[-69.790151,-29.047192],[-69.790138,-29.04705],[-69.790119,-29.046909],[-69.790094,-29.046769],[-69.790062,-29.04663],[-69.790025,-29.046492],[-69.789981,-29.046356],[-69.789931,-29.046223],[-69.789872,-29.046086],[-69.789808,-29.045952],[-69.789737,-29.045822],[-69.78966,-29.045695],[-69.789577,-29.045572],[-69.789488,-29.045452],[-69.789394,-29.045337],[-69.789295,-29.045227],[-69.789191,-29.045121],[-69.788923,-29.04492],[-69.788656,-29.04472],[-69.78853,-29.044561],[-69.788455,-29.044466],[-69.788436,-29.04445],[-69.78838,-29.044402],[-69.78831,-29.044333],[-69.788244,-29.044261],[-69.788183,-29.044184],[-69.788127,-29.044103],[-69.788077,-29.044019],[-69.788032,-29.043931],[-69.787992,-29.043841],[-69.787959,-29.043749],[-69.787932,-29.043654],[-69.78791,-29.043558],[-69.787896,-29.043461],[-69.787887,-29.043363],[-69.787885,-29.043274],[-69.787887,-29.043186],[-69.787896,-29.043097],[-69.787909,-29.04301],[-69.787927,-29.042923],[-69.787954,-29.042824],[-69.787989,-29.042726],[-69.788029,-29.042633],[-69.788075,-29.042542],[-69.788128,-29.042454],[-69.788186,-29.04237],[-69.78825,-29.042291],[-69.788319,-29.042215],[-69.788355,-29.042181],[-69.788393,-29.042145],[-69.788471,-29.04208],[-69.788472,-29.042079],[-69.788554,-29.04202],[-69.78864,-29.041965],[-69.788777,-29.041765],[-69.788873,-29.041676],[-69.788964,-29.041583],[-69.789051,-29.041485],[-69.789134,-29.041384],[-69.789212,-29.041278],[-69.789285,-29.04117],[-69.789352,-29.041058],[-69.789415,-29.040943],[-69.789472,-29.040825],[-69.789524,-29.040705],[-69.789569,-29.040583],[-69.789609,-29.040459],[-69.789632,-29.040375],[-69.789643,-29.040334],[-69.789672,-29.040207],[-69.789695,-29.040079],[-69.789711,-29.03995],[-69.789722,-29.03982],[-69.789727,-29.03969],[-69.789725,-29.03956],[-69.789718,-29.03943],[-69.789716,-29.039406],[-69.789709,-29.039327],[-69.789162,-29.038526],[-69.788319,-29.037894],[-69.787729,-29.037641],[-69.787089,-29.037476],[-69.787,-29.037482],[-69.786963,-29.037482],[-69.786912,-29.037481],[-69.786823,-29.037473],[-69.786736,-29.037458],[-69.78665,-29.037437],[-69.786566,-29.037408],[-69.786485,-29.037373],[-69.786406,-29.037331],[-69.786332,-29.037284],[-69.786261,-29.03723],[-69.786195,-29.037171],[-69.786133,-29.037107],[-69.786085,-29.037049],[-69.786041,-29.036988],[-69.786002,-29.036924],[-69.785961,-29.036847],[-69.785927,-29.036766],[-69.785899,-29.036684],[-69.785878,-29.036599],[-69.785863,-29.036513],[-69.785856,-29.036427],[-69.785855,-29.03634],[-69.78586,-29.036253],[-69.785873,-29.036166],[-69.785892,-29.036081],[-69.785918,-29.035998],[-69.785951,-29.035917],[-69.785989,-29.035839],[-69.786034,-29.035764],[-69.786084,-29.035693],[-69.78614,-29.035626],[-69.786163,-29.035582],[-69.786327,-29.035265],[-69.786591,-29.034755],[-69.786607,-29.034656],[-69.786634,-29.034491],[-69.786605,-29.034409],[-69.786583,-29.034324],[-69.78658,-29.034305],[-69.786567,-29.034238],[-69.786558,-29.034151],[-69.786555,-29.034064],[-69.786559,-29.033977],[-69.786569,-29.03389],[-69.786585,-29.033804],[-69.786608,-29.03372],[-69.786637,-29.033638],[-69.786672,-29.033558],[-69.786713,-29.033481],[-69.78676,-29.033407],[-69.786808,-29.033342],[-69.78686,-29.03328],[-69.786916,-29.033223],[-69.786976,-29.033169],[-69.787019,-29.033136],[-69.78704,-29.03312],[-69.787107,-29.033075],[-69.787177,-29.033034],[-69.787249,-29.032999],[-69.787301,-29.032977],[-69.787308,-29.032975],[-69.787354,-29.032958],[-69.78741,-29.032941],[-69.787457,-29.032927],[-69.787813,-29.032817],[-69.787861,-29.032742],[-69.787889,-29.032698],[-69.787916,-29.032653],[-69.787959,-29.03257],[-69.787996,-29.032484],[-69.788027,-29.032395],[-69.788051,-29.032304],[-69.788068,-29.032217],[-69.788078,-29.032129],[-69.788082,-29.032053],[-69.788082,-29.031978],[-69.788077,-29.031915],[-69.788077,-29.031902],[-69.788067,-29.031827],[-69.788049,-29.031736],[-69.788025,-29.031647],[-69.787995,-29.03156],[-69.787958,-29.031476],[-69.787916,-29.031394],[-69.787867,-29.031316],[-69.787863,-29.031306],[-69.787792,-29.031242],[-69.787729,-29.031177],[-69.787725,-29.031173],[-69.787663,-29.031099],[-69.787606,-29.031022],[-69.787554,-29.030941],[-69.787509,-29.030857],[-69.787469,-29.030769],[-69.787435,-29.03068],[-69.787407,-29.030588],[-69.787386,-29.030494],[-69.787371,-29.030399],[-69.787363,-29.030303],[-69.787361,-29.030228],[-69.787363,-29.030152],[-69.787369,-29.030077],[-69.787379,-29.030002],[-69.787399,-29.029905],[-69.787425,-29.02981],[-69.787458,-29.029717],[-69.787497,-29.029627],[-69.787539,-29.029546],[-69.787543,-29.029539],[-69.787561,-29.029488],[-69.787821,-29.028481],[-69.787841,-29.028418],[-69.787857,-29.028355],[-69.78787,-29.02829],[-69.78788,-29.028216],[-69.787885,-29.028142],[-69.787886,-29.028068],[-69.787883,-29.028006],[-69.787877,-29.027945],[-69.787868,-29.027885],[-69.787849,-29.027799],[-69.787824,-29.027714],[-69.787792,-29.027632],[-69.787755,-29.027552],[-69.787711,-29.027475],[-69.787662,-29.027402],[-69.787608,-29.027333],[-69.787548,-29.027268],[-69.787484,-29.027207],[-69.787415,-29.027152],[-69.787343,-29.027101],[-69.787267,-29.027057],[-69.787188,-29.027018],[-69.787106,-29.026985],[-69.787022,-29.026959],[-69.786936,-29.026939],[-69.786849,-29.026925],[-69.786761,-29.026918],[-69.786326,-29.026918],[-69.786273,-29.026937],[-69.78627,-29.026938],[-69.786213,-29.026951],[-69.786154,-29.026958],[-69.786095,-29.026958],[-69.786037,-29.026951],[-69.78598,-29.026938],[-69.785924,-29.026918],[-69.785889,-29.026902],[-69.785856,-29.026883],[-69.785807,-29.026849],[-69.785762,-29.02681],[-69.785721,-29.026765],[-69.785686,-29.026717],[-69.785657,-29.026664],[-69.785635,-29.026608],[-69.785618,-29.026551],[-69.785609,-29.026491],[-69.785607,-29.026447],[-69.785607,-29.026431],[-69.785469,-29.026181],[-69.785201,-29.025696],[-69.784876,-29.024991],[-69.784789,-29.024838],[-69.784703,-29.024685],[-69.784525,-29.024381],[-69.784501,-29.024263],[-69.78449,-29.024221],[-69.78447,-29.024147],[-69.784433,-29.024032],[-69.78439,-29.023919],[-69.78434,-29.023809],[-69.784285,-29.023702],[-69.784224,-29.023598],[-69.784157,-29.023498],[-69.784084,-29.023401],[-69.784007,-29.023309],[-69.783924,-29.023221],[-69.783837,-29.023138],[-69.783745,-29.02306],[-69.783716,-29.023038],[-69.783649,-29.022987],[-69.783549,-29.022919],[-69.783409,-29.022732],[-69.782733,-29.022153],[-69.78142,-29.020083],[-69.781234,-29.019655],[-69.781291,-29.019198],[-69.781506,-29.01877],[-69.781734,-29.018456],[-69.781791,-29.018056],[-69.78192,-29.017828],[-69.78216,-29.017698],[-69.782354,-29.017593],[-69.782515,-29.017526],[-69.782988,-29.017317],[-69.783383,-29.017142],[-69.783476,-29.017121],[-69.783918,-29.016914],[-69.784432,-29.016457],[-69.78476,-29.015996],[-69.784931,-29.015756],[-69.785053,-29.015585],[-69.785082,-29.01552],[-69.785104,-29.015454],[-69.785119,-29.015385],[-69.785128,-29.015315],[-69.78513,-29.015245],[-69.78513,-29.015245],[-69.785124,-29.015174],[-69.785112,-29.015105],[-69.785093,-29.015037],[-69.785067,-29.014972],[-69.785035,-29.014909],[-69.784997,-29.01485],[-69.784953,-29.014795],[-69.784904,-29.014744],[-69.78485,-29.014699],[-69.784792,-29.014659],[-69.78473,-29.014625],[-69.784666,-29.014598],[-69.784599,-29.014577],[-69.78453,-29.014562],[-69.78446,-29.014555],[-69.782799,-29.01413],[-69.78065,-29.014004],[-69.778459,-29.013962],[-69.777357,-29.013732],[-69.777012,-29.013471],[-69.776905,-29.013161],[-69.776786,-29.012804],[-69.776667,-29.012269],[-69.776465,-29.011983],[-69.776096,-29.011555],[-69.776013,-29.011067],[-69.776013,-29.010687],[-69.776388,-29.010067],[-69.776439,-29.009982],[-69.776655,-29.009716],[-69.776732,-29.009622],[-69.776752,-29.009584],[-69.776817,-29.009532],[-69.776822,-29.009527],[-69.776878,-29.009475],[-69.776934,-29.009413],[-69.776985,-29.009348],[-69.777031,-29.009278],[-69.777072,-29.009206],[-69.777107,-29.00913],[-69.777135,-29.009052],[-69.777158,-29.008972],[-69.777174,-29.00889],[-69.777184,-29.008807],[-69.777187,-29.008724],[-69.777186,-29.008671],[-69.777185,-29.008662],[-69.777184,-29.008641],[-69.777364,-29.007599],[-69.77746,-29.006833],[-69.777501,-29.006768],[-69.777537,-29.006701],[-69.777537,-29.0067],[-69.777567,-29.006629],[-69.777592,-29.006556],[-69.777441,-29.006106],[-69.777179,-29.005737],[-69.776723,-29.005293],[-69.776437,-29.005156],[-69.775426,-29.004566],[-69.775353,-29.004545],[-69.77528,-29.004525],[-69.774062,-29.003758],[-69.772744,-29.002102],[-69.772073,-29.001479],[-69.771387,-29.000165],[-69.770474,-28.998681],[-69.76996,-28.996054],[-69.769903,-28.995026],[-69.76936,-28.994041],[-69.769174,-28.99186],[-69.769054,-28.991637],[-69.768935,-28.991413],[-69.768147,-28.99065],[-69.767858,-28.989945],[-69.766401,-28.98945],[-69.766253,-28.989412],[-69.766105,-28.989374],[-69.764866,-28.989057],[-69.762939,-28.98788],[-69.762728,-28.987676],[-69.762517,-28.987473],[-69.761939,-28.986916],[-69.760761,-28.986666],[-69.7607,-28.986655],[-69.760638,-28.986644],[-69.759976,-28.986523],[-69.759512,-28.986345],[-69.759369,-28.986184],[-69.759227,-28.986024],[-69.758477,-28.985809],[-69.757371,-28.985381],[-69.755158,-28.98506],[-69.754515,-28.984703],[-69.754408,-28.984239],[-69.754384,-28.983612],[-69.754537,-28.983212],[-69.754952,-28.982781],[-69.754879,-28.981861],[-69.75507,-28.98129],[-69.755241,-28.980928],[-69.755717,-28.980395],[-69.756533,-28.980027],[-69.757228,-28.979528],[-69.758587,-28.978608],[-69.758983,-28.978063],[-69.759529,-28.97788],[-69.760007,-28.977374],[-69.761283,-28.976435],[-69.763046,-28.973175],[-69.762546,-28.972461],[-69.762011,-28.971675],[-69.76144,-28.970391],[-69.761425,-28.9692],[-69.761449,-28.968676],[-69.761877,-28.967927],[-69.762147,-28.967587],[-69.762544,-28.96707],[-69.762689,-28.966393],[-69.762518,-28.965822],[-69.762097,-28.964946],[-69.76003,-28.962944],[-69.759514,-28.962701],[-69.759454,-28.962672],[-69.759425,-28.962659],[-69.759203,-28.962554],[-69.758942,-28.962431],[-69.758278,-28.961917],[-69.758255,-28.961887],[-69.75824,-28.961867],[-69.758217,-28.961838],[-69.758209,-28.961827],[-69.757795,-28.961283],[-69.757095,-28.960824],[-69.756654,-28.960455],[-69.755177,-28.959993],[-69.754293,-28.959105],[-69.753552,-28.957934],[-69.753613,-28.957103],[-69.75394,-28.956184],[-69.754611,-28.955142],[-69.754634,-28.954336],[-69.754492,-28.953412],[-69.754677,-28.952374],[-69.754761,-28.951573],[-69.754913,-28.950394],[-69.75499,-28.950315],[-69.755063,-28.950232],[-69.75513,-28.950144],[-69.755144,-28.950124],[-69.755192,-28.950053],[-69.755249,-28.949959],[-69.755301,-28.949861],[-69.755347,-28.949761],[-69.755387,-28.949658],[-69.755421,-28.949553],[-69.755449,-28.949446],[-69.755471,-28.949338],[-69.755486,-28.949229],[-69.755496,-28.949119],[-69.755499,-28.949009],[-69.755497,-28.948917],[-69.75549,-28.948825],[-69.75548,-28.948734],[-69.75546,-28.948621],[-69.755433,-28.948509],[-69.7554,-28.948398],[-69.755361,-28.94829],[-69.755349,-28.948264],[-69.755315,-28.948184],[-69.755263,-28.948082],[-69.755205,-28.947982],[-69.755141,-28.947887],[-69.755241,-28.94652],[-69.755312,-28.945235],[-69.755027,-28.943807],[-69.754563,-28.942844],[-69.754777,-28.941523],[-69.754875,-28.941003],[-69.754651,-28.940449],[-69.754634,-28.940309],[-69.754387,-28.93962],[-69.754302,-28.939261],[-69.754212,-28.938884],[-69.75434,-28.938278],[-69.754242,-28.937954],[-69.754221,-28.937847],[-69.75409,-28.937745],[-69.753897,-28.937595],[-69.753754,-28.937238],[-69.753738,-28.93711],[-69.753722,-28.936982],[-69.753725,-28.936496],[-69.753811,-28.936246],[-69.753897,-28.935996],[-69.754368,-28.935225],[-69.755182,-28.934512],[-69.75531,-28.934262],[-69.755439,-28.934012],[-69.755981,-28.933155],[-69.756874,-28.932434],[-69.757902,-28.931387],[-69.75839,-28.930607],[-69.758778,-28.929988],[-69.760586,-28.928977],[-69.762394,-28.927965],[-69.762549,-28.927728],[-69.762704,-28.92749],[-69.763078,-28.927194],[-69.763608,-28.926776],[-69.764416,-28.926385],[-69.766728,-28.922333],[-69.766749,-28.922183],[-69.766511,-28.919518],[-69.766654,-28.918352],[-69.766683,-28.918253],[-69.767486,-28.915545],[-69.767508,-28.915379],[-69.767629,-28.914474],[-69.767225,-28.913641],[-69.767034,-28.912808],[-69.767296,-28.911856],[-69.767225,-28.910833],[-69.767153,-28.90912],[-69.766558,-28.908478],[-69.765012,-28.907383],[-69.763727,-28.907145],[-69.762109,-28.906122],[-69.762036,-28.905876],[-69.761585,-28.904361],[-69.76199,-28.903267],[-69.763211,-28.903086],[-69.763974,-28.902899],[-69.764362,-28.902803],[-69.764802,-28.902541],[-69.765112,-28.90228],[-69.765464,-28.901768],[-69.765821,-28.900911],[-69.765797,-28.900781],[-69.765654,-28.899448],[-69.765726,-28.899293],[-69.765702,-28.898793],[-69.764774,-28.897485],[-69.764536,-28.89658],[-69.764631,-28.895962],[-69.764345,-28.894891],[-69.763751,-28.894296],[-69.763465,-28.894189],[-69.76318,-28.894082],[-69.761633,-28.893463],[-69.760895,-28.89294],[-69.75999,-28.891361],[-69.758754,-28.889204],[-69.758111,-28.888585],[-69.756945,-28.88849],[-69.756255,-28.887753],[-69.754899,-28.886872],[-69.754764,-28.886853],[-69.753654,-28.886539],[-69.751672,-28.886836],[-69.751108,-28.886908],[-69.75041,-28.886651],[-69.750254,-28.886644],[-69.749912,-28.886054],[-69.749664,-28.88514],[-69.749512,-28.883865],[-69.74856,-28.882722],[-69.747056,-28.882361],[-69.746504,-28.881828],[-69.746238,-28.880819],[-69.746385,-28.880332],[-69.746683,-28.879579],[-69.746541,-28.878937],[-69.746541,-28.878706],[-69.746767,-28.878062],[-69.746729,-28.877373],[-69.746675,-28.877231],[-69.74662,-28.876437],[-69.74702,-28.875439],[-69.747352,-28.874986],[-69.747518,-28.874759],[-69.747684,-28.874533],[-69.747986,-28.873929],[-69.748115,-28.873762],[-69.748499,-28.873264],[-69.748898,-28.872592],[-69.750097,-28.869693],[-69.750383,-28.868908],[-69.750323,-28.868408],[-69.7501,-28.867888],[-69.749406,-28.867707],[-69.74856,-28.867556],[-69.748273,-28.867617],[-69.747986,-28.867677],[-69.747291,-28.867979],[-69.746914,-28.867919],[-69.746536,-28.867858],[-69.745781,-28.867677],[-69.744604,-28.867315],[-69.743607,-28.866771],[-69.742308,-28.866348],[-69.741633,-28.865914],[-69.741153,-28.865628],[-69.740791,-28.864942],[-69.740753,-28.863701],[-69.740639,-28.863121],[-69.740734,-28.862207],[-69.740991,-28.861569],[-69.74101,-28.861533],[-69.741467,-28.860674],[-69.741531,-28.859873],[-69.74146,-28.859366],[-69.741453,-28.858581],[-69.741503,-28.858138],[-69.741545,-28.85771],[-69.741746,-28.857447],[-69.742214,-28.856693],[-69.742884,-28.855645],[-69.743046,-28.855076],[-69.743249,-28.853357],[-69.743409,-28.85316],[-69.74357,-28.852964],[-69.743626,-28.852882],[-69.744394,-28.851913],[-69.744558,-28.851428],[-69.744605,-28.851001],[-69.744426,-28.849823],[-69.744044,-28.849336],[-69.743823,-28.849165],[-69.743036,-28.848927],[-69.7429,-28.848861],[-69.742281,-28.848808],[-69.741795,-28.848701],[-69.741246,-28.84858],[-69.740767,-28.848458],[-69.739879,-28.848141],[-69.739572,-28.848074],[-69.73919,-28.848001],[-69.738911,-28.84783],[-69.738429,-28.847427],[-69.738046,-28.84721],[-69.737669,-28.846816],[-69.737227,-28.846552],[-69.73642,-28.846268],[-69.735111,-28.845505],[-69.73387,-28.845132],[-69.732847,-28.845132],[-69.731777,-28.845393],[-69.730444,-28.845441],[-69.729421,-28.845774],[-69.728493,-28.846131],[-69.727612,-28.845988],[-69.727137,-28.845441],[-69.726899,-28.844489],[-69.726304,-28.843109],[-69.725138,-28.842086],[-69.724186,-28.841325],[-69.723825,-28.84006],[-69.72371,-28.839659],[-69.723425,-28.838255],[-69.723353,-28.837232],[-69.722735,-28.834995],[-69.72252,-28.83371],[-69.722497,-28.832592],[-69.722068,-28.831378],[-69.721179,-28.830687],[-69.719994,-28.83009],[-69.719207,-28.829637],[-69.718431,-28.829429],[-69.717622,-28.828879],[-69.717305,-28.82849],[-69.716368,-28.827493],[-69.715493,-28.826647],[-69.715019,-28.826307],[-69.714643,-28.825789],[-69.714325,-28.825425],[-69.714233,-28.825058],[-69.714259,-28.824045],[-69.71424,-28.823579],[-69.714041,-28.823157],[-69.713995,-28.822957],[-69.713832,-28.822661],[-69.713288,-28.821725],[-69.713016,-28.821],[-69.713077,-28.820335],[-69.712986,-28.819701],[-69.71267,-28.819336],[-69.711947,-28.81839],[-69.711865,-28.818171],[-69.711594,-28.817497],[-69.711511,-28.816987],[-69.710945,-28.816209],[-69.710841,-28.816138],[-69.710733,-28.816074],[-69.710622,-28.816015],[-69.710508,-28.815963],[-69.71039,-28.815918],[-69.710271,-28.815879],[-69.710149,-28.815847],[-69.710084,-28.815833],[-69.710026,-28.815821],[-69.709902,-28.815803],[-69.709785,-28.815745],[-69.70899,-28.815248],[-69.708907,-28.815175],[-69.708829,-28.815098],[-69.708755,-28.815017],[-69.708686,-28.814932],[-69.708618,-28.814838],[-69.708556,-28.814739],[-69.7085,-28.814638],[-69.70845,-28.814534],[-69.708407,-28.814427],[-69.708369,-28.814319],[-69.708339,-28.814208],[-69.708167,-28.813804],[-69.708196,-28.813166],[-69.708319,-28.812852],[-69.708519,-28.812167],[-69.708557,-28.8117],[-69.708595,-28.811244],[-69.708684,-28.810758],[-69.70877,-28.809831],[-69.708551,-28.80853],[-69.708504,-28.80841],[-69.70847,-28.808295],[-69.708442,-28.808178],[-69.708419,-28.80806],[-69.708402,-28.80794],[-69.708391,-28.80782],[-69.708319,-28.807055],[-69.708298,-28.80701],[-69.708256,-28.806934],[-69.708207,-28.806861],[-69.708153,-28.806792],[-69.708094,-28.806728],[-69.70803,-28.806668],[-69.707961,-28.806613],[-69.707889,-28.806564],[-69.707813,-28.806521],[-69.707734,-28.806484],[-69.707652,-28.806453],[-69.707568,-28.806428],[-69.707004,-28.806489],[-69.706858,-28.806484],[-69.706462,-28.806473],[-69.705798,-28.806292],[-69.705315,-28.805627],[-69.704983,-28.804449],[-69.704893,-28.803877],[-69.70495,-28.803334],[-69.705102,-28.803049],[-69.705405,-28.802396],[-69.705798,-28.801429],[-69.705919,-28.800312],[-69.705964,-28.799542],[-69.706009,-28.798772],[-69.706024,-28.798747],[-69.706037,-28.798724],[-69.706034,-28.798612],[-69.706035,-28.798594],[-69.706038,-28.7985],[-69.70605,-28.798389],[-69.706068,-28.798279],[-69.706092,-28.798172],[-69.706093,-28.79817],[-69.706125,-28.798062],[-69.706164,-28.797958],[-69.706209,-28.797855],[-69.706261,-28.797756],[-69.706319,-28.79766],[-69.706383,-28.797568],[-69.706452,-28.797481],[-69.706527,-28.797398],[-69.706545,-28.79738],[-69.706607,-28.79732],[-69.707282,-28.796934],[-69.70739,-28.796904],[-69.707796,-28.796557],[-69.70811,-28.796301],[-69.708331,-28.795848],[-69.708322,-28.795775],[-69.708305,-28.795702],[-69.708282,-28.795632],[-69.708253,-28.795564],[-69.708217,-28.795499],[-69.708176,-28.795438],[-69.707846,-28.795027],[-69.707615,-28.794797],[-69.70752,-28.794568],[-69.707576,-28.794039],[-69.7076,-28.793813],[-69.707622,-28.79371],[-69.70765,-28.793608],[-69.707684,-28.793508],[-69.707725,-28.79341],[-69.707735,-28.793389],[-69.707771,-28.793315],[-69.707823,-28.793224],[-69.707835,-28.793099],[-69.708053,-28.792579],[-69.708305,-28.791735],[-69.708546,-28.790708],[-69.708565,-28.790507],[-69.708585,-28.790287],[-69.708611,-28.790179],[-69.708619,-28.790148],[-69.708646,-28.790007],[-69.708668,-28.789864],[-69.708682,-28.789721],[-69.70869,-28.789578],[-69.708691,-28.789434],[-69.708685,-28.78929],[-69.708673,-28.789147],[-69.708654,-28.789004],[-69.708628,-28.788863],[-69.708596,-28.788723],[-69.708557,-28.788584],[-69.708532,-28.788506],[-69.708512,-28.788448],[-69.708461,-28.788313],[-69.708427,-28.788214],[-69.708397,-28.788114],[-69.708367,-28.787991],[-69.708343,-28.787866],[-69.708326,-28.787741],[-69.708316,-28.787615],[-69.708312,-28.787488],[-69.708315,-28.787361],[-69.708318,-28.78732],[-69.708325,-28.787235],[-69.708341,-28.787109],[-69.708364,-28.786985],[-69.708214,-28.786419],[-69.707765,-28.785626],[-69.707434,-28.785431],[-69.707272,-28.785146],[-69.707006,-28.784755],[-69.706863,-28.784565],[-69.706674,-28.784154],[-69.706594,-28.783609],[-69.70662,-28.783331],[-69.706628,-28.783222],[-69.706639,-28.783053],[-69.706651,-28.782774],[-69.706656,-28.782495],[-69.706654,-28.782356],[-69.706653,-28.782216],[-69.706644,-28.781938],[-69.706627,-28.781659],[-69.706624,-28.78163],[-69.706618,-28.781557],[-69.706603,-28.781381],[-69.706613,-28.781285],[-69.705919,-28.779775],[-69.705043,-28.778658],[-69.704318,-28.778174],[-69.703171,-28.777963],[-69.702023,-28.777903],[-69.70154,-28.777903],[-69.701268,-28.778023],[-69.700875,-28.778325],[-69.700513,-28.778839],[-69.700208,-28.779449],[-69.700149,-28.779567],[-69.70009,-28.779684],[-69.699516,-28.779805],[-69.699404,-28.779761],[-69.699292,-28.779717],[-69.698822,-28.779533],[-69.698187,-28.779231],[-69.697221,-28.778476],[-69.696768,-28.77754],[-69.696315,-28.776634],[-69.69559,-28.775879],[-69.694895,-28.775305],[-69.694382,-28.774399],[-69.693416,-28.77298],[-69.693083,-28.772074],[-69.692902,-28.770896],[-69.692901,-28.770431],[-69.692948,-28.770098],[-69.693119,-28.769879],[-69.693357,-28.769755],[-69.693671,-28.769717],[-69.693928,-28.76967],[-69.694204,-28.769517],[-69.694671,-28.769181],[-69.694708,-28.769104],[-69.694739,-28.769024],[-69.694766,-28.768942],[-69.694786,-28.768859],[-69.694801,-28.768775],[-69.69481,-28.76869],[-69.694814,-28.768604],[-69.69479,-28.768508],[-69.694782,-28.768467],[-69.694772,-28.768411],[-69.69476,-28.768312],[-69.694755,-28.768213],[-69.694757,-28.768114],[-69.694765,-28.768015],[-69.694779,-28.767917],[-69.694801,-28.76782],[-69.694828,-28.767725],[-69.694862,-28.767632],[-69.694901,-28.767541],[-69.694947,-28.767453],[-69.694998,-28.767368],[-69.695055,-28.767287],[-69.695117,-28.76721],[-69.695518,-28.766533],[-69.695661,-28.765976],[-69.696598,-28.763711],[-69.696749,-28.762231],[-69.696749,-28.761042],[-69.696595,-28.760491],[-69.696541,-28.760408],[-69.696501,-28.760337],[-69.696492,-28.760321],[-69.696449,-28.760232],[-69.696412,-28.76014],[-69.696381,-28.760045],[-69.696356,-28.759949],[-69.696338,-28.759851],[-69.696326,-28.759752],[-69.696321,-28.759653],[-69.696322,-28.759553],[-69.69633,-28.759454],[-69.696344,-28.759356],[-69.696365,-28.759259],[-69.696392,-28.759163],[-69.696425,-28.759069],[-69.696465,-28.758978],[-69.69651,-28.758889],[-69.696552,-28.758819],[-69.696561,-28.758804],[-69.696618,-28.758722],[-69.696863,-28.758326],[-69.69693,-28.758003],[-69.696935,-28.757989],[-69.697054,-28.757638],[-69.697806,-28.755872],[-69.698712,-28.754711],[-69.699678,-28.752566],[-69.700343,-28.75157],[-69.700544,-28.751369],[-69.700745,-28.751167],[-69.701369,-28.750543],[-69.701871,-28.750239],[-69.701964,-28.750127],[-69.702061,-28.75002],[-69.702069,-28.750012],[-69.702164,-28.749917],[-69.702272,-28.74982],[-69.702384,-28.749728],[-69.702501,-28.749641],[-69.702621,-28.74956],[-69.702745,-28.749485],[-69.702873,-28.749415],[-69.703004,-28.749352],[-69.703137,-28.749296],[-69.703273,-28.749245],[-69.703412,-28.749201],[-69.703552,-28.749164],[-69.703694,-28.749134],[-69.703837,-28.74911],[-69.703982,-28.749093],[-69.704127,-28.749084],[-69.704272,-28.749081],[-69.704417,-28.749084],[-69.704562,-28.749095],[-69.704706,-28.749113],[-69.704849,-28.749137],[-69.705654,-28.749159],[-69.706064,-28.74913],[-69.706412,-28.74912],[-69.706508,-28.749069],[-69.7066,-28.749013],[-69.706689,-28.748951],[-69.706773,-28.748883],[-69.706854,-28.74881],[-69.706924,-28.748738],[-69.706991,-28.748662],[-69.707023,-28.74862],[-69.707052,-28.748582],[-69.707109,-28.748498],[-69.707161,-28.748411],[-69.707165,-28.748404],[-69.7072,-28.748338],[-69.707235,-28.748263],[-69.707325,-28.748082],[-69.707893,-28.747486],[-69.708162,-28.747335],[-69.708417,-28.747192],[-69.709077,-28.746964],[-69.709922,-28.746662],[-69.710979,-28.746572],[-69.712006,-28.746179],[-69.712011,-28.746176],[-69.712015,-28.746173],[-69.713214,-28.745363],[-69.713313,-28.745239],[-69.713412,-28.745115],[-69.71403,-28.744337],[-69.715057,-28.743582],[-69.716325,-28.743461],[-69.717141,-28.743642],[-69.717452,-28.743738],[-69.717532,-28.743796],[-69.717533,-28.743797],[-69.717618,-28.74385],[-69.717706,-28.743897],[-69.717797,-28.743938],[-69.717891,-28.743972],[-69.717987,-28.744],[-69.71803,-28.744009],[-69.718085,-28.744021],[-69.718184,-28.744036],[-69.718284,-28.744043],[-69.718384,-28.744044],[-69.718484,-28.744038],[-69.718583,-28.744025],[-69.718681,-28.744005],[-69.718778,-28.743978],[-69.718872,-28.743945],[-69.718964,-28.743905],[-69.719053,-28.74386],[-69.719139,-28.743808],[-69.719221,-28.74375],[-69.719298,-28.743687],[-69.719372,-28.743619],[-69.71944,-28.743546],[-69.719503,-28.743468],[-69.719561,-28.743386],[-69.719612,-28.7433],[-69.719658,-28.743211],[-69.719698,-28.743119],[-69.719731,-28.743025],[-69.719757,-28.742929],[-69.719777,-28.74283],[-69.71979,-28.742731],[-69.719794,-28.742666],[-69.719796,-28.742631],[-69.719796,-28.742531],[-69.719912,-28.742097],[-69.719916,-28.742084],[-69.719919,-28.742072],[-69.720309,-28.741264],[-69.720342,-28.741196],[-69.721459,-28.740652],[-69.722939,-28.740018],[-69.725083,-28.739172],[-69.726141,-28.7389],[-69.727439,-28.738749],[-69.727586,-28.738693],[-69.727733,-28.738636],[-69.728499,-28.73834],[-69.728736,-28.738181],[-69.729106,-28.737737],[-69.729249,-28.737452],[-69.729297,-28.737166],[-69.729325,-28.736871],[-69.729287,-28.736528],[-69.729249,-28.736338],[-69.729138,-28.736118],[-69.728911,-28.735842],[-69.728647,-28.735639],[-69.728315,-28.735319],[-69.727898,-28.735082],[-69.727688,-28.73472],[-69.727622,-28.734511],[-69.727545,-28.734235],[-69.72756,-28.733947],[-69.727576,-28.733399],[-69.727412,-28.732836],[-69.727222,-28.732436],[-69.726689,-28.731655],[-69.72582,-28.730725],[-69.725355,-28.730406],[-69.724814,-28.730161],[-69.724252,-28.729657],[-69.72409,-28.729419],[-69.723814,-28.728733],[-69.723824,-28.72801],[-69.7241,-28.727591],[-69.724504,-28.72683],[-69.724779,-28.726419],[-69.724995,-28.726097],[-69.725356,-28.725849],[-69.725951,-28.725346],[-69.726201,-28.72506],[-69.726896,-28.724214],[-69.728375,-28.723761],[-69.728577,-28.723687],[-69.728594,-28.72368],[-69.72883,-28.723593],[-69.730006,-28.723157],[-69.730399,-28.722674],[-69.730513,-28.722343],[-69.730553,-28.721614],[-69.730834,-28.720622],[-69.730641,-28.720016],[-69.73036,-28.719587],[-69.730243,-28.719409],[-69.730127,-28.719231],[-69.729372,-28.718506],[-69.72901,-28.717812],[-69.728768,-28.716815],[-69.728466,-28.715698],[-69.728043,-28.714127],[-69.727258,-28.71301],[-69.727116,-28.712252],[-69.727138,-28.71212],[-69.727152,-28.711987],[-69.727156,-28.711921],[-69.72716,-28.711854],[-69.727161,-28.71172],[-69.727154,-28.711587],[-69.727141,-28.711454],[-69.727121,-28.711322],[-69.727093,-28.711191],[-69.727059,-28.711062],[-69.727018,-28.710935],[-69.726971,-28.71081],[-69.726917,-28.710688],[-69.726856,-28.710569],[-69.72679,-28.710453],[-69.726717,-28.710341],[-69.726639,-28.710233],[-69.726555,-28.710129],[-69.726466,-28.710029],[-69.726371,-28.709935],[-69.726323,-28.709891],[-69.726272,-28.709846],[-69.726168,-28.709762],[-69.72611,-28.709657],[-69.725412,-28.70894],[-69.725349,-28.708869],[-69.725293,-28.708793],[-69.725241,-28.708713],[-69.725196,-28.708629],[-69.725157,-28.708543],[-69.725125,-28.708453],[-69.725099,-28.708362],[-69.72508,-28.708269],[-69.725068,-28.708175],[-69.725062,-28.70808],[-69.725064,-28.707987],[-69.725065,-28.707979],[-69.725072,-28.707894],[-69.725087,-28.707802],[-69.725109,-28.707711],[-69.725137,-28.707622],[-69.725171,-28.707535],[-69.725212,-28.707451],[-69.725258,-28.70737],[-69.72531,-28.707292],[-69.725368,-28.707219],[-69.725431,-28.707149],[-69.725498,-28.707085],[-69.72557,-28.707026],[-69.725647,-28.706971],[-69.725726,-28.706923],[-69.725809,-28.70688],[-69.725869,-28.706818],[-69.726865,-28.706426],[-69.728406,-28.706456],[-69.729244,-28.706564],[-69.729293,-28.706571],[-69.729342,-28.706577],[-69.729796,-28.706483],[-69.729891,-28.706468],[-69.729985,-28.706446],[-69.730078,-28.706417],[-69.730168,-28.706382],[-69.730256,-28.706342],[-69.73034,-28.706295],[-69.730421,-28.706243],[-69.730499,-28.706185],[-69.730572,-28.706122],[-69.730641,-28.706054],[-69.730705,-28.705982],[-69.730764,-28.705905],[-69.730818,-28.705825],[-69.730866,-28.705741],[-69.730908,-28.705654],[-69.730944,-28.705565],[-69.730974,-28.705473],[-69.730998,-28.705379],[-69.731015,-28.705284],[-69.731026,-28.705188],[-69.73103,-28.705091],[-69.731027,-28.704995],[-69.731018,-28.704899],[-69.730996,-28.704831],[-69.730982,-28.704779],[-69.730978,-28.704763],[-69.730964,-28.704694],[-69.730954,-28.704624],[-69.730947,-28.704534],[-69.730947,-28.704445],[-69.730954,-28.704355],[-69.730967,-28.704266],[-69.730987,-28.704179],[-69.731013,-28.704093],[-69.731046,-28.704009],[-69.731085,-28.703928],[-69.731129,-28.703851],[-69.73118,-28.703776],[-69.731235,-28.703706],[-69.731296,-28.70364],[-69.731932,-28.703004],[-69.732309,-28.70227],[-69.73235,-28.702195],[-69.732387,-28.702117],[-69.732393,-28.702104],[-69.732424,-28.702021],[-69.73245,-28.701936],[-69.732469,-28.701849],[-69.732483,-28.701762],[-69.73249,-28.701673],[-69.732492,-28.701584],[-69.732487,-28.701496],[-69.732476,-28.701408],[-69.732467,-28.701356],[-69.732455,-28.701305],[-69.732432,-28.70122],[-69.732402,-28.701138],[-69.732368,-28.701058],[-69.732327,-28.70098],[-69.732282,-28.700905],[-69.732231,-28.700833],[-69.732176,-28.700766],[-69.732145,-28.700732],[-69.732116,-28.700702],[-69.732104,-28.700674],[-69.732024,-28.700565],[-69.731949,-28.700452],[-69.731879,-28.700336],[-69.731815,-28.700217],[-69.731757,-28.700095],[-69.731704,-28.699971],[-69.731656,-28.699844],[-69.731615,-28.699716],[-69.73158,-28.699585],[-69.73155,-28.699453],[-69.731527,-28.69932],[-69.731522,-28.699283],[-69.73151,-28.699186],[-69.731486,-28.699117],[-69.731172,-28.697886],[-69.730553,-28.697058],[-69.729992,-28.696297],[-69.729382,-28.695478],[-69.728773,-28.69446],[-69.728202,-28.693222],[-69.728068,-28.69269],[-69.727885,-28.691966],[-69.727862,-28.690721],[-69.727983,-28.689664],[-69.728821,-28.688449],[-69.729891,-28.68726],[-69.7304,-28.686514],[-69.730528,-28.686327],[-69.730656,-28.686139],[-69.731182,-28.685307],[-69.73138,-28.684249],[-69.7314,-28.684141],[-69.73142,-28.684033],[-69.731261,-28.683599],[-69.731165,-28.683336],[-69.730554,-28.682487],[-69.730061,-28.681654],[-69.730044,-28.681357],[-69.730027,-28.68106],[-69.730078,-28.680465],[-69.730112,-28.680227],[-69.730146,-28.679989],[-69.730282,-28.679497],[-69.730248,-28.678817],[-69.730197,-28.678554],[-69.730146,-28.678291],[-69.729857,-28.677662],[-69.729246,-28.677203],[-69.727751,-28.676626],[-69.727535,-28.67643],[-69.727477,-28.676377],[-69.727377,-28.676286],[-69.727357,-28.676161],[-69.727431,-28.6757],[-69.727603,-28.675338],[-69.72765,-28.6751],[-69.727581,-28.674451],[-69.72736,-28.673653],[-69.72719,-28.672701],[-69.727047,-28.671987],[-69.727003,-28.671767],[-69.725749,-28.668991],[-69.725605,-28.668711],[-69.725222,-28.667964],[-69.724371,-28.666978],[-69.724273,-28.66684],[-69.722845,-28.665353],[-69.721955,-28.663736],[-69.721289,-28.662727],[-69.721249,-28.662428],[-69.72121,-28.662128],[-69.721033,-28.66114],[-69.719674,-28.659986],[-69.718818,-28.659196],[-69.718227,-28.658701],[-69.717822,-28.658082],[-69.717764,-28.657996],[-69.717712,-28.657905],[-69.717666,-28.657812],[-69.717626,-28.657716],[-69.717592,-28.657617],[-69.717564,-28.657517],[-69.717543,-28.657414],[-69.717528,-28.657311],[-69.71752,-28.657207],[-69.717519,-28.657103],[-69.717524,-28.656999],[-69.717535,-28.656927],[-69.717536,-28.656919],[-69.717545,-28.656839],[-69.71755,-28.656753],[-69.717551,-28.656668],[-69.717548,-28.656582],[-69.71754,-28.656496],[-69.71753,-28.656417],[-69.717515,-28.656338],[-69.717495,-28.656254],[-69.717471,-28.65617],[-69.717443,-28.656088],[-69.717411,-28.656008],[-69.717365,-28.65591],[-69.717314,-28.655814],[-69.717256,-28.655723],[-69.717192,-28.655635],[-69.717124,-28.655551],[-69.71705,-28.655471],[-69.716971,-28.655397],[-69.716888,-28.655327],[-69.715372,-28.654692],[-69.713528,-28.653466],[-69.711517,-28.651539],[-69.710696,-28.650551],[-69.709816,-28.649695],[-69.709221,-28.648398],[-69.708531,-28.646471],[-69.708186,-28.645697],[-69.707341,-28.644864],[-69.706497,-28.644389],[-69.705414,-28.643675],[-69.704712,-28.643211],[-69.70423,-28.642725],[-69.70408,-28.642574],[-69.703779,-28.64219],[-69.702523,-28.640926],[-69.701797,-28.640332],[-69.701488,-28.639868],[-69.701238,-28.639213],[-69.701226,-28.638714],[-69.700976,-28.637607],[-69.700964,-28.63706],[-69.70129,-28.636788],[-69.701392,-28.636659],[-69.701437,-28.636616],[-69.701809,-28.636263],[-69.701952,-28.635906],[-69.702098,-28.63539],[-69.702511,-28.635204],[-69.702904,-28.635037],[-69.703308,-28.634752],[-69.703653,-28.634538],[-69.703767,-28.634119],[-69.703764,-28.634109],[-69.703594,-28.633586],[-69.703378,-28.633328],[-69.70263,-28.632979],[-69.702214,-28.632658],[-69.702022,-28.632591],[-69.700664,-28.631936],[-69.700399,-28.631653],[-69.69977,-28.631079],[-69.698942,-28.630516],[-69.698656,-28.630124],[-69.698359,-28.629457],[-69.698335,-28.628922],[-69.698514,-28.628427],[-69.698558,-28.627987],[-69.698579,-28.627774],[-69.698601,-28.627562],[-69.698616,-28.626919],[-69.698636,-28.626116],[-69.69913,-28.625022],[-69.699154,-28.624966],[-69.699178,-28.624909],[-69.699412,-28.624352],[-69.700667,-28.623461],[-69.701107,-28.623318],[-69.701595,-28.623116],[-69.702107,-28.62295],[-69.702622,-28.622553],[-69.70301,-28.621742],[-69.703242,-28.620859],[-69.703298,-28.620795],[-69.703302,-28.620789],[-69.703348,-28.620726],[-69.703393,-28.620653],[-69.703432,-28.620577],[-69.703521,-28.620248],[-69.70313,-28.619714],[-69.702718,-28.619061],[-69.702291,-28.618522],[-69.701429,-28.617929],[-69.700774,-28.616763],[-69.70037,-28.615954],[-69.699953,-28.615466],[-69.699513,-28.614848],[-69.698283,-28.614229],[-69.697472,-28.613298],[-69.6974,-28.613231],[-69.697382,-28.613215],[-69.697298,-28.613127],[-69.697219,-28.613034],[-69.697145,-28.612937],[-69.697077,-28.612836],[-69.697015,-28.612731],[-69.696959,-28.612622],[-69.696909,-28.612511],[-69.696866,-28.612396],[-69.69683,-28.61228],[-69.696801,-28.612162],[-69.696778,-28.612042],[-69.696762,-28.611921],[-69.696754,-28.611799],[-69.696752,-28.611677],[-69.696758,-28.611555],[-69.69677,-28.611434],[-69.696787,-28.611331],[-69.69679,-28.611313],[-69.696817,-28.611194],[-69.69685,-28.611077],[-69.696731,-28.610314],[-69.696565,-28.609648],[-69.695861,-28.608601],[-69.695242,-28.607745],[-69.694885,-28.607328],[-69.694516,-28.607174],[-69.693275,-28.606258],[-69.692806,-28.605851],[-69.691768,-28.605389],[-69.690899,-28.605175],[-69.689733,-28.604997],[-69.688627,-28.604771],[-69.687723,-28.604295],[-69.687271,-28.603807],[-69.687159,-28.603589],[-69.687084,-28.602989],[-69.687101,-28.602742],[-69.687123,-28.602421],[-69.687143,-28.602318],[-69.68717,-28.602217],[-69.687203,-28.602118],[-69.687243,-28.602021],[-69.687288,-28.601927],[-69.68734,-28.601836],[-69.687396,-28.601748],[-69.687459,-28.601664],[-69.687526,-28.601584],[-69.687937,-28.601427],[-69.688258,-28.601404],[-69.688627,-28.601344],[-69.689103,-28.601368],[-69.689638,-28.601344],[-69.690578,-28.60094],[-69.691197,-28.600488],[-69.691649,-28.600285],[-69.692296,-28.600049],[-69.692499,-28.600015],[-69.693733,-28.600015],[-69.693909,-28.599967],[-69.694084,-28.599919],[-69.694897,-28.599697],[-69.695391,-28.598921],[-69.695461,-28.59811],[-69.695215,-28.597193],[-69.694968,-28.596452],[-69.694791,-28.596223],[-69.694615,-28.595994],[-69.693945,-28.594971],[-69.69338,-28.594442],[-69.692898,-28.594008],[-69.691482,-28.593349],[-69.69065,-28.59304],[-69.68915,-28.592528],[-69.688372,-28.592114],[-69.687525,-28.591514],[-69.686079,-28.590774],[-69.685515,-28.589998],[-69.68507,-28.589328],[-69.684725,-28.588852],[-69.684439,-28.58859],[-69.683725,-28.588352],[-69.68319,-28.588055],[-69.68269,-28.587734],[-69.682345,-28.587484],[-69.681917,-28.587389],[-69.681524,-28.587412],[-69.681239,-28.587555],[-69.680647,-28.588164],[-69.68001,-28.588777],[-69.67973,-28.589045],[-69.679578,-28.589161],[-69.679469,-28.589243],[-69.67946,-28.58925],[-69.678791,-28.589756],[-69.678253,-28.590482],[-69.677753,-28.590863],[-69.677241,-28.590946],[-69.676516,-28.590803],[-69.675933,-28.590648],[-69.675409,-28.590387],[-69.67466,-28.590137],[-69.674148,-28.589828],[-69.673601,-28.589637],[-69.672994,-28.589459],[-69.67247,-28.589233],[-69.671612,-28.589004],[-69.671442,-28.58901],[-69.671174,-28.58901],[-69.670377,-28.589209],[-69.669746,-28.589375],[-69.669163,-28.589494],[-69.668877,-28.589471],[-69.668532,-28.589423],[-69.66839,-28.589316],[-69.667926,-28.588757],[-69.667628,-28.588245],[-69.667557,-28.587888],[-69.667593,-28.587519],[-69.667857,-28.587087],[-69.667903,-28.586996],[-69.667934,-28.586944],[-69.66877,-28.586449],[-69.66929,-28.585818],[-69.66929,-28.585183],[-69.668902,-28.584654],[-69.668092,-28.584176],[-69.66711,-28.583873],[-69.666892,-28.583843],[-69.666564,-28.583809],[-69.665357,-28.583865],[-69.664366,-28.583808],[-69.664066,-28.58379],[-69.663347,-28.583749],[-69.662619,-28.583415],[-69.662334,-28.58301],[-69.662398,-28.582572],[-69.662393,-28.582473],[-69.662395,-28.582375],[-69.662395,-28.582374],[-69.662643,-28.581952],[-69.662822,-28.581714],[-69.66325,-28.581273],[-69.665356,-28.580084],[-69.665832,-28.579774],[-69.666177,-28.579632],[-69.666653,-28.579429],[-69.666767,-28.579318],[-69.668057,-28.578287],[-69.668479,-28.5776],[-69.668796,-28.576718],[-69.669483,-28.575173],[-69.669502,-28.575131],[-69.670348,-28.573685],[-69.670595,-28.573287],[-69.670678,-28.573218],[-69.670732,-28.573166],[-69.670756,-28.573144],[-69.67083,-28.573066],[-69.670899,-28.572983],[-69.671067,-28.572386],[-69.671174,-28.571851],[-69.671089,-28.571121],[-69.670377,-28.569555],[-69.669817,-28.568496],[-69.669605,-28.567566],[-69.669306,-28.566818],[-69.669202,-28.565812],[-69.669189,-28.565684],[-69.669104,-28.565342],[-69.669091,-28.565005],[-69.668984,-28.564807],[-69.668818,-28.564498],[-69.668699,-28.564189],[-69.668402,-28.56401],[-69.668176,-28.56382],[-69.667973,-28.563594],[-69.667878,-28.56332],[-69.667984,-28.562761],[-69.668001,-28.562672],[-69.668024,-28.562585],[-69.668054,-28.562499],[-69.668091,-28.562416],[-69.668133,-28.562336],[-69.668182,-28.562259],[-69.668237,-28.562187],[-69.668255,-28.562166],[-69.668297,-28.562119],[-69.668322,-28.562065],[-69.668925,-28.561619],[-69.669127,-28.561417],[-69.669377,-28.561],[-69.669635,-28.56026],[-69.669622,-28.560031],[-69.669617,-28.559801],[-69.669618,-28.559597],[-69.669618,-28.55957],[-69.669627,-28.55934],[-69.669641,-28.559111],[-69.669663,-28.558882],[-69.669681,-28.558741],[-69.669691,-28.558653],[-69.669726,-28.558426],[-69.669678,-28.557601],[-69.669649,-28.556933],[-69.669873,-28.556232],[-69.669914,-28.556159],[-69.669949,-28.556082],[-69.669978,-28.556004],[-69.670001,-28.555923],[-69.670018,-28.555839],[-69.670029,-28.555753],[-69.670033,-28.555667],[-69.67003,-28.555584],[-69.670021,-28.555502],[-69.670006,-28.555421],[-69.669985,-28.55534],[-69.669958,-28.555262],[-69.669925,-28.555186],[-69.669886,-28.555113],[-69.669842,-28.555043],[-69.669793,-28.554976],[-69.669739,-28.554913],[-69.66968,-28.554854],[-69.669621,-28.554803],[-69.669557,-28.554756],[-69.669488,-28.554712],[-69.669415,-28.554673],[-69.66934,-28.554639],[-69.669262,-28.554612],[-69.669183,-28.55459],[-69.669102,-28.554574],[-69.669027,-28.554565],[-69.66902,-28.554565],[-69.668938,-28.554561],[-69.668856,-28.554564],[-69.668665,-28.5545],[-69.66789,-28.554445],[-69.667426,-28.554421],[-69.666986,-28.554528],[-69.666427,-28.554671],[-69.665975,-28.55473],[-69.665677,-28.55479],[-69.665403,-28.554754],[-69.665225,-28.554742],[-69.665035,-28.554635],[-69.664928,-28.554385],[-69.664977,-28.553899],[-69.664983,-28.553834],[-69.664996,-28.553769],[-69.665016,-28.553706],[-69.665042,-28.553646],[-69.665074,-28.553589],[-69.665091,-28.553565],[-69.665113,-28.553535],[-69.665198,-28.553192],[-69.665319,-28.552811],[-69.665522,-28.552173],[-69.665551,-28.551181],[-69.665198,-28.550159],[-69.66481,-28.549383],[-69.664211,-28.548642],[-69.663858,-28.548113],[-69.663435,-28.547619],[-69.662941,-28.546984],[-69.662518,-28.546102],[-69.6622,-28.545185],[-69.661953,-28.544515],[-69.661495,-28.542893],[-69.661036,-28.542152],[-69.660593,-28.541264],[-69.660072,-28.540327],[-69.660001,-28.5402],[-69.659765,-28.539945],[-69.659169,-28.539823],[-69.658681,-28.539847],[-69.657777,-28.539859],[-69.657361,-28.539859],[-69.65704,-28.539918],[-69.656695,-28.540025],[-69.656263,-28.540174],[-69.656124,-28.540466],[-69.655802,-28.540727],[-69.655576,-28.540894],[-69.655194,-28.541109],[-69.655076,-28.541517],[-69.654981,-28.541751],[-69.654696,-28.541929],[-69.65447,-28.541929],[-69.654268,-28.54187],[-69.654006,-28.541679],[-69.65378,-28.541477],[-69.651757,-28.539835],[-69.651365,-28.539442],[-69.650508,-28.539086],[-69.650199,-28.538812],[-69.649901,-28.538562],[-69.649782,-28.538253],[-69.649847,-28.53783],[-69.649849,-28.537747],[-69.649858,-28.537664],[-69.649874,-28.537582],[-69.649896,-28.537502],[-69.649925,-28.537424],[-69.64996,-28.537348],[-69.650001,-28.537276],[-69.650048,-28.537207],[-69.6501,-28.537142],[-69.650158,-28.537082],[-69.65022,-28.537026],[-69.650286,-28.536976],[-69.650357,-28.536931],[-69.65043,-28.536893],[-69.650507,-28.53686],[-69.650586,-28.536833],[-69.650666,-28.536814],[-69.650667,-28.536814],[-69.650749,-28.5368],[-69.650832,-28.536794],[-69.650884,-28.536794],[-69.650916,-28.536794],[-69.651548,-28.536262],[-69.651772,-28.536038],[-69.651827,-28.535983],[-69.651886,-28.535918],[-69.651942,-28.535849],[-69.651994,-28.535777],[-69.652042,-28.535703],[-69.652086,-28.535626],[-69.652134,-28.535529],[-69.652176,-28.53543],[-69.652102,-28.534636],[-69.651876,-28.534208],[-69.651781,-28.533839],[-69.651395,-28.533096],[-69.651345,-28.533018],[-69.651302,-28.532936],[-69.651265,-28.532852],[-69.651233,-28.532764],[-69.651209,-28.532675],[-69.651191,-28.532584],[-69.65118,-28.532492],[-69.651175,-28.5324],[-69.651175,-28.532396],[-69.651178,-28.532307],[-69.651187,-28.532215],[-69.651203,-28.532124],[-69.651225,-28.532034],[-69.651254,-28.531946],[-69.651288,-28.531864],[-69.651328,-28.531784],[-69.651373,-28.531708],[-69.651423,-28.531635],[-69.651479,-28.531565],[-69.651539,-28.5315],[-69.651597,-28.531445],[-69.651658,-28.531393],[-69.651723,-28.531346],[-69.65179,-28.531303],[-69.65186,-28.531264],[-69.651932,-28.53123],[-69.652465,-28.530865],[-69.653098,-28.530486],[-69.653134,-28.530464],[-69.653171,-28.530442],[-69.6537,-28.529948],[-69.655324,-28.528825],[-69.65631,-28.528361],[-69.657545,-28.527796],[-69.65767,-28.527707],[-69.657796,-28.527617],[-69.658532,-28.527091],[-69.658645,-28.526902],[-69.658757,-28.526712],[-69.659202,-28.525962],[-69.660049,-28.525186],[-69.661072,-28.524481],[-69.662165,-28.523458],[-69.662207,-28.523425],[-69.662248,-28.523393],[-69.662445,-28.523239],[-69.663726,-28.521618],[-69.663875,-28.521366],[-69.664006,-28.521145],[-69.664065,-28.521085],[-69.66419,-28.520383],[-69.663964,-28.519978],[-69.66375,-28.519645],[-69.663524,-28.519312],[-69.66325,-28.519098],[-69.662905,-28.518694],[-69.662752,-28.517977],[-69.66273,-28.517869],[-69.662714,-28.517759],[-69.662705,-28.517649],[-69.662703,-28.517539],[-69.662707,-28.517429],[-69.662718,-28.517319],[-69.662736,-28.517211],[-69.662742,-28.517183],[-69.66276,-28.517103],[-69.66279,-28.516997],[-69.662827,-28.516893],[-69.662871,-28.516792],[-69.663435,-28.516086],[-69.663521,-28.516025],[-69.663607,-28.515964],[-69.664176,-28.515557],[-69.66474,-28.514993],[-69.664846,-28.514711],[-69.664952,-28.514429],[-69.665234,-28.513547],[-69.665234,-28.512771],[-69.665269,-28.512471],[-69.664594,-28.510937],[-69.663869,-28.50983],[-69.663595,-28.509652],[-69.663155,-28.50939],[-69.662631,-28.509057],[-69.661941,-28.508807],[-69.660578,-28.50688],[-69.660316,-28.506793],[-69.65936,-28.506642],[-69.658919,-28.506618],[-69.658503,-28.506404],[-69.658158,-28.506189],[-69.657789,-28.505856],[-69.657563,-28.505476],[-69.657301,-28.505024],[-69.657206,-28.504679],[-69.656956,-28.504429],[-69.65673,-28.504107],[-69.656804,-28.50367],[-69.65682,-28.503574],[-69.65684,-28.503507],[-69.656865,-28.503443],[-69.656896,-28.50338],[-69.656932,-28.503321],[-69.656973,-28.503265],[-69.657019,-28.503213],[-69.65707,-28.503166],[-69.657125,-28.503123],[-69.657157,-28.503071],[-69.657256,-28.502931],[-69.658681,-28.501859],[-69.659752,-28.501169],[-69.66092,-28.500375],[-69.661918,-28.500146],[-69.662453,-28.499848],[-69.663393,-28.499325],[-69.664083,-28.498932],[-69.664578,-28.498388],[-69.664951,-28.498178],[-69.665577,-28.497717],[-69.665996,-28.496784],[-69.666184,-28.495704],[-69.666199,-28.494516],[-69.66611,-28.494062],[-69.66611,-28.491911],[-69.665825,-28.491017],[-69.665425,-28.490065],[-69.66543,-28.488965],[-69.665471,-28.488766],[-69.665512,-28.488566],[-69.665696,-28.487258],[-69.665581,-28.486401],[-69.665133,-28.48527],[-69.665089,-28.485074],[-69.665124,-28.484404],[-69.665265,-28.483664],[-69.665195,-28.483417],[-69.665124,-28.48317],[-69.665038,-28.483055],[-69.664807,-28.482746],[-69.66479,-28.48261],[-69.664767,-28.48243],[-69.664736,-28.482182],[-69.665089,-28.481653],[-69.665248,-28.481459],[-69.665407,-28.481265],[-69.666006,-28.48123],[-69.666606,-28.4813],[-69.66668,-28.481305],[-69.666906,-28.481319],[-69.66717,-28.481336],[-69.668334,-28.481018],[-69.66848,-28.480965],[-69.668626,-28.480912],[-69.66911,-28.480736],[-69.669214,-28.480632],[-69.669318,-28.480528],[-69.669674,-28.480172],[-69.670168,-28.479643],[-69.67038,-28.479466],[-69.670591,-28.47929],[-69.671367,-28.479078],[-69.671967,-28.478867],[-69.672884,-28.478408],[-69.673378,-28.47795],[-69.673642,-28.477791],[-69.673907,-28.477632],[-69.674358,-28.477357],[-69.67445,-28.4773],[-69.674542,-28.477244],[-69.674547,-28.477242],[-69.675106,-28.476962],[-69.6753,-28.476786],[-69.675494,-28.476609],[-69.675882,-28.476186],[-69.67627,-28.475516],[-69.676647,-28.474994],[-69.676729,-28.474881],[-69.676849,-28.474694],[-69.676932,-28.474565],[-69.677046,-28.474387],[-69.67754,-28.473858],[-69.678104,-28.473435],[-69.678659,-28.473182],[-69.67877,-28.473132],[-69.67888,-28.473082],[-69.679586,-28.472694],[-69.68015,-28.4722],[-69.680432,-28.471424],[-69.680456,-28.471148],[-69.680503,-28.470613],[-69.680326,-28.470507],[-69.68015,-28.470401],[-69.679586,-28.470331],[-69.679339,-28.470296],[-69.679092,-28.47026],[-69.678483,-28.470067],[-69.678316,-28.470013],[-69.678087,-28.469961],[-69.677857,-28.469908],[-69.676976,-28.469908],[-69.675917,-28.470013],[-69.675106,-28.469943],[-69.674224,-28.469555],[-69.673766,-28.46892],[-69.673378,-28.468215],[-69.673202,-28.467298],[-69.67299,-28.466698],[-69.672884,-28.46564],[-69.673554,-28.464864],[-69.673907,-28.464335],[-69.674119,-28.463629],[-69.673872,-28.462853],[-69.673378,-28.462042],[-69.673378,-28.461883],[-69.673424,-28.460294],[-69.673424,-28.460113],[-69.673291,-28.459922],[-69.672865,-28.459598],[-69.672743,-28.459432],[-69.672632,-28.45921],[-69.672377,-28.458438],[-69.672244,-28.458114],[-69.671826,-28.457563],[-69.671262,-28.456928],[-69.67094,-28.456601],[-69.670623,-28.456542],[-69.670093,-28.45642],[-69.669426,-28.456327],[-69.669322,-28.456293],[-69.668546,-28.456116],[-69.66777,-28.455905],[-69.667558,-28.455711],[-69.667346,-28.455517],[-69.66717,-28.454917],[-69.667135,-28.454247],[-69.667135,-28.453471],[-69.667064,-28.452766],[-69.666747,-28.452201],[-69.666588,-28.452025],[-69.666429,-28.451849],[-69.665689,-28.451214],[-69.665124,-28.450544],[-69.664631,-28.449944],[-69.664102,-28.449203],[-69.663608,-28.448745],[-69.663043,-28.44818],[-69.662612,-28.447656],[-69.662469,-28.447092],[-69.66225,-28.446835],[-69.660979,-28.445862],[-69.660715,-28.445641],[-69.66001,-28.445464],[-69.659745,-28.445341],[-69.659481,-28.445218],[-69.658458,-28.444724],[-69.657823,-28.444406],[-69.657188,-28.444371],[-69.656695,-28.444794],[-69.655742,-28.445464],[-69.654825,-28.445711],[-69.654155,-28.445606],[-69.653506,-28.445054],[-69.653049,-28.444645],[-69.652129,-28.444172],[-69.651827,-28.443983],[-69.651445,-28.44388],[-69.650584,-28.443493],[-69.649986,-28.443411],[-69.649416,-28.443272],[-69.649109,-28.443184],[-69.648661,-28.443055],[-69.648074,-28.44286],[-69.64703,-28.442749],[-69.64673,-28.442749],[-69.64643,-28.442749],[-69.64509,-28.442784],[-69.644443,-28.442845],[-69.643997,-28.443031],[-69.643679,-28.443031],[-69.643442,-28.442923],[-69.642941,-28.442881],[-69.642833,-28.44289],[-69.642621,-28.442925],[-69.64241,-28.44296],[-69.641704,-28.44296],[-69.640893,-28.442925],[-69.640187,-28.442819],[-69.639482,-28.442396],[-69.638918,-28.442008],[-69.638459,-28.441267],[-69.638106,-28.440421],[-69.638106,-28.43968],[-69.637824,-28.438939],[-69.637501,-28.438256],[-69.637366,-28.437095],[-69.637401,-28.436153],[-69.637648,-28.434848],[-69.637648,-28.433966],[-69.637415,-28.433448],[-69.637049,-28.432043],[-69.636792,-28.431682],[-69.636583,-28.431586],[-69.636421,-28.431558],[-69.63599,-28.431532],[-69.635586,-28.431552],[-69.635076,-28.431414],[-69.634756,-28.431179],[-69.634257,-28.430805],[-69.634013,-28.430454],[-69.633832,-28.430283],[-69.633436,-28.43023],[-69.633417,-28.430228],[-69.633138,-28.430206],[-69.632871,-28.430159],[-69.63269,-28.430035],[-69.632628,-28.429954],[-69.632595,-28.429911],[-69.632557,-28.42973],[-69.632547,-28.429502],[-69.632566,-28.429416],[-69.632604,-28.429378],[-69.632709,-28.429274],[-69.633205,-28.429325],[-69.634015,-28.429098],[-69.634897,-28.428852],[-69.635482,-28.428504],[-69.636025,-28.428181],[-69.637048,-28.427229],[-69.637216,-28.427042],[-69.637384,-28.426855],[-69.637888,-28.426293],[-69.637927,-28.426249],[-69.637965,-28.426206],[-69.638706,-28.425712],[-69.638953,-28.425554],[-69.6392,-28.425395],[-69.639835,-28.42476],[-69.64047,-28.424337],[-69.64121,-28.424337],[-69.641376,-28.424282],[-69.641419,-28.424267],[-69.641499,-28.42424],[-69.641951,-28.42409],[-69.642163,-28.423896],[-69.642374,-28.423702],[-69.643044,-28.422926],[-69.643961,-28.422044],[-69.644882,-28.42111],[-69.64504,-28.42095],[-69.645198,-28.42079],[-69.64643,-28.41954],[-69.646614,-28.4195],[-69.646656,-28.419491],[-69.646924,-28.419434],[-69.647806,-28.41887],[-69.648169,-28.418341],[-69.648182,-28.418323],[-69.648194,-28.418305],[-69.648202,-28.418277],[-69.648441,-28.417424],[-69.648653,-28.417247],[-69.648814,-28.417113],[-69.64896,-28.41705],[-69.649423,-28.416853],[-69.649832,-28.416891],[-69.650111,-28.417076],[-69.650446,-28.417146],[-69.65085,-28.417119],[-69.651088,-28.417224],[-69.651491,-28.417576],[-69.652087,-28.417788],[-69.652497,-28.417761],[-69.653062,-28.417565],[-69.653661,-28.416859],[-69.653855,-28.416665],[-69.654049,-28.416471],[-69.654755,-28.416013],[-69.655389,-28.415378],[-69.655566,-28.414637],[-69.655636,-28.413932],[-69.655742,-28.413332],[-69.655923,-28.412903],[-69.655914,-28.412732],[-69.655809,-28.412541],[-69.655537,-28.412325],[-69.655434,-28.412243],[-69.65486,-28.411851],[-69.654367,-28.411392],[-69.654251,-28.411359],[-69.653391,-28.410971],[-69.652155,-28.410681],[-69.652135,-28.410674],[-69.651968,-28.410616],[-69.651086,-28.410052],[-69.650796,-28.409443],[-69.650734,-28.409311],[-69.650357,-28.408717],[-69.650189,-28.408039],[-69.649605,-28.407146],[-69.649022,-28.406357],[-69.64837,-28.40543],[-69.647889,-28.404401],[-69.647718,-28.403474],[-69.647593,-28.402644],[-69.647852,-28.401435],[-69.64795,-28.400975],[-69.647992,-28.400866],[-69.648267,-28.399871],[-69.649262,-28.398773],[-69.649336,-28.398331],[-69.649354,-28.398244],[-69.649369,-28.398156],[-69.64938,-28.398068],[-69.649387,-28.397965],[-69.649389,-28.397863],[-69.649386,-28.397761],[-69.649377,-28.397659],[-69.649363,-28.397557],[-69.649342,-28.397446],[-69.649314,-28.397337],[-69.649086,-28.396453],[-69.649004,-28.396323],[-69.648871,-28.396152],[-69.648614,-28.396056],[-69.647946,-28.395973],[-69.647649,-28.395856],[-69.646825,-28.395478],[-69.646242,-28.394963],[-69.645796,-28.394346],[-69.645075,-28.394071],[-69.644149,-28.393968],[-69.642639,-28.393728],[-69.64154,-28.393213],[-69.640648,-28.39287],[-69.639928,-28.392355],[-69.63907,-28.391703],[-69.638349,-28.390674],[-69.637937,-28.389678],[-69.637422,-28.388855],[-69.63677,-28.388752],[-69.635569,-28.389232],[-69.634505,-28.389644],[-69.633476,-28.390125],[-69.632763,-28.390503],[-69.632376,-28.391079],[-69.631872,-28.391678],[-69.631329,-28.392354],[-69.631063,-28.392716],[-69.630236,-28.393437],[-69.6299,-28.393646],[-69.62981,-28.393692],[-69.629563,-28.393963],[-69.629389,-28.394154],[-69.629297,-28.394255],[-69.628462,-28.39517],[-69.628436,-28.395198],[-69.628436,-28.395198],[-69.628436,-28.395198],[-69.628089,-28.395579],[-69.627619,-28.396071],[-69.626408,-28.397339],[-69.625427,-28.398366],[-69.624968,-28.398847],[-69.624248,-28.3996],[-69.623528,-28.400354],[-69.623403,-28.400485],[-69.622755,-28.401163],[-69.621754,-28.402212],[-69.619494,-28.404578],[-69.617181,-28.407],[-69.61546,-28.408801],[-69.614616,-28.409685],[-69.612814,-28.411572],[-69.610586,-28.413904]]]]}},{"type":"Feature","id":"70056","properties":{"id":70056,"in1":"70056","departamento":"JACHAL","nombre":"Jáchal","fna":"Departamento Jáchal","cabecera":"San José de Jáchal","provincia":"SAN JUAN","fuente":"Instituto Geográfico Nacional (IGN)"},"geometry":{"type":"MultiPolygon","coordinates":[[[[-68.887262,-29.620371],[-68.883041,-29.623473],[-68.880697,-29.625473],[-68.879034,-29.628681],[-68.877626,-29.629698],[-68.875246,-29.63065],[-68.873581,-29.631602],[-68.87132,-29.632316],[-68.868941,-29.633148],[-68.866204,-29.633981],[-68.865371,-29.634219],[-68.865063,-29.634333],[-68.863111,-29.635052],[-68.861868,-29.635176],[-68.855454,-29.631434],[-68.854077,-29.6315],[-68.851894,-29.632184],[-68.851095,-29.632434],[-68.8505,-29.632553],[-68.850041,-29.632689],[-68.847634,-29.632713],[-68.845118,-29.632127],[-68.84167,-29.631817],[-68.838878,-29.632024],[-68.834914,-29.632434],[-68.83281,-29.632816],[-68.828198,-29.63064],[-68.825156,-29.628404],[-68.823157,-29.628438],[-68.82164,-29.629231],[-68.820231,-29.629989],[-68.818952,-29.629743],[-68.817544,-29.629341],[-68.816539,-29.629282],[-68.815522,-29.629222],[-68.81338,-29.628508],[-68.812021,-29.628024],[-68.809849,-29.627576],[-68.807953,-29.626335],[-68.805505,-29.62537],[-68.803505,-29.624715],[-68.802274,-29.624137],[-68.799506,-29.62368],[-68.796748,-29.62306],[-68.795817,-29.623129],[-68.79399,-29.62237],[-68.792783,-29.622198],[-68.791715,-29.623405],[-68.790656,-29.624344],[-68.788301,-29.624414],[-68.787325,-29.624344],[-68.784827,-29.624225],[-68.78328,-29.624463],[-68.782234,-29.624301],[-68.77751,-29.626025],[-68.775442,-29.626301],[-68.773546,-29.627369],[-68.771994,-29.629955],[-68.769372,-29.631105],[-68.768646,-29.631245],[-68.765996,-29.631093],[-68.762254,-29.632202],[-68.760675,-29.632434],[-68.758534,-29.632791],[-68.755678,-29.631959],[-68.754251,-29.631602],[-68.751633,-29.631602],[-68.750443,-29.631364],[-68.749492,-29.631364],[-68.747945,-29.631721],[-68.747707,-29.631721],[-68.746279,-29.631007],[-68.743424,-29.629222],[-68.741283,-29.627795],[-68.738665,-29.626486],[-68.738189,-29.626307],[-68.737475,-29.626188],[-68.737118,-29.625891],[-68.736464,-29.625653],[-68.736378,-29.625631],[-68.736271,-29.625605],[-68.732716,-29.626307],[-68.729485,-29.625266],[-68.728072,-29.624611],[-68.727072,-29.624232],[-68.724038,-29.624818],[-68.720729,-29.624853],[-68.717936,-29.624542],[-68.715316,-29.62468],[-68.711455,-29.626094],[-68.710007,-29.627266],[-68.71042,-29.629714],[-68.710664,-29.630566],[-68.710903,-29.631403],[-68.71059,-29.632151],[-68.70911,-29.633127],[-68.705803,-29.633278],[-68.704996,-29.633743],[-68.704631,-29.633932],[-68.70318,-29.635057],[-68.699363,-29.635831],[-68.699197,-29.635825],[-68.696113,-29.635712],[-68.693631,-29.635471],[-68.690562,-29.63685],[-68.687266,-29.640024],[-68.686793,-29.640346],[-68.686678,-29.640461],[-68.686495,-29.640644],[-68.685663,-29.641119],[-68.685542,-29.641267],[-68.685127,-29.641774],[-68.684592,-29.642547],[-68.684267,-29.642848],[-68.683759,-29.643321],[-68.68364,-29.644153],[-68.683283,-29.645224],[-68.683164,-29.645759],[-68.682986,-29.646414],[-68.68298,-29.646415],[-68.68251,-29.646533],[-68.682034,-29.646533],[-68.681499,-29.646473],[-68.680904,-29.645819],[-68.68019,-29.645462],[-68.679536,-29.645105],[-68.678643,-29.644332],[-68.677989,-29.643618],[-68.677156,-29.643439],[-68.676323,-29.643083],[-68.675193,-29.642845],[-68.674658,-29.642547],[-68.674541,-29.642443],[-68.674122,-29.642071],[-68.67317,-29.641357],[-68.672754,-29.641119],[-68.67204,-29.640882],[-68.671267,-29.640584],[-68.670731,-29.640406],[-68.669423,-29.640108],[-68.668649,-29.63987],[-68.667817,-29.63987],[-68.666567,-29.640049],[-68.665794,-29.640049],[-68.664604,-29.640168],[-68.663355,-29.63993],[-68.662641,-29.63987],[-68.661809,-29.63993],[-68.661154,-29.63993],[-68.660202,-29.63993],[-68.659489,-29.63987],[-68.65881,-29.639998],[-68.658537,-29.640049],[-68.657466,-29.640406],[-68.656336,-29.640644],[-68.655027,-29.640822],[-68.653718,-29.640941],[-68.652767,-29.640703],[-68.652764,-29.640702],[-68.652706,-29.640673],[-68.651815,-29.640227],[-68.651041,-29.639692],[-68.649614,-29.639454],[-68.648662,-29.639037],[-68.648008,-29.639037],[-68.647472,-29.639275],[-68.64658,-29.639394],[-68.645985,-29.639751],[-68.645271,-29.639632],[-68.644676,-29.639692],[-68.643249,-29.639513],[-68.642416,-29.639156],[-68.641167,-29.638978],[-68.640393,-29.638978],[-68.639561,-29.638978],[-68.638906,-29.639156],[-68.638073,-29.639275],[-68.636824,-29.639692],[-68.636051,-29.640346],[-68.635278,-29.641179],[-68.634504,-29.641595],[-68.633612,-29.642131],[-68.632601,-29.64219],[-68.631411,-29.642428],[-68.630935,-29.642428],[-68.630876,-29.642428],[-68.629745,-29.642607],[-68.628556,-29.642726],[-68.62754,-29.643335],[-68.627366,-29.643439],[-68.626057,-29.643737],[-68.624689,-29.644332],[-68.624213,-29.644748],[-68.623142,-29.645165],[-68.621834,-29.64564],[-68.620644,-29.645819],[-68.618859,-29.645759],[-68.61767,-29.645462],[-68.616956,-29.645343],[-68.615587,-29.645284],[-68.613981,-29.645105],[-68.612375,-29.645105],[-68.610769,-29.644391],[-68.609579,-29.644034],[-68.607973,-29.644034],[-68.605832,-29.644213],[-68.6025,-29.644213],[-68.600478,-29.643558],[-68.598693,-29.64219],[-68.597725,-29.641746],[-68.597266,-29.641536],[-68.596016,-29.641238],[-68.59489,-29.641001],[-68.594811,-29.640985],[-68.593756,-29.640763],[-68.591733,-29.640406],[-68.590369,-29.640435],[-68.588997,-29.640465],[-68.586737,-29.640644],[-68.584119,-29.640882],[-68.581918,-29.640406],[-68.580788,-29.640227],[-68.578706,-29.640108],[-68.577621,-29.639482],[-68.577159,-29.639216],[-68.575196,-29.6388],[-68.574189,-29.638368],[-68.573114,-29.637907],[-68.571266,-29.637545],[-68.57008,-29.637312],[-68.568891,-29.637015],[-68.568296,-29.637015],[-68.567344,-29.636955],[-68.566928,-29.636955],[-68.566511,-29.636955],[-68.564575,-29.637878],[-68.560913,-29.637695],[-68.557678,-29.637512],[-68.554993,-29.63739],[-68.552612,-29.63739],[-68.550344,-29.63739],[-68.5495,-29.63739],[-68.546692,-29.637512],[-68.538696,-29.639587],[-68.536439,-29.639316],[-68.535182,-29.639164],[-68.534706,-29.639107],[-68.532104,-29.638794],[-68.52771,-29.638489],[-68.523804,-29.637878],[-68.520203,-29.637512],[-68.517827,-29.63777],[-68.517395,-29.637817],[-68.516604,-29.637925],[-68.514709,-29.638184],[-68.512914,-29.638673],[-68.512024,-29.638916],[-68.511005,-29.639127],[-68.508789,-29.639587],[-68.508343,-29.639744],[-68.507794,-29.639937],[-68.50531,-29.640808],[-68.503191,-29.640808],[-68.501709,-29.640808],[-68.501245,-29.640778],[-68.497009,-29.640503],[-68.492981,-29.640808],[-68.490784,-29.640991],[-68.488206,-29.641865],[-68.487183,-29.642212],[-68.484192,-29.6427],[-68.479797,-29.643188],[-68.477112,-29.643494],[-68.471191,-29.643799],[-68.467712,-29.644287],[-68.464294,-29.64502],[-68.460876,-29.645691],[-68.456642,-29.64678],[-68.456604,-29.64679],[-68.453491,-29.6474],[-68.453328,-29.64743],[-68.450195,-29.64801],[-68.447693,-29.648987],[-68.44571,-29.649547],[-68.444885,-29.64978],[-68.441284,-29.650513],[-68.436441,-29.653066],[-68.410723,-29.666625],[-68.408756,-29.667662],[-68.379929,-29.68286],[-68.331042,-29.708634],[-68.327994,-29.71024],[-68.304571,-29.722589],[-68.294797,-29.727742],[-68.271158,-29.740205],[-68.269897,-29.74087],[-68.269262,-29.741205],[-68.264346,-29.743797],[-68.259802,-29.746192],[-68.259788,-29.7462],[-68.25894,-29.746647],[-68.258789,-29.746726],[-68.262617,-29.748798],[-68.285239,-29.761012],[-68.298889,-29.768383],[-68.340069,-29.790618],[-68.358893,-29.800782],[-68.358537,-29.801421],[-68.358492,-29.802115],[-68.35855,-29.802756],[-68.358533,-29.803694],[-68.358281,-29.804288],[-68.358267,-29.804884],[-68.358192,-29.805325],[-68.358013,-29.805739],[-68.357241,-29.806872],[-68.356803,-29.807357],[-68.356374,-29.808212],[-68.355987,-29.808788],[-68.355519,-29.809155],[-68.354997,-29.809874],[-68.354404,-29.810458],[-68.353915,-29.810988],[-68.353475,-29.811816],[-68.353202,-29.812364],[-68.352888,-29.813039],[-68.352718,-29.813661],[-68.352674,-29.814139],[-68.352182,-29.814921],[-68.351952,-29.815362],[-68.35167,-29.815848],[-68.350585,-29.81716],[-68.350334,-29.817601],[-68.349866,-29.81795],[-68.349049,-29.817937],[-68.347921,-29.81795],[-68.346532,-29.818376],[-68.345537,-29.818732],[-68.344645,-29.819016],[-68.343992,-29.819283],[-68.343371,-29.819397],[-68.342235,-29.819094],[-68.341263,-29.818945],[-68.339956,-29.819462],[-68.339271,-29.819864],[-68.338759,-29.820529],[-68.338351,-29.821339],[-68.338038,-29.821752],[-68.337134,-29.822361],[-68.336397,-29.822601],[-68.33593,-29.822833],[-68.335678,-29.8235],[-68.335158,-29.823804],[-68.334526,-29.823927],[-68.333857,-29.825033],[-68.3324,-29.826289],[-68.331287,-29.827284],[-68.330255,-29.828398],[-68.329838,-29.828928],[-68.329451,-29.82953],[-68.32891,-29.829897],[-68.328026,-29.830569],[-68.327267,-29.831197],[-68.326806,-29.832034],[-68.326555,-29.83242],[-68.326324,-29.832978],[-68.3263,-29.833429],[-68.326254,-29.834124],[-68.326054,-29.834556],[-68.325749,-29.835294],[-68.325378,-29.836672],[-68.324969,-29.837527],[-68.324612,-29.83822],[-68.324462,-29.838995],[-68.324364,-29.839797],[-68.323947,-29.840174],[-68.323242,-29.840432],[-68.322723,-29.840619],[-68.322182,-29.841067],[-68.321578,-29.841668],[-68.320694,-29.842358],[-68.31846,-29.843673],[-68.316081,-29.845122],[-68.315623,-29.845534],[-68.315525,-29.846156],[-68.315583,-29.84677],[-68.315197,-29.847255],[-68.314638,-29.847243],[-68.314385,-29.84791],[-68.314506,-29.848461],[-68.314565,-29.848939],[-68.313606,-29.849908],[-68.313002,-29.850419],[-68.312586,-29.850769],[-68.311725,-29.851008],[-68.310887,-29.851067],[-68.310077,-29.851414],[-68.309421,-29.85197],[-68.30882,-29.852184],[-68.308114,-29.852496],[-68.307521,-29.85298],[-68.306622,-29.854184],[-68.305974,-29.855155],[-68.305224,-29.855872],[-68.304496,-29.856337],[-68.303654,-29.856892],[-68.302467,-29.857942],[-68.301239,-29.858981],[-68.300683,-29.86007],[-68.299663,-29.860858],[-68.298943,-29.861712],[-68.298274,-29.862565],[-68.297909,-29.86305],[-68.297831,-29.863172],[-68.297187,-29.864183],[-68.296368,-29.865793],[-68.295876,-29.866558],[-68.294948,-29.867572],[-68.293759,-29.868874],[-68.292778,-29.87005],[-68.292449,-29.871158],[-68.292226,-29.872005],[-68.291926,-29.873401],[-68.291864,-29.874871],[-68.291699,-29.876178],[-68.291556,-29.877395],[-68.291319,-29.878702],[-68.291375,-29.880081],[-68.291425,-29.881337],[-68.291476,-29.882943],[-68.291261,-29.884087],[-68.290953,-29.885141],[-68.290491,-29.885978],[-68.289876,-29.886696],[-68.289392,-29.887776],[-68.289196,-29.889128],[-68.289172,-29.889606],[-68.28897,-29.890272],[-68.288325,-29.89072],[-68.287968,-29.891005],[-68.286732,-29.891992],[-68.286345,-29.892531],[-68.286041,-29.89308],[-68.285662,-29.894025],[-68.285207,-29.895331],[-68.284951,-29.896412],[-68.284343,-29.897455],[-68.283805,-29.898832],[-68.283604,-29.899544],[-68.283589,-29.900139],[-68.283542,-29.900969],[-68.283186,-29.901544],[-68.279619,-29.902219],[-68.277047,-29.902801],[-68.274826,-29.903582],[-68.273724,-29.904208],[-68.272869,-29.905042],[-68.272305,-29.905697],[-68.272074,-29.906084],[-68.272101,-29.906679],[-68.272176,-29.90769],[-68.27259,-29.909172],[-68.272891,-29.910472],[-68.272978,-29.911321],[-68.272898,-29.912466],[-68.272755,-29.913566],[-68.272479,-29.914538],[-68.272091,-29.915222],[-68.271704,-29.915761],[-68.271308,-29.916102],[-68.270364,-29.916277],[-68.269318,-29.916334],[-68.268375,-29.916437],[-68.267482,-29.916784],[-68.266262,-29.917833],[-68.265325,-29.918504],[-68.264574,-29.919321],[-68.264208,-29.919806],[-68.264213,-29.920446],[-68.264302,-29.921132],[-68.264233,-29.921953],[-68.26467,-29.923209],[-68.265079,-29.923843],[-68.265344,-29.92444],[-68.265464,-29.925054],[-68.265604,-29.925632],[-68.265601,-29.926065],[-68.265452,-29.926614],[-68.264827,-29.92708],[-68.263863,-29.927318],[-68.263119,-29.927079],[-68.261673,-29.926566],[-68.260001,-29.925709],[-68.258495,-29.924925],[-68.257378,-29.924684],[-68.256458,-29.924561],[-68.255462,-29.924799],[-68.253783,-29.924907],[-68.253129,-29.925147],[-68.252006,-29.925817],[-68.25118,-29.926796],[-68.250583,-29.927667],[-68.250494,-29.92847],[-68.250737,-29.929274],[-68.250981,-29.929889],[-68.250788,-29.930826],[-68.250725,-29.932314],[-68.250528,-29.93372],[-68.250765,-29.935228],[-68.251067,-29.936411],[-68.251376,-29.937973],[-68.251523,-29.939093],[-68.251477,-29.939778],[-68.251151,-29.940426],[-68.250785,-29.940866],[-68.249386,-29.940903],[-68.248339,-29.941005],[-68.247323,-29.941243],[-68.24672,-29.941528],[-68.246354,-29.941914],[-68.246144,-29.94231],[-68.246054,-29.943292],[-68.24606,-29.943798],[-68.246128,-29.944484],[-68.246155,-29.945034],[-68.246326,-29.94563],[-68.246746,-29.946219],[-68.2476,-29.947054],[-68.248343,-29.947464],[-68.249436,-29.948066],[-68.249827,-29.948411],[-68.250156,-29.948791],[-68.250504,-29.949317],[-68.250592,-29.949939],[-68.250278,-29.950371],[-68.249727,-29.950674],[-68.249073,-29.950842],[-68.248554,-29.950965],[-68.247572,-29.950815],[-68.246786,-29.950639],[-68.24599,-29.9504],[-68.245174,-29.950107],[-68.244437,-29.950256],[-68.243865,-29.950623],[-68.242978,-29.951456],[-68.242329,-29.952337],[-68.242187,-29.953328],[-68.242357,-29.95406],[-68.242785,-29.955037],[-68.24341,-29.955897],[-68.243801,-29.956287],[-68.244554,-29.956779],[-68.244945,-29.957052],[-68.245345,-29.95755],[-68.245589,-29.958147],[-68.2457,-29.958644],[-68.245527,-29.9595],[-68.245118,-29.960255],[-68.244701,-29.960604],[-68.244212,-29.960836],[-68.243393,-29.960985],[-68.242242,-29.961086],[-68.241609,-29.961209],[-68.240797,-29.961673],[-68.239235,-29.962837],[-68.237494,-29.964207],[-68.237179,-29.964765],[-68.23703,-29.965242],[-68.236858,-29.966053],[-68.237078,-29.9671],[-68.23802,-29.968558],[-68.238562,-29.969581],[-68.23899,-29.970494],[-68.239398,-29.971272],[-68.23956,-29.971842],[-68.239462,-29.972409],[-68.239188,-29.973057],[-68.238823,-29.973362],[-68.237088,-29.973947],[-68.236278,-29.974231],[-68.235913,-29.974554],[-68.235599,-29.974904],[-68.235637,-29.975382],[-68.235903,-29.975798],[-68.236148,-29.976296],[-68.236787,-29.976769],[-68.237425,-29.977314],[-68.237774,-29.977767],[-68.238201,-29.978753],[-68.23827,-29.979339],[-68.238016,-29.979987],[-68.237232,-29.980939],[-68.236117,-29.981744],[-68.23494,-29.982513],[-68.234159,-29.982987],[-68.233378,-29.983542],[-68.233033,-29.983909],[-68.232988,-29.984369],[-68.232943,-29.984802],[-68.233084,-29.98529],[-68.233483,-29.985996],[-68.233915,-29.986377],[-68.23442,-29.986831],[-68.234976,-29.987213],[-68.235564,-29.987568],[-68.235998,-29.987778],[-68.237094,-29.988037],[-68.237672,-29.988356],[-68.238043,-29.988692],[-68.238236,-29.989217],[-68.238272,-29.989929],[-68.23781,-29.990685],[-68.237341,-29.991079],[-68.236851,-29.991428],[-68.235622,-29.992178],[-68.234729,-29.992435],[-68.234044,-29.992584],[-68.233525,-29.992752],[-68.233047,-29.992894],[-68.232371,-29.993197],[-68.231404,-29.99357],[-68.230198,-29.994041],[-68.22894,-29.994629],[-68.22821,-29.995211],[-68.227718,-29.995885],[-68.227672,-29.996453],[-68.227294,-29.997073],[-68.226601,-29.996925],[-68.22594,-29.996605],[-68.225114,-29.996275],[-68.224453,-29.995911],[-68.223957,-29.995691],[-68.22313,-29.995497],[-68.222499,-29.995295],[-68.22158,-29.994965],[-68.219885,-29.994269],[-68.21811,-29.993392],[-68.216379,-29.992155],[-68.214916,-29.991019],[-68.214011,-29.990094],[-68.213293,-29.989232],[-68.212594,-29.988507],[-68.212328,-29.988027],[-68.212135,-29.987502],[-68.211095,-29.986684],[-68.210301,-29.986238],[-68.209724,-29.98581],[-68.208735,-29.98511],[-68.207563,-29.983903],[-68.206504,-29.982859],[-68.205679,-29.98234],[-68.204638,-29.981738],[-68.203926,-29.981224],[-68.203504,-29.98092],[-68.20236,-29.9802],[-68.201254,-29.979896],[-68.200353,-29.979854],[-68.199587,-29.979678],[-68.198824,-29.979186],[-68.197437,-29.97778],[-68.197009,-29.977015],[-68.196814,-29.976666],[-68.196014,-29.975642],[-68.195501,-29.974981],[-68.194976,-29.974598],[-68.194651,-29.973713],[-68.194406,-29.973296],[-68.193798,-29.972959],[-68.193293,-29.972559],[-68.191964,-29.971603],[-68.189596,-29.969821],[-68.186259,-29.967401],[-68.185457,-29.966656],[-68.184498,-29.966046],[-68.183312,-29.965353],[-68.182622,-29.964879],[-68.182036,-29.96438],[-68.181153,-29.9634],[-68.180091,-29.962816],[-68.17826,-29.961163],[-68.176871,-29.959963],[-68.176129,-29.959607],[-68.175366,-29.959133],[-68.174586,-29.958226],[-68.174077,-29.957177],[-68.173714,-29.955893],[-68.17308,-29.954987],[-68.172352,-29.954054],[-68.171203,-29.952711],[-68.170109,-29.950919],[-68.169005,-29.949162],[-68.168621,-29.948086],[-68.168209,-29.946541],[-68.167976,-29.944663],[-68.167615,-29.943262],[-68.167115,-29.941801],[-68.166876,-29.941102],[-68.166122,-29.939663],[-68.165663,-29.938776],[-68.165172,-29.936788],[-68.165078,-29.935642],[-68.164828,-29.934594],[-68.164504,-29.933744],[-68.163911,-29.932766],[-68.16366,-29.931898],[-68.163542,-29.931216],[-68.163462,-29.930752],[-68.163423,-29.92929],[-68.163292,-29.92753],[-68.163379,-29.925835],[-68.163442,-29.924545],[-68.163318,-29.923173],[-68.162966,-29.922007],[-68.162684,-29.921031],[-68.162131,-29.920324],[-68.161565,-29.919825],[-68.160824,-29.919378],[-68.159958,-29.918903],[-68.159215,-29.91861],[-68.158783,-29.918183],[-68.158148,-29.91734],[-68.157555,-29.916497],[-68.157024,-29.915565],[-68.155058,-29.914235],[-68.153677,-29.913469],[-68.152224,-29.912639],[-68.151192,-29.912208],[-68.150004,-29.911812],[-68.148081,-29.911529],[-68.146321,-29.911545],[-68.144894,-29.911292],[-68.144027,-29.910953],[-68.143284,-29.910596],[-68.142307,-29.909868],[-68.141565,-29.909512],[-68.140541,-29.909361],[-68.137791,-29.908819],[-68.135891,-29.908302],[-68.134479,-29.911098],[-68.133962,-29.911994],[-68.132913,-29.913812],[-68.132248,-29.915215],[-68.132096,-29.916044],[-68.131953,-29.917026],[-68.131853,-29.917765],[-68.131526,-29.918503],[-68.131112,-29.919691],[-68.130528,-29.921328],[-68.129863,-29.922749],[-68.129034,-29.924025],[-68.128087,-29.92575],[-68.127622,-29.926758],[-68.126988,-29.928278],[-68.126761,-29.929359],[-68.126697,-29.93073],[-68.126739,-29.931921],[-68.12672,-29.932841],[-68.126734,-29.933598],[-68.126657,-29.934166],[-68.126277,-29.934948],[-68.124905,-29.936725],[-68.123807,-29.937882],[-68.122724,-29.939733],[-68.122188,-29.940694],[-68.121204,-29.941806],[-68.120377,-29.942865],[-68.119495,-29.944231],[-68.118606,-29.945154],[-68.117369,-29.946832],[-68.116333,-29.947971],[-68.114796,-29.949684],[-68.113282,-29.950972],[-68.111459,-29.952142],[-68.110001,-29.953025],[-68.109115,-29.953695],[-68.107417,-29.954694],[-68.105921,-29.955198],[-68.104931,-29.955868],[-68.103672,-29.9565],[-68.102755,-29.957053],[-68.102076,-29.957662],[-68.101353,-29.958631],[-68.100271,-29.960338],[-68.099127,-29.961899],[-68.098246,-29.963129],[-68.097717,-29.964325],[-68.097699,-29.965218],[-68.097972,-29.965942],[-68.098505,-29.966586],[-68.099058,-29.967266],[-68.09962,-29.968109],[-68.099893,-29.968877],[-68.09993,-29.969338],[-68.099539,-29.97021],[-68.098818,-29.970927],[-68.097908,-29.971904],[-68.096892,-29.973078],[-68.096323,-29.974166],[-68.095843,-29.975633],[-68.095855,-29.976616],[-68.095457,-29.978246],[-68.095208,-29.979444],[-68.09522,-29.980383],[-68.094523,-29.981857],[-68.093715,-29.982961],[-68.092703,-29.983748],[-68.091526,-29.98438],[-68.090931,-29.98489],[-68.090197,-29.985769],[-68.089347,-29.987008],[-68.088937,-29.987655],[-68.088864,-29.988782],[-68.089636,-29.989347],[-68.090618,-29.98966],[-68.091568,-29.990036],[-68.092525,-29.990711],[-68.092826,-29.991017],[-68.093398,-29.991601],[-68.094123,-29.992787],[-68.093553,-29.993911],[-68.092681,-29.995249],[-68.090707,-29.998041],[-68.089567,-29.999196],[-68.089001,-29.999959],[-68.088416,-30.00037],[-68.087533,-30.000653],[-68.086588,-30.000872],[-68.086273,-30.000913],[-68.085799,-30.000974],[-68.084668,-30.00112],[-68.083776,-30.001195],[-68.083142,-30.001389],[-68.082331,-30.001717],[-68.081654,-30.002064],[-68.081007,-30.002529],[-68.080472,-30.003283],[-68.079607,-30.00429],[-68.079602,-30.004296],[-68.078899,-30.005256],[-68.078532,-30.005677],[-68.077627,-30.006041],[-68.076792,-30.006667],[-68.075866,-30.007147],[-68.074915,-30.007952],[-68.073996,-30.008713],[-68.073786,-30.008814],[-68.071945,-30.009708],[-68.069602,-30.010864],[-68.067518,-30.011995],[-68.066778,-30.012459],[-68.065914,-30.012868],[-68.064666,-30.01331],[-68.063428,-30.01387],[-68.062955,-30.014489],[-68.06293,-30.015012],[-68.062509,-30.015631],[-68.062463,-30.016091],[-68.063075,-30.017241],[-68.063715,-30.018589],[-68.063747,-30.020718],[-68.063623,-30.022855],[-68.062899,-30.024871],[-68.061689,-30.026756],[-68.059875,-30.028989],[-68.058066,-30.030672],[-68.055371,-30.032746],[-68.054617,-30.033615],[-68.054353,-30.034119],[-68.054514,-30.034607],[-68.055492,-30.035353],[-68.055522,-30.035366],[-68.056018,-30.035565],[-68.056389,-30.035883],[-68.056767,-30.036409],[-68.056923,-30.037511],[-68.056798,-30.038583],[-68.056486,-30.039799],[-68.056275,-30.040194],[-68.056017,-30.04122],[-68.056125,-30.041844],[-68.055913,-30.042275],[-68.055315,-30.043065],[-68.054369,-30.04442],[-68.053899,-30.045842],[-68.053877,-30.047104],[-68.054034,-30.047971],[-68.053835,-30.049368],[-68.053761,-30.050585],[-68.053474,-30.051296],[-68.053397,-30.051782],[-68.053422,-30.052423],[-68.053448,-30.052992],[-68.05345,-30.053839],[-68.053191,-30.054902],[-68.053017,-30.055749],[-68.052937,-30.056506],[-68.052752,-30.057397],[-68.052472,-30.058505],[-68.051894,-30.059304],[-68.050102,-30.060229],[-68.049173,-30.060808],[-68.048308,-30.061271],[-68.046851,-30.06182],[-68.045402,-30.06263],[-68.045046,-30.06278],[-68.042976,-30.06365],[-68.042424,-30.063898],[-68.041582,-30.064091],[-68.040658,-30.064201],[-68.039948,-30.06471],[-68.039632,-30.065195],[-68.039524,-30.065717],[-68.039925,-30.066045],[-68.040324,-30.066571],[-68.040595,-30.067556],[-68.040972,-30.069291],[-68.040969,-30.070671],[-68.04071,-30.071752],[-68.040423,-30.072417],[-68.039793,-30.073287],[-68.038107,-30.074917],[-68.036059,-30.076534],[-68.03516,-30.077222],[-68.034371,-30.078353],[-68.033634,-30.079547],[-68.033106,-30.080464],[-68.032826,-30.081544],[-68.030641,-30.085425],[-68.029776,-30.086961],[-68.029569,-30.087906],[-68.029548,-30.089052],[-68.030135,-30.090517],[-68.031065,-30.091976],[-68.032108,-30.094519],[-68.032479,-30.09592],[-68.032745,-30.096309],[-68.032906,-30.096744],[-68.032963,-30.097357],[-68.032813,-30.097843],[-68.032548,-30.098419],[-68.031731,-30.099225],[-68.030521,-30.099865],[-68.029618,-30.100995],[-68.029177,-30.101569],[-68.028858,-30.102279],[-68.028602,-30.103035],[-68.028337,-30.10361],[-68.027493,-30.105011],[-68.02708,-30.105865],[-68.026205,-30.107311],[-68.025082,-30.108692],[-68.023897,-30.109955],[-68.022893,-30.110759],[-68.020914,-30.111574],[-68.020045,-30.112325],[-68.019726,-30.113135],[-68.019361,-30.114395],[-68.019185,-30.115404],[-68.018504,-30.117122],[-68.018106,-30.118481],[-68.01811,-30.119121],[-68.017171,-30.120711],[-68.016325,-30.122319],[-68.016014,-30.123327],[-68.015727,-30.12401],[-68.015066,-30.124727],[-68.014591,-30.12558],[-68.014489,-30.1264],[-68.015555,-30.128871],[-68.016171,-30.129534],[-68.016439,-30.130727],[-68.017321,-30.133863],[-68.021191,-30.146812],[-68.022354,-30.150705],[-68.02212,-30.152309],[-68.022054,-30.154807],[-68.021873,-30.156321],[-68.021674,-30.15761],[-68.02117,-30.158138],[-68.020427,-30.158737],[-68.020268,-30.158905],[-68.019777,-30.159427],[-68.019295,-30.15982],[-68.018845,-30.16025],[-68.018695,-30.160708],[-68.018511,-30.161447],[-68.018439,-30.162484],[-68.018279,-30.163926],[-68.017991,-30.164681],[-68.017679,-30.165833],[-68.017212,-30.166885],[-68.016518,-30.167692],[-68.015657,-30.168678],[-68.014493,-30.169923],[-68.013809,-30.170774],[-68.013253,-30.171393],[-68.012701,-30.172588],[-68.012837,-30.173572],[-68.013611,-30.175039],[-68.013987,-30.175926],[-68.014153,-30.176893],[-68.014103,-30.17774],[-68.013472,-30.180721],[-68.012425,-30.183618],[-68.011932,-30.185201],[-68.011375,-30.185838],[-68.010481,-30.186967],[-68.00982,-30.187684],[-68.009534,-30.188232],[-68.00907,-30.190042],[-68.009146,-30.19071],[-68.008951,-30.191321],[-68.008942,-30.191349],[-68.008415,-30.192202],[-68.007779,-30.193423],[-68.007421,-30.194954],[-68.007524,-30.196146],[-68.008062,-30.197358],[-68.008119,-30.197846],[-68.007957,-30.198467],[-68.007376,-30.199473],[-68.005928,-30.200941],[-68.004536,-30.202076],[-68.003105,-30.202922],[-68.001771,-30.205393],[-68.000215,-30.208276],[-67.999421,-30.20882],[-67.998513,-30.209183],[-67.997566,-30.209428],[-67.996765,-30.209585],[-67.995952,-30.209876],[-67.994969,-30.210464],[-67.993985,-30.211286],[-67.992601,-30.212602],[-67.991215,-30.214061],[-67.99094,-30.214564],[-67.990799,-30.215068],[-67.990904,-30.216034],[-67.990945,-30.217063],[-67.990883,-30.218091],[-67.990552,-30.219008],[-67.989992,-30.219942],[-67.989027,-30.220827],[-67.987835,-30.221603],[-67.98627,-30.222276],[-67.984891,-30.223023],[-67.983885,-30.22389],[-67.982315,-30.225069],[-67.981355,-30.225549],[-67.980303,-30.225811],[-67.979428,-30.226012],[-67.978691,-30.226006],[-67.97674,-30.225792],[-67.975017,-30.225661],[-67.973647,-30.225561],[-67.972805,-30.225671],[-67.97198,-30.226125],[-67.971047,-30.22692],[-67.970407,-30.227511],[-67.969697,-30.227848],[-67.96848,-30.228046],[-67.967181,-30.22808],[-67.966207,-30.227892],[-67.965286,-30.227587],[-67.964005,-30.226892],[-67.963193,-30.22623],[-67.962954,-30.226036],[-67.962171,-30.225497],[-67.961459,-30.224968],[-67.960519,-30.224501],[-67.959043,-30.224588],[-67.956793,-30.225184],[-67.955387,-30.22557],[-67.953485,-30.22569],[-67.952402,-30.225934],[-67.951631,-30.226225],[-67.951097,-30.226609],[-67.950748,-30.227138],[-67.950531,-30.228011],[-67.950222,-30.229768],[-67.95015,-30.23167],[-67.950033,-30.232882],[-67.950033,-30.232887],[-67.949734,-30.23366],[-67.94901,-30.23526],[-67.947241,-30.237564],[-67.946598,-30.238452],[-67.945793,-30.239871],[-67.94504,-30.241353],[-67.944735,-30.242658],[-67.944299,-30.243593],[-67.943758,-30.244599],[-67.943178,-30.245442],[-67.942318,-30.24622],[-67.941496,-30.24633],[-67.940158,-30.24613],[-67.939421,-30.246079],[-67.938073,-30.245752],[-67.937132,-30.245375],[-67.936521,-30.245162],[-67.934932,-30.246115],[-67.933843,-30.246909],[-67.932967,-30.247181],[-67.932114,-30.247309],[-67.930136,-30.247708],[-67.928181,-30.2479],[-67.926248,-30.247956],[-67.925272,-30.247858],[-67.924243,-30.247894],[-67.922953,-30.248046],[-67.922028,-30.248111],[-67.921553,-30.247854],[-67.921442,-30.247759],[-67.920585,-30.247016],[-67.9198,-30.246622],[-67.918587,-30.246405],[-67.918225,-30.24637],[-67.917352,-30.246286],[-67.916377,-30.246161],[-67.915422,-30.246063],[-67.914528,-30.246146],[-67.913724,-30.246482],[-67.912821,-30.247376],[-67.911536,-30.248926],[-67.911218,-30.249537],[-67.910991,-30.250338],[-67.911013,-30.251122],[-67.911319,-30.251693],[-67.911583,-30.252228],[-67.910679,-30.253158],[-67.909424,-30.253878],[-67.908996,-30.254109],[-67.908909,-30.254151],[-67.908442,-30.254375],[-67.907848,-30.255516],[-67.907651,-30.256389],[-67.90703,-30.258062],[-67.906859,-30.259413],[-67.906898,-30.260622],[-67.9067,-30.261356],[-67.906627,-30.26163],[-67.90624,-30.262754],[-67.905398,-30.26465],[-67.904937,-30.265927],[-67.904395,-30.267095],[-67.903966,-30.268255],[-67.903904,-30.26913],[-67.903947,-30.269978],[-67.904229,-30.27081],[-67.903929,-30.271583],[-67.903581,-30.272086],[-67.903463,-30.273347],[-67.903765,-30.274198],[-67.904725,-30.275712],[-67.905095,-30.276085],[-67.905351,-30.276457],[-67.905272,-30.276961],[-67.905078,-30.277573],[-67.904596,-30.277984],[-67.904063,-30.278232],[-67.90346,-30.278227],[-67.902674,-30.277905],[-67.901598,-30.277481],[-67.900644,-30.277247],[-67.899671,-30.276915],[-67.8988,-30.276727],[-67.897562,-30.276879],[-67.896894,-30.277171],[-67.896523,-30.277808],[-67.896434,-30.27833],[-67.896215,-30.279276],[-67.895727,-30.28021],[-67.895059,-30.281422],[-67.894178,-30.282127],[-67.893195,-30.282642],[-67.892474,-30.28296],[-67.892126,-30.283417],[-67.891855,-30.284398],[-67.891472,-30.285216],[-67.891206,-30.285746],[-67.89065,-30.286219],[-67.890012,-30.28661],[-67.889082,-30.287008],[-67.888283,-30.286893],[-67.887052,-30.286396],[-67.88639,-30.286147],[-67.88603,-30.285819],[-67.885996,-30.285486],[-67.885983,-30.285359],[-67.886227,-30.284928],[-67.885483,-30.283789],[-67.885066,-30.284665],[-67.883943,-30.285576],[-67.882328,-30.285977],[-67.881218,-30.285778],[-67.880132,-30.286256],[-67.878939,-30.286976],[-67.878165,-30.287411],[-67.876445,-30.287857],[-67.874588,-30.288499],[-67.873584,-30.289023],[-67.872703,-30.289683],[-67.871665,-30.290521],[-67.871389,-30.291024],[-67.871092,-30.292438],[-67.870789,-30.293445],[-67.870356,-30.294064],[-67.869458,-30.294426],[-67.868241,-30.294461],[-67.867363,-30.294913],[-67.866931,-30.295414],[-67.866683,-30.296233],[-67.866358,-30.297331],[-67.866601,-30.298848],[-67.866857,-30.300086],[-67.867084,-30.301125],[-67.867549,-30.302275],[-67.867742,-30.30353],[-67.868015,-30.305138],[-67.868292,-30.306385],[-67.868036,-30.307799],[-67.867576,-30.308922],[-67.866447,-30.310401],[-67.865703,-30.310927],[-67.86446,-30.311466],[-67.863478,-30.311818],[-67.862966,-30.312093],[-67.862566,-30.31246],[-67.862385,-30.312864],[-67.86161,-30.313362],[-67.859729,-30.313283],[-67.858888,-30.313249],[-67.858183,-30.313044],[-67.857466,-30.313038],[-67.856776,-30.313347],[-67.855926,-30.314034],[-67.855442,-30.314535],[-67.855228,-30.315084],[-67.854875,-30.315928],[-67.854232,-30.316626],[-67.853405,-30.317151],[-67.852737,-30.317398],[-67.851631,-30.317758],[-67.851283,-30.31817],[-67.850606,-30.319165],[-67.850045,-30.319963],[-67.849933,-30.320675],[-67.850235,-30.321507],[-67.850758,-30.322152],[-67.851468,-30.322754],[-67.852544,-30.323196],[-67.853621,-30.323593],[-67.854512,-30.323881],[-67.855307,-30.324339],[-67.855705,-30.324823],[-67.855799,-30.324938],[-67.856001,-30.325445],[-67.855728,-30.326588],[-67.855386,-30.328308],[-67.855098,-30.328946],[-67.853998,-30.329631],[-67.852273,-30.330436],[-67.851528,-30.331007],[-67.850729,-30.331758],[-67.850192,-30.332321],[-67.849759,-30.332922],[-67.849521,-30.33365],[-67.849349,-30.334136],[-67.847662,-30.336159],[-67.846375,-30.337762],[-67.846088,-30.338265],[-67.845591,-30.338937],[-67.844772,-30.339624],[-67.844089,-30.340268],[-67.843487,-30.341074],[-67.842747,-30.342078],[-67.842195,-30.343047],[-67.841856,-30.343531],[-67.841488,-30.343898],[-67.841408,-30.344537],[-67.841277,-30.344996],[-67.840309,-30.346007],[-67.839617,-30.34647],[-67.839143,-30.346953],[-67.838881,-30.347978],[-67.83897,-30.350162],[-67.838926,-30.35128],[-67.838792,-30.352018],[-67.838458,-30.353026],[-67.837798,-30.35431],[-67.835958,-30.356837],[-67.834721,-30.358558],[-67.833563,-30.359747],[-67.83293,-30.36049],[-67.832407,-30.360765],[-67.831719,-30.360903],[-67.830243,-30.360818],[-67.829527,-30.360613],[-67.828413,-30.360774],[-67.827515,-30.361073],[-67.82649,-30.361533],[-67.825693,-30.362039],[-67.824382,-30.363011],[-67.823876,-30.363538],[-67.823378,-30.364337],[-67.822484,-30.365988],[-67.821989,-30.367346],[-67.821496,-30.369434],[-67.820969,-30.370899],[-67.821108,-30.372271],[-67.821505,-30.373051],[-67.821911,-30.373875],[-67.822039,-30.37449],[-67.822074,-30.374995],[-67.822021,-30.376005],[-67.821835,-30.376761],[-67.821393,-30.377199],[-67.820524,-30.377633],[-67.819751,-30.377887],[-67.81901,-30.378124],[-67.817874,-30.378312],[-67.816294,-30.378199],[-67.814965,-30.37797],[-67.813386,-30.377794],[-67.812378,-30.377685],[-67.811669,-30.377823],[-67.810818,-30.378537],[-67.810717,-30.379952],[-67.810598,-30.381214],[-67.810517,-30.382791],[-67.810205,-30.383645],[-67.810176,-30.384241],[-67.809868,-30.38477],[-67.809071,-30.385322],[-67.807416,-30.386263],[-67.806964,-30.38661],[-67.806751,-30.387023],[-67.807181,-30.387596],[-67.807896,-30.387819],[-67.808506,-30.388167],[-67.808792,-30.388575],[-67.809216,-30.389625],[-67.809329,-30.390682],[-67.809071,-30.391347],[-67.808512,-30.391991],[-67.807248,-30.392358],[-67.806347,-30.392846],[-67.805689,-30.393968],[-67.805145,-30.395045],[-67.804885,-30.395918],[-67.804302,-30.396787],[-67.804036,-30.39729],[-67.804017,-30.397939],[-67.804658,-30.399126],[-67.8051,-30.399563],[-67.80571,-30.399948],[-67.806111,-30.400312],[-67.806323,-30.400864],[-67.806457,-30.401822],[-67.806418,-30.404184],[-67.806102,-30.405309],[-67.80576,-30.406063],[-67.805181,-30.407483],[-67.805051,-30.408727],[-67.805239,-30.409522],[-67.805719,-30.410257],[-67.806247,-30.410533],[-67.806888,-30.410872],[-67.807345,-30.411787],[-67.80747,-30.412609],[-67.807344,-30.413573],[-67.806871,-30.414841],[-67.806802,-30.41539],[-67.806742,-30.41603],[-67.806745,-30.416625],[-67.806913,-30.417357],[-67.807151,-30.418343],[-67.807366,-30.419508],[-67.807501,-30.420312],[-67.807398,-30.421141],[-67.807245,-30.421753],[-67.80711,-30.422509],[-67.807041,-30.423934],[-67.807273,-30.424576],[-67.807838,-30.426015],[-67.808004,-30.426883],[-67.808004,-30.427785],[-67.807977,-30.428263],[-67.807822,-30.429019],[-67.807187,-30.429915],[-67.805947,-30.43086],[-67.804895,-30.431797],[-67.804211,-30.432377],[-67.803443,-30.433083],[-67.803347,-30.434137],[-67.803082,-30.435397],[-67.802981,-30.435928],[-67.802345,-30.436888],[-67.801131,-30.437445],[-67.800367,-30.43779],[-67.799573,-30.438874],[-67.79932,-30.440792],[-67.798767,-30.442627],[-67.798531,-30.443157],[-67.796949,-30.443188],[-67.79519,-30.44318],[-67.792983,-30.443169],[-67.792473,-30.443128],[-67.791973,-30.443223],[-67.791205,-30.443838],[-67.790525,-30.444941],[-67.790265,-30.445787],[-67.790052,-30.446182],[-67.789714,-30.446593],[-67.789021,-30.447056],[-67.788888,-30.447695],[-67.789162,-30.449114],[-67.790223,-30.450855],[-67.790837,-30.452593],[-67.790925,-30.453071],[-67.790846,-30.453513],[-67.790501,-30.454475],[-67.790503,-30.455133],[-67.79056,-30.455594],[-67.790594,-30.455943],[-67.790643,-30.456442],[-67.790482,-30.456856],[-67.790649,-30.45766],[-67.790622,-30.45903],[-67.790885,-30.459628],[-67.791795,-30.460999],[-67.792324,-30.462005],[-67.792591,-30.463171],[-67.792647,-30.464479],[-67.792784,-30.465256],[-67.793025,-30.465944],[-67.793449,-30.467048],[-67.793826,-30.467728],[-67.793799,-30.468169],[-67.793718,-30.468809],[-67.793224,-30.469219],[-67.79129,-30.470717],[-67.790397,-30.472143],[-67.789449,-30.473902],[-67.789298,-30.475145],[-67.790232,-30.477066],[-67.790369,-30.477779],[-67.790234,-30.478644],[-67.790109,-30.479446],[-67.789657,-30.480686],[-67.789055,-30.482133],[-67.788473,-30.482957],[-67.787475,-30.483651],[-67.786121,-30.48445],[-67.785441,-30.484751],[-67.784601,-30.486105],[-67.783752,-30.487369],[-67.782355,-30.489204],[-67.780963,-30.490535],[-67.779692,-30.491434],[-67.778951,-30.491572],[-67.778449,-30.491738],[-67.777336,-30.492423],[-67.7753,-30.493666],[-67.774615,-30.494309],[-67.773535,-30.495706],[-67.772909,-30.496647],[-67.772012,-30.49755],[-67.771162,-30.498074],[-67.770103,-30.498632],[-67.769479,-30.499411],[-67.769212,-30.499931],[-67.769109,-30.500643],[-67.769111,-30.50131],[-67.770008,-30.502085],[-67.770651,-30.502275],[-67.772311,-30.502766],[-67.773773,-30.503366],[-67.776024,-30.504045],[-67.778037,-30.504677],[-67.779844,-30.505939],[-67.781195,-30.507034],[-67.782103,-30.508612],[-67.782342,-30.51031],[-67.781604,-30.512648],[-67.780876,-30.514228],[-67.779848,-30.515608],[-67.77924,-30.515954],[-67.778476,-30.516253],[-67.777599,-30.516389],[-67.777176,-30.516899],[-67.777239,-30.519371],[-67.777184,-30.521229],[-67.776879,-30.523102],[-67.776611,-30.523722],[-67.776011,-30.524257],[-67.775102,-30.524411],[-67.773543,-30.524965],[-67.77262,-30.525479],[-67.771964,-30.526303],[-67.771229,-30.52754],[-67.770195,-30.529443],[-67.769323,-30.529976],[-67.768318,-30.53039],[-67.767054,-30.530622],[-67.766155,-30.530875],[-67.765045,-30.532136],[-67.764513,-30.532988],[-67.764329,-30.533536],[-67.764102,-30.535004],[-67.76408,-30.535942],[-67.763814,-30.537202],[-67.763764,-30.538645],[-67.763898,-30.539584],[-67.76401,-30.54064],[-67.764201,-30.54204],[-67.764361,-30.542565],[-67.764678,-30.543019],[-67.765235,-30.543457],[-67.765925,-30.544077],[-67.766435,-30.544938],[-67.766278,-30.545839],[-67.766407,-30.546336],[-67.766672,-30.546798],[-67.767918,-30.547983],[-67.768451,-30.548718],[-67.76986,-30.549354],[-67.77198,-30.549807],[-67.772646,-30.550751],[-67.773021,-30.551575],[-67.773361,-30.552715],[-67.773395,-30.553338],[-67.773218,-30.554941],[-67.772842,-30.555903],[-67.772057,-30.55696],[-67.770102,-30.558267],[-67.768457,-30.558937],[-67.766557,-30.56002],[-67.765818,-30.560824],[-67.765717,-30.561373],[-67.765771,-30.562059],[-67.766092,-30.563],[-67.766966,-30.564001],[-67.76826,-30.563842],[-67.770538,-30.563358],[-67.771416,-30.563195],[-67.772364,-30.563231],[-67.773026,-30.563643],[-67.77337,-30.564422],[-67.773745,-30.565292],[-67.774311,-30.565865],[-67.775077,-30.566278],[-67.775682,-30.567032],[-67.776458,-30.569204],[-67.776807,-30.571246],[-67.776711,-30.572255],[-67.775896,-30.574115],[-67.774833,-30.574871],[-67.773965,-30.575097],[-67.773173,-30.575126],[-67.772378,-30.575308],[-67.771633,-30.575698],[-67.770125,-30.576252],[-67.769648,-30.576879],[-67.769599,-30.577519],[-67.770923,-30.578316],[-67.771347,-30.578563],[-67.771673,-30.579134],[-67.771909,-30.580264],[-67.771594,-30.581316],[-67.771015,-30.581771],[-67.77023,-30.582025],[-67.769344,-30.581981],[-67.768397,-30.581872],[-67.767945,-30.582193],[-67.767813,-30.582742],[-67.766681,-30.583985],[-67.766894,-30.585313],[-67.767006,-30.586324],[-67.767008,-30.587857],[-67.766936,-30.589372],[-67.766593,-30.590171],[-67.765323,-30.59079],[-67.764605,-30.591523],[-67.764218,-30.592493],[-67.763475,-30.594299],[-67.7625,-30.595544],[-67.762341,-30.596615],[-67.762768,-30.597467],[-67.763857,-30.598749],[-67.765636,-30.600642],[-67.766575,-30.601463],[-67.767181,-30.602975],[-67.767235,-30.603706],[-67.766957,-30.605065],[-67.7665,-30.605683],[-67.76566,-30.606162],[-67.765239,-30.606483],[-67.764888,-30.607012],[-67.764809,-30.607516],[-67.76444,-30.608622],[-67.764153,-30.609052],[-67.762992,-30.610159],[-67.762567,-30.610778],[-67.762225,-30.611469],[-67.762202,-30.61247],[-67.762098,-30.613271],[-67.761862,-30.613783],[-67.76197,-30.614307],[-67.762108,-30.614904],[-67.76319,-30.615104],[-67.765121,-30.614969],[-67.76608,-30.61496],[-67.766644,-30.615759],[-67.76635,-30.61673],[-67.765718,-30.618059],[-67.764553,-30.619482],[-67.763655,-30.620393],[-67.762788,-30.621269],[-67.762309,-30.622049],[-67.761572,-30.623404],[-67.76152,-30.624206],[-67.760548,-30.625243],[-67.759432,-30.626865],[-67.758646,-30.627967],[-67.758252,-30.628612],[-67.757957,-30.629692],[-67.758574,-30.630374],[-67.759607,-30.631151],[-67.760855,-30.6322],[-67.761549,-30.634218],[-67.762112,-30.635107],[-67.762301,-30.635776],[-67.762222,-30.636235],[-67.761696,-30.636645],[-67.761292,-30.637264],[-67.76124,-30.638003],[-67.760373,-30.638914],[-67.75968,-30.639305],[-67.759345,-30.640248],[-67.759272,-30.641853],[-67.759273,-30.642584],[-67.758394,-30.642792],[-67.757786,-30.643075],[-67.756647,-30.644038],[-67.755519,-30.645759],[-67.754513,-30.646949],[-67.752812,-30.647825],[-67.752339,-30.648118],[-67.751921,-30.648971],[-67.751502,-30.651537],[-67.751011,-30.654816],[-67.751165,-30.655827],[-67.751145,-30.656603],[-67.750189,-30.657883],[-67.748611,-30.659744],[-67.746494,-30.661284],[-67.745005,-30.661865],[-67.743316,-30.663427],[-67.74228,-30.664409],[-67.741433,-30.664572],[-67.740831,-30.66517],[-67.740606,-30.665592],[-67.741172,-30.66622],[-67.741995,-30.666336],[-67.742557,-30.666396],[-67.743058,-30.666383],[-67.74357,-30.666351],[-67.744052,-30.666203],[-67.745016,-30.665896],[-67.745713,-30.66602],[-67.745937,-30.666482],[-67.745847,-30.668556],[-67.74579,-30.669755],[-67.745397,-30.671077],[-67.744223,-30.672292],[-67.743348,-30.67305],[-67.742558,-30.673557],[-67.741971,-30.673759],[-67.741175,-30.674012],[-67.740752,-30.67445],[-67.740377,-30.675249],[-67.740085,-30.676004],[-67.738687,-30.677587],[-67.737942,-30.678752],[-67.737671,-30.679489],[-67.737225,-30.68008],[-67.737013,-30.681133],[-67.736588,-30.682554],[-67.736502,-30.683518],[-67.736427,-30.684501],[-67.736553,-30.685187],[-67.736899,-30.685921],[-67.737112,-30.686338],[-67.737351,-30.687269],[-67.737271,-30.688603],[-67.736922,-30.689772],[-67.736902,-30.690485],[-67.73645,-30.69149],[-67.73618,-30.693003],[-67.73605,-30.69421],[-67.736385,-30.695684],[-67.73673,-30.697265],[-67.737444,-30.698544],[-67.738062,-30.699163],[-67.738721,-30.6999],[-67.73936,-30.700511],[-67.740097,-30.700815],[-67.740812,-30.701156],[-67.741269,-30.701386],[-67.741587,-30.701822],[-67.741444,-30.702326],[-67.740971,-30.702574],[-67.740227,-30.702873],[-67.73954,-30.702695],[-67.738641,-30.702831],[-67.738108,-30.702871],[-67.737419,-30.702855],[-67.736887,-30.702877],[-67.736302,-30.702871],[-67.735911,-30.703282],[-67.735195,-30.703762],[-67.734417,-30.704133],[-67.733808,-30.704452],[-67.733309,-30.705097],[-67.732458,-30.70553],[-67.731797,-30.705785],[-67.731189,-30.705942],[-67.73055,-30.706143],[-67.730179,-30.706563],[-67.729859,-30.707083],[-67.72912,-30.707752],[-67.728664,-30.708325],[-67.727892,-30.709057],[-67.727342,-30.709584],[-67.726972,-30.70995],[-67.726653,-30.710407],[-67.726488,-30.711027],[-67.726122,-30.711872],[-67.726042,-30.713224],[-67.726008,-30.714251],[-67.725722,-30.715331],[-67.725397,-30.716248],[-67.724838,-30.717442],[-67.724208,-30.718563],[-67.723244,-30.719618],[-67.722081,-30.720734],[-67.721628,-30.721036],[-67.721044,-30.720985],[-67.720458,-30.721078],[-67.719136,-30.721624],[-67.718423,-30.721789],[-67.71797,-30.722136],[-67.71813,-30.722661],[-67.717998,-30.723137],[-67.717514,-30.723457],[-67.716672,-30.723945],[-67.715822,-30.724334],[-67.712587,-30.727377],[-67.710567,-30.729341],[-67.710064,-30.730211],[-67.709848,-30.730741],[-67.70942,-30.732324],[-67.709371,-30.732874],[-67.709238,-30.73344],[-67.708654,-30.734201],[-67.707167,-30.735296],[-67.706239,-30.735963],[-67.705436,-30.736676],[-67.704082,-30.73798],[-67.702783,-30.739121],[-67.701298,-30.74008],[-67.700719,-30.740453],[-67.700214,-30.740701],[-67.699705,-30.741318],[-67.697822,-30.742345],[-67.697056,-30.742599],[-67.696446,-30.742963],[-67.696022,-30.7434],[-67.695595,-30.744136],[-67.695462,-30.744657],[-67.694639,-30.746083],[-67.69416,-30.746764],[-67.693574,-30.747588],[-67.692884,-30.748464],[-67.691022,-30.751025],[-67.690573,-30.751805],[-67.690148,-30.752333],[-67.689534,-30.752976],[-67.68871,-30.753635],[-67.688152,-30.753999],[-67.687442,-30.754759],[-67.686291,-30.755676],[-67.685394,-30.756379],[-67.68497,-30.756799],[-67.684681,-30.757319],[-67.684335,-30.758218],[-67.684751,-30.759133],[-67.685261,-30.759977],[-67.685234,-30.760436],[-67.684543,-30.761376],[-67.68401,-30.762128],[-67.683477,-30.762953],[-67.683469,-30.765036],[-67.683711,-30.765724],[-67.683943,-30.766303],[-67.683947,-30.766781],[-67.683764,-30.767194],[-67.683151,-30.76772],[-67.682623,-30.768157],[-67.681876,-30.768546],[-67.681343,-30.768586],[-67.680757,-30.768616],[-67.679966,-30.76841],[-67.67946,-30.768035],[-67.678805,-30.767829],[-67.678295,-30.767671],[-67.677393,-30.767968],[-67.677208,-30.768472],[-67.677524,-30.769088],[-67.676674,-30.770856],[-67.675928,-30.771949],[-67.67529,-30.772799],[-67.674546,-30.772981],[-67.673701,-30.772909],[-67.673143,-30.772479],[-67.672721,-30.771997],[-67.672402,-30.771651],[-67.671739,-30.771266],[-67.671124,-30.771151],[-67.670177,-30.771673],[-67.669033,-30.772861],[-67.668313,-30.773548],[-67.667992,-30.774122],[-67.667865,-30.774969],[-67.667782,-30.77568],[-67.667651,-30.776139],[-67.66696,-30.776989],[-67.666155,-30.77781],[-67.665447,-30.778407],[-67.664937,-30.779042],[-67.664596,-30.779499],[-67.664221,-30.780189],[-67.664083,-30.781081],[-67.664716,-30.782891],[-67.665225,-30.783897],[-67.66557,-30.784631],[-67.665402,-30.785432],[-67.66514,-30.786259],[-67.664396,-30.78718],[-67.663539,-30.787929],[-67.662802,-30.788345],[-67.662167,-30.788961],[-67.661549,-30.789857],[-67.660599,-30.790559],[-67.659903,-30.791021],[-67.659395,-30.791476],[-67.65767,-30.793081],[-67.656556,-30.793539],[-67.655572,-30.7937],[-67.65459,-30.793717],[-67.653451,-30.793714],[-67.65213,-30.794079],[-67.651253,-30.794034],[-67.650423,-30.794377],[-67.649468,-30.794656],[-67.648563,-30.795133],[-67.648087,-30.795543],[-67.64764,-30.796116],[-67.647872,-30.796758],[-67.646896,-30.797767],[-67.646097,-30.798129],[-67.645481,-30.798149],[-67.644949,-30.798063],[-67.643867,-30.797763],[-67.642908,-30.797599],[-67.64228,-30.797692],[-67.641879,-30.797967],[-67.641694,-30.798497],[-67.641582,-30.799019],[-67.641237,-30.800486],[-67.641282,-30.801036],[-67.641104,-30.801792],[-67.640732,-30.802275],[-67.640173,-30.802657],[-67.639052,-30.802862],[-67.638047,-30.80296],[-67.637542,-30.803252],[-67.636856,-30.803714],[-67.636324,-30.80442],[-67.635199,-30.805608],[-67.634301,-30.806365],[-67.633636,-30.8068],[-67.632787,-30.807738],[-67.632413,-30.808356],[-67.631904,-30.809596],[-67.631529,-30.810232],[-67.631241,-30.810644],[-67.63073,-30.811333],[-67.630891,-30.81248],[-67.631717,-30.81321],[-67.632244,-30.813622],[-67.632721,-30.813897],[-67.633225,-30.814426],[-67.633385,-30.81495],[-67.633145,-30.81566],[-67.632632,-30.816467],[-67.631679,-30.817358],[-67.630671,-30.817681],[-67.629894,-30.817953],[-67.628411,-30.818641],[-67.627503,-30.81928],[-67.626599,-30.82038],[-67.626204,-30.821016],[-67.62612,-30.821746],[-67.625428,-30.822622],[-67.624899,-30.823077],[-67.62365,-30.82346],[-67.623122,-30.823851],[-67.622717,-30.824451],[-67.621919,-30.82539],[-67.621232,-30.82596],[-67.619744,-30.826945],[-67.618019,-30.827738],[-67.61719,-30.827991],[-67.61605,-30.828078],[-67.614718,-30.828397],[-67.6131,-30.828993],[-67.611429,-30.829634],[-67.610103,-30.830251],[-67.608024,-30.830977],[-67.607098,-30.831418],[-67.606139,-30.83194],[-67.605478,-30.832807],[-67.605294,-30.833247],[-67.60462,-30.834322],[-67.603855,-30.835189],[-67.603186,-30.835948],[-67.601728,-30.837754],[-67.600925,-30.83908],[-67.599753,-30.84061],[-67.599062,-30.841414],[-67.598877,-30.841899],[-67.598554,-30.842563],[-67.597972,-30.843017],[-67.597521,-30.843904],[-67.597755,-30.845034],[-67.597861,-30.845631],[-67.598146,-30.846175],[-67.59823,-30.846843],[-67.597638,-30.847342],[-67.596659,-30.8478],[-67.594741,-30.84888],[-67.594022,-30.849449],[-67.593491,-30.85002],[-67.593012,-30.850565],[-67.592532,-30.851228],[-67.592164,-30.852125],[-67.591843,-30.853339],[-67.591812,-30.854051],[-67.59184,-30.855008],[-67.591727,-30.855557],[-67.591459,-30.855996],[-67.590902,-30.856224],[-67.590347,-30.85629],[-67.589704,-30.856653],[-67.588643,-30.856975],[-67.587978,-30.857437],[-67.587448,-30.857936],[-67.586997,-30.858779],[-67.586331,-30.859286],[-67.585772,-30.859586],[-67.584921,-30.859856],[-67.584279,-30.860174],[-67.583752,-30.860475],[-67.583063,-30.86109],[-67.582523,-30.861589],[-67.582098,-30.862071],[-67.581912,-30.862574],[-67.581435,-30.863083],[-67.581013,-30.863331],[-67.57944,-30.863647],[-67.578484,-30.863925],[-67.577555,-30.864583],[-67.576812,-30.865296],[-67.576439,-30.865797],[-67.575661,-30.866095],[-67.574969,-30.866944],[-67.575106,-30.867541],[-67.574837,-30.868088],[-67.574327,-30.868614],[-67.573934,-30.869043],[-67.572816,-30.871105],[-67.572337,-30.871704],[-67.572039,-30.87207],[-67.571768,-30.872708],[-67.571793,-30.873835],[-67.572081,-30.874839],[-67.572217,-30.875571],[-67.572131,-30.876445],[-67.572075,-30.877383],[-67.572074,-30.878185],[-67.571971,-30.878779],[-67.571697,-30.879579],[-67.571092,-30.88024],[-67.570397,-30.88052],[-67.56963,-30.880792],[-67.568506,-30.881131],[-67.568032,-30.88136],[-67.567524,-30.881796],[-67.56654,-30.882552],[-67.565935,-30.883168],[-67.565455,-30.883767],[-67.565052,-30.884177],[-67.564278,-30.884908],[-67.563294,-30.885663],[-67.562787,-30.885983],[-67.562313,-30.88623],[-67.561858,-30.886622],[-67.561219,-30.887399],[-67.55919,-30.890876],[-67.558364,-30.892246],[-67.557377,-30.893922],[-67.556552,-30.895247],[-67.556071,-30.895954],[-67.555905,-30.896575],[-67.555294,-30.897515],[-67.554633,-30.898382],[-67.553863,-30.899546],[-67.552945,-30.90078],[-67.552204,-30.901376],[-67.550789,-30.902271],[-67.549913,-30.902793],[-67.54888,-30.904008],[-67.548286,-30.905237],[-67.548042,-30.906154],[-67.547538,-30.907005],[-67.54674,-30.907871],[-67.545753,-30.908807],[-67.544924,-30.909727],[-67.544612,-30.910273],[-67.54378,-30.912059],[-67.543238,-30.914],[-67.542837,-30.915583],[-67.542151,-30.916685],[-67.54159,-30.917093],[-67.541308,-30.917322],[-67.540605,-30.917894],[-67.539859,-30.918832],[-67.538818,-30.919858],[-67.537808,-30.920955],[-67.537136,-30.921823],[-67.536312,-30.922995],[-67.535806,-30.923241],[-67.53474,-30.923906],[-67.534176,-30.924549],[-67.533508,-30.925786],[-67.533333,-30.926396],[-67.533188,-30.9269],[-67.533054,-30.9271],[-67.532599,-30.927777],[-67.531349,-30.928782],[-67.530833,-30.92924],[-67.530787,-30.929281],[-67.530653,-30.929444],[-67.530597,-30.929513],[-67.530569,-30.929547],[-67.533226,-30.929553],[-67.537734,-30.929568],[-67.875254,-30.930697],[-68.005762,-30.930478],[-68.299996,-30.929986],[-68.33431,-30.929928],[-68.425732,-30.92949],[-68.426459,-30.93077],[-68.427678,-30.932917],[-68.427956,-30.933721],[-68.427942,-30.934199],[-68.425137,-30.94491],[-68.425008,-30.945442],[-68.424753,-30.946063],[-68.42437,-30.947099],[-68.423723,-30.94862],[-68.423656,-30.949305],[-68.424429,-30.951293],[-68.425037,-30.95282],[-68.425526,-30.953363],[-68.427426,-30.954174],[-68.428522,-30.954567],[-68.429482,-30.955113],[-68.430744,-30.955786],[-68.432193,-30.956847],[-68.434318,-30.958453],[-68.434995,-30.959033],[-68.435506,-30.959351],[-68.442484,-30.961672],[-68.443257,-30.961928],[-68.443789,-30.962174],[-68.444541,-30.962484],[-68.445105,-30.96273],[-68.445585,-30.963021],[-68.446096,-30.963311],[-68.446961,-30.963901],[-68.447628,-30.964355],[-68.448223,-30.964619],[-68.448913,-30.964821],[-68.448921,-30.964823],[-68.449686,-30.965013],[-68.451851,-30.965338],[-68.452489,-30.965494],[-68.453157,-30.965831],[-68.45394,-30.966204],[-68.455013,-30.966948],[-68.45617,-30.9679],[-68.458897,-30.970554],[-68.459678,-30.971252],[-68.459855,-30.971381],[-68.460273,-30.971687],[-68.460887,-30.972177],[-68.461752,-30.972884],[-68.462524,-30.973419],[-68.46341,-30.974009],[-68.464275,-30.974662],[-68.465245,-30.975433],[-68.466537,-30.976476],[-68.46761,-30.977355],[-68.468122,-30.977646],[-68.468685,-30.978009],[-68.469467,-30.978454],[-68.47094,-30.9791],[-68.471985,-30.979483],[-68.473077,-30.979644],[-68.47369,-30.979734],[-68.475018,-30.979884],[-68.476117,-30.979942],[-68.477183,-30.980244],[-68.479168,-30.9811],[-68.482526,-30.981447],[-68.483299,-30.981802],[-68.485846,-30.985005],[-68.486524,-30.985639],[-68.486983,-30.985939],[-68.488005,-30.986655],[-68.489516,-30.987969],[-68.490756,-30.989029],[-68.491891,-30.990116],[-68.492672,-30.990931],[-68.493265,-30.991772],[-68.493618,-30.992296],[-68.493666,-30.992524],[-68.493791,-30.993118],[-68.493778,-30.99365],[-68.493493,-30.994199],[-68.492298,-30.996323],[-68.492149,-30.996764],[-68.491749,-30.997295],[-68.491118,-30.997671],[-68.49078,-30.998337],[-68.491141,-30.999295],[-68.491621,-31.000495],[-68.492134,-31.001057],[-68.492872,-31.001486],[-68.493727,-31.001343],[-68.494221,-31.000903],[-68.494694,-31.000626],[-68.495229,-31.000384],[-68.495785,-31.000242],[-68.49635,-31.000307],[-68.496861,-31.000715],[-68.499425,-31.003025],[-68.500057,-31.004354],[-68.502716,-31.004351],[-68.635762,-31.004223],[-68.755762,-31.004107],[-68.755889,-31.003323],[-68.75586,-31.002538],[-68.755956,-31.001735],[-68.756146,-31.001204],[-68.756325,-31.000699],[-68.756431,-31.000257],[-68.756485,-30.999797],[-68.756373,-30.998327],[-68.756553,-30.99775],[-68.756775,-30.996767],[-68.757134,-30.995541],[-68.757366,-30.994694],[-68.75784,-30.99373],[-68.757915,-30.993107],[-68.75777,-30.992331],[-68.757877,-30.991574],[-68.75813,-30.990925],[-68.758814,-30.989591],[-68.759203,-30.988645],[-68.759375,-30.987247],[-68.759376,-30.986607],[-68.759778,-30.985065],[-68.760297,-30.982748],[-68.760783,-30.980747],[-68.76109,-30.979259],[-68.761607,-30.977781],[-68.762355,-30.975969],[-68.762977,-30.974076],[-68.763631,-30.972147],[-68.76359,-30.971534],[-68.763435,-30.971002],[-68.763111,-30.970523],[-68.762841,-30.970044],[-68.762245,-30.969475],[-68.76165,-30.968933],[-68.760733,-30.967308],[-68.760076,-30.966143],[-68.759785,-30.965502],[-68.759316,-30.964527],[-68.759422,-30.964067],[-68.759594,-30.9622],[-68.759891,-30.960577],[-68.760229,-30.959676],[-68.760492,-30.959081],[-68.760483,-30.958251],[-68.760191,-30.9578],[-68.760068,-30.956762],[-68.760174,-30.956239],[-68.760879,-30.954789],[-68.761637,-30.953202],[-68.761597,-30.952463],[-68.761463,-30.951687],[-68.761183,-30.950379],[-68.760716,-30.948844],[-68.760292,-30.946769],[-68.759608,-30.944251],[-68.7596,-30.943304],[-68.75956,-30.942456],[-68.759666,-30.941951],[-68.75992,-30.940987],[-68.760708,-30.939536],[-68.761067,-30.938066],[-68.761532,-30.936525],[-68.761493,-30.935289],[-68.761275,-30.934576],[-68.761153,-30.93325],[-68.761375,-30.931988],[-68.761661,-30.930861],[-68.762282,-30.929229],[-68.763618,-30.9264],[-68.764029,-30.925156],[-68.764283,-30.924056],[-68.764389,-30.923316],[-68.764455,-30.922288],[-68.764739,-30.921549],[-68.765212,-30.920585],[-68.765632,-30.919891],[-68.766209,-30.919333],[-68.767027,-30.918478],[-68.767447,-30.917766],[-68.767574,-30.917216],[-68.767356,-30.916602],[-68.768436,-30.91544],[-68.769065,-30.915045],[-68.769359,-30.91463],[-68.76959,-30.91399],[-68.769696,-30.913395],[-68.769793,-30.912475],[-68.769867,-30.911898],[-68.770204,-30.911069],[-68.77054,-30.910447],[-68.771516,-30.909475],[-68.771538,-30.908997],[-68.771613,-30.908266],[-68.771823,-30.907662],[-68.772235,-30.90622],[-68.772614,-30.904976],[-68.772313,-30.904128],[-68.77175,-30.903243],[-68.771292,-30.902511],[-68.770907,-30.901455],[-68.770877,-30.900977],[-68.771005,-30.899922],[-68.770671,-30.899462],[-68.770191,-30.898965],[-68.769732,-30.898486],[-68.769305,-30.897962],[-68.769087,-30.897186],[-68.768754,-30.89622],[-68.768662,-30.895327],[-68.768581,-30.894461],[-68.768551,-30.893929],[-68.76873,-30.893262],[-68.768795,-30.892441],[-68.768819,-30.891268],[-68.768613,-30.889987],[-68.768469,-30.888959],[-68.768229,-30.888471],[-68.767979,-30.887948],[-68.767845,-30.887352],[-68.76768,-30.886396],[-68.767369,-30.885367],[-68.766942,-30.884536],[-68.766473,-30.883606],[-68.766067,-30.88292],[-68.765536,-30.882171],[-68.765046,-30.881412],[-68.765016,-30.880817],[-68.764925,-30.879743],[-68.765209,-30.879094],[-68.765472,-30.878157],[-68.766137,-30.875741],[-68.766392,-30.874199],[-68.766749,-30.873424],[-68.767117,-30.872775],[-68.767318,-30.87172],[-68.767499,-30.870367],[-68.767376,-30.869402],[-68.767368,-30.868256],[-68.767705,-30.86722],[-68.767937,-30.866688],[-68.768117,-30.865633],[-68.768183,-30.8641],[-68.767947,-30.862467],[-68.767668,-30.861077],[-68.767682,-30.859562],[-68.767832,-30.858002],[-68.768034,-30.856802],[-68.768654,-30.855243],[-68.769432,-30.853558],[-68.770482,-30.85144],[-68.771239,-30.849926],[-68.771596,-30.849205],[-68.77167,-30.848592],[-68.772218,-30.847005],[-68.772838,-30.845554],[-68.773678,-30.844013],[-68.774443,-30.843248],[-68.775261,-30.842212],[-68.775942,-30.841564],[-68.776549,-30.841303],[-68.777365,-30.840628],[-68.77879,-30.839197],[-68.779503,-30.838485],[-68.780162,-30.83836],[-68.782264,-30.837931],[-68.784919,-30.83771],[-68.788505,-30.837355],[-68.793023,-30.836514],[-68.79501,-30.835931],[-68.796495,-30.835546],[-68.797239,-30.835042],[-68.797815,-30.834366],[-68.798413,-30.833257],[-68.799431,-30.831491],[-68.800366,-30.829256],[-68.800965,-30.827299],[-68.801493,-30.82482],[-68.80159,-30.823557],[-68.801529,-30.822637],[-68.801113,-30.821635],[-68.800895,-30.820859],[-68.800573,-30.819939],[-68.800512,-30.819118],[-68.800358,-30.817882],[-68.800005,-30.816618],[-68.799267,-30.814452],[-68.798665,-30.812873],[-68.797895,-30.810951],[-68.797303,-30.809236],[-68.797347,-30.808433],[-68.797421,-30.808],[-68.797224,-30.807242],[-68.796996,-30.806097],[-68.796884,-30.804879],[-68.796552,-30.803967],[-68.796574,-30.803191],[-68.796753,-30.802542],[-68.797089,-30.80165],[-68.797561,-30.800884],[-68.798169,-30.800217],[-68.798745,-30.799479],[-68.799321,-30.798668],[-68.799793,-30.797974],[-68.800045,-30.797126],[-68.800099,-30.796396],[-68.800163,-30.795593],[-68.800238,-30.794881],[-68.800501,-30.794024],[-68.800889,-30.793357],[-68.801225,-30.792672],[-68.802146,-30.791582],[-68.803351,-30.79006],[-68.804304,-30.789024],[-68.805299,-30.787979],[-68.806387,-30.787079],[-68.807246,-30.785971],[-68.807874,-30.78525],[-68.808534,-30.784403],[-68.808368,-30.783943],[-68.808024,-30.78351],[-68.807534,-30.783031],[-68.806918,-30.782624],[-68.806931,-30.781361],[-68.807006,-30.780531],[-68.807395,-30.779386],[-68.80794,-30.778278],[-68.808695,-30.776737],[-68.809618,-30.775259],[-68.810267,-30.774412],[-68.81124,-30.773394],[-68.811931,-30.772764],[-68.812581,-30.771502],[-68.812519,-30.771014],[-68.812353,-30.770428],[-68.812157,-30.769508],[-68.812179,-30.76903],[-68.812545,-30.768453],[-68.813226,-30.767344],[-68.813886,-30.766651],[-68.814515,-30.765614],[-68.815299,-30.764966],[-68.816365,-30.764859],[-68.817399,-30.764924],[-68.818194,-30.764276],[-68.819031,-30.763194],[-68.819848,-30.761924],[-68.820132,-30.761212],[-68.820311,-30.7604],[-68.820406,-30.759552],[-68.819812,-30.759218],[-68.819123,-30.759082],[-68.818559,-30.758837],[-68.818163,-30.758404],[-68.817997,-30.757925],[-68.817935,-30.757438],[-68.818061,-30.756888],[-68.818533,-30.756176],[-68.819318,-30.755095],[-68.819999,-30.753851],[-68.820681,-30.75249],[-68.821383,-30.751111],[-68.821897,-30.749632],[-68.822129,-30.748623],[-68.822194,-30.747549],[-68.822499,-30.745935],[-68.822721,-30.744745],[-68.822996,-30.742815],[-68.823196,-30.741778],[-68.823345,-30.740335],[-68.82365,-30.739433],[-68.82409,-30.738379],[-68.824436,-30.737739],[-68.824823,-30.737225],[-68.825169,-30.73672],[-68.825399,-30.73617],[-68.825704,-30.735106],[-68.82625,-30.733457],[-68.826053,-30.732446],[-68.829405,-30.690995],[-68.819019,-30.675051],[-68.817871,-30.674923],[-68.817047,-30.674426],[-68.815411,-30.673206],[-68.813502,-30.673221],[-68.810998,-30.672875],[-68.809162,-30.672611],[-68.807462,-30.672049],[-68.806545,-30.671146],[-68.805984,-30.670297],[-68.805412,-30.669132],[-68.805059,-30.668311],[-68.804915,-30.667346],[-68.804196,-30.666614],[-68.804375,-30.665947],[-68.804533,-30.665343],[-68.804691,-30.664405],[-68.804724,-30.663575],[-68.80458,-30.662357],[-68.804259,-30.661184],[-68.803865,-30.660101],[-68.803325,-30.658774],[-68.802766,-30.656726],[-68.802342,-30.654885],[-68.802011,-30.653279],[-68.801723,-30.651493],[-68.801478,-30.648958],[-68.801367,-30.646775],[-68.801466,-30.644457],[-68.801491,-30.642436],[-68.801934,-30.640227],[-68.802542,-30.638523],[-68.802807,-30.636548],[-68.802832,-30.634338],[-68.802804,-30.632633],[-68.802131,-30.630521],[-68.801363,-30.628482],[-68.80122,-30.627147],[-68.801327,-30.625884],[-68.80132,-30.623972],[-68.800573,-30.622094],[-68.799377,-30.620577],[-68.798128,-30.619033],[-68.796848,-30.617822],[-68.795307,-30.616692],[-68.792507,-30.614261],[-68.791258,-30.612906],[-68.790134,-30.611651],[-68.78848,-30.609745],[-68.786752,-30.608506],[-68.785607,-30.607332],[-68.784702,-30.606365],[-68.784245,-30.605607],[-68.783903,-30.604487],[-68.783738,-30.60382],[-68.783823,-30.603333],[-68.783522,-30.602457],[-68.783025,-30.600986],[-68.782349,-30.59993],[-68.781798,-30.599288],[-68.781729,-30.597627],[-68.899009,-30.564921],[-68.902094,-30.563626],[-68.905504,-30.562467],[-68.911349,-30.561852],[-68.913399,-30.560826],[-68.916168,-30.557853],[-68.917501,-30.554572],[-68.918936,-30.552521],[-68.92396,-30.550471],[-68.928779,-30.550368],[-68.933393,-30.548933],[-68.936264,-30.545344],[-68.939132,-30.543606],[-68.942427,-30.542824],[-68.944324,-30.541962],[-68.945215,-30.540659],[-68.945963,-30.538894],[-69.013595,-30.53894],[-69.013655,-30.53894],[-69.028522,-30.52402],[-69.057072,-30.495365],[-69.062253,-30.468311],[-69.060675,-30.426268],[-69.063017,-30.393892],[-69.052429,-30.362966],[-69.049558,-30.343555],[-69.065772,-30.327951],[-69.06624,-30.3275],[-69.03916,-30.294901],[-69.042958,-30.281162],[-69.041962,-30.255087],[-69.041729,-30.248967],[-69.043049,-30.240445],[-69.048383,-30.206021],[-69.049724,-30.197366],[-69.065432,-30.112546],[-69.071504,-30.072382],[-69.066616,-30.051735],[-69.045366,-30.012687],[-69.038577,-30.00021],[-69.032729,-29.991236],[-69.030406,-29.98604],[-69.029866,-29.984434],[-69.029762,-29.982531],[-69.02999,-29.981273],[-69.030031,-29.981043],[-69.030683,-29.977506],[-69.031541,-29.972833],[-69.032162,-29.968701],[-69.032834,-29.965769],[-69.034056,-29.963938],[-69.035091,-29.961033],[-69.036375,-29.95755],[-69.037752,-29.955809],[-69.038943,-29.954139],[-69.039739,-29.952191],[-69.040008,-29.951018],[-69.039904,-29.94962],[-69.037714,-29.938263],[-69.036884,-29.934889],[-69.036085,-29.930478],[-69.035048,-29.927312],[-69.034566,-29.926234],[-69.033898,-29.924741],[-69.032302,-29.921981],[-69.024045,-29.908325],[-69.021031,-29.903779],[-69.019415,-29.900351],[-69.018586,-29.897573],[-69.01756,-29.892503],[-69.017694,-29.890094],[-69.016338,-29.888119],[-69.014391,-29.881461],[-69.015011,-29.879125],[-69.017599,-29.876932],[-69.020973,-29.8751],[-69.023996,-29.875163],[-69.025165,-29.873467],[-69.027669,-29.871184],[-69.026975,-29.868198],[-69.024448,-29.861929],[-69.023347,-29.847423],[-69.026026,-29.842163],[-69.029946,-29.836226],[-69.029935,-29.831869],[-69.027884,-29.825212],[-69.020164,-29.816679],[-69.020123,-29.814839],[-69.020495,-29.812665],[-69.024226,-29.801135],[-69.02497,-29.797427],[-69.025093,-29.793936],[-69.023582,-29.790544],[-69.022175,-29.788352],[-69.021886,-29.787531],[-69.022485,-29.783336],[-69.026828,-29.783518],[-69.029548,-29.783633],[-69.032054,-29.761755],[-69.023998,-29.754847],[-69.022932,-29.752023],[-69.021184,-29.747774],[-69.019964,-29.744076],[-69.01951,-29.742616],[-69.018791,-29.740306],[-69.018743,-29.740152],[-69.018546,-29.738456],[-69.018592,-29.737305],[-69.01869,-29.734784],[-69.01899,-29.732511],[-69.019961,-29.731392],[-69.021439,-29.72984],[-69.022286,-29.728604],[-69.022565,-29.726168],[-69.022998,-29.723416],[-69.022998,-29.72163],[-69.022481,-29.719267],[-69.021653,-29.717517],[-69.019431,-29.714648],[-69.018107,-29.711888],[-69.016319,-29.705735],[-69.015471,-29.702289],[-69.014768,-29.699123],[-69.015025,-29.695659],[-69.016523,-29.693647],[-69.019892,-29.693132],[-69.022702,-29.693529],[-69.023807,-29.690939],[-69.025036,-29.687619],[-69.025965,-29.685003],[-69.02676,-29.682459],[-69.027431,-29.680194],[-69.027461,-29.677488],[-69.026397,-29.675422],[-69.024536,-29.673095],[-69.022211,-29.67047],[-69.019969,-29.668152],[-69.018812,-29.667114],[-69.017851,-29.666321],[-69.017738,-29.665779],[-69.016797,-29.663966],[-69.014741,-29.660926],[-69.014142,-29.659907],[-69.014194,-29.658734],[-69.015144,-29.657525],[-69.017065,-29.655342],[-69.019078,-29.652608],[-69.02047,-29.642522],[-69.021017,-29.638868],[-69.020676,-29.636877],[-69.020577,-29.636299],[-69.020082,-29.639657],[-69.019783,-29.641692],[-69.0181,-29.646545],[-69.015965,-29.650039],[-69.012988,-29.652045],[-69.010077,-29.652692],[-69.009324,-29.652654],[-69.007488,-29.652562],[-69.005547,-29.652174],[-69.001665,-29.651786],[-68.998753,-29.651139],[-68.995,-29.64978],[-68.990024,-29.649227],[-68.989176,-29.649133],[-68.979942,-29.649805],[-68.977508,-29.649652],[-68.976135,-29.649567],[-68.970782,-29.650637],[-68.967688,-29.652065],[-68.963405,-29.653017],[-68.961903,-29.654018],[-68.961264,-29.654444],[-68.961162,-29.654505],[-68.958884,-29.655872],[-68.958237,-29.656627],[-68.957457,-29.657538],[-68.957137,-29.657425],[-68.955434,-29.656824],[-68.954006,-29.655872],[-68.953768,-29.65492],[-68.953556,-29.654581],[-68.953174,-29.653969],[-68.952698,-29.65266],[-68.951984,-29.651827],[-68.9508,-29.651235],[-68.950794,-29.651232],[-68.950318,-29.650994],[-68.948296,-29.650518],[-68.94663,-29.650875],[-68.944369,-29.651113],[-68.942228,-29.65147],[-68.940681,-29.651589],[-68.939423,-29.651589],[-68.939409,-29.651589],[-68.938302,-29.651589],[-68.93735,-29.650875],[-68.937276,-29.650653],[-68.936874,-29.649448],[-68.935922,-29.647663],[-68.935328,-29.647068],[-68.934733,-29.645403],[-68.934138,-29.644451],[-68.934138,-29.642785],[-68.934138,-29.641001],[-68.934138,-29.640287],[-68.934138,-29.638621],[-68.933781,-29.637669],[-68.933662,-29.636836],[-68.934019,-29.635647],[-68.934971,-29.634933],[-68.93509,-29.633386],[-68.934445,-29.632092],[-68.933997,-29.630644],[-68.9341,-29.629886],[-68.935016,-29.62773],[-68.934721,-29.626128],[-68.934479,-29.624921],[-68.935766,-29.623918],[-68.935683,-29.622814],[-68.935307,-29.622198],[-68.934859,-29.621474],[-68.93479,-29.620129],[-68.934445,-29.619922],[-68.933831,-29.619784],[-68.932535,-29.62033],[-68.931799,-29.620803],[-68.931308,-29.620543],[-68.930718,-29.620631],[-68.930104,-29.620879],[-68.929342,-29.620612],[-68.928543,-29.620565],[-68.927205,-29.620819],[-68.925841,-29.621159],[-68.925663,-29.621118],[-68.924837,-29.620926],[-68.922751,-29.620812],[-68.921418,-29.620845],[-68.918076,-29.622203],[-68.91531,-29.621972],[-68.915268,-29.621969],[-68.915221,-29.621965],[-68.912366,-29.62137],[-68.910224,-29.620418],[-68.907845,-29.619823],[-68.906536,-29.618634],[-68.904514,-29.617325],[-68.903205,-29.615302],[-68.90198,-29.61451],[-68.901182,-29.613994],[-68.899874,-29.613399],[-68.898446,-29.611733],[-68.897018,-29.609473],[-68.894877,-29.608164],[-68.892854,-29.607212],[-68.89214,-29.606192],[-68.889761,-29.604833],[-68.889523,-29.603048],[-68.889523,-29.60162],[-68.889047,-29.599479],[-68.888452,-29.597813],[-68.887619,-29.596624],[-68.886937,-29.595649],[-68.885478,-29.593352],[-68.885404,-29.593301],[-68.884353,-29.592581],[-68.884007,-29.593066],[-68.885282,-29.595341],[-68.885351,-29.596444],[-68.885248,-29.597582],[-68.885121,-29.598408],[-68.885835,-29.599955],[-68.887594,-29.6012],[-68.888144,-29.603271],[-68.888247,-29.605649],[-68.888282,-29.606925],[-68.887759,-29.608255],[-68.888095,-29.608759],[-68.888095,-29.609473],[-68.888095,-29.610543],[-68.888095,-29.612804],[-68.887262,-29.615659],[-68.887262,-29.619347],[-68.887262,-29.620371]]]]}},{"type":"Feature","id":"70070","properties":{"id":70070,"in1":"70070","departamento":"POCITO","nombre":"Pocito","fna":"Departamento Pocito","cabecera":"Villa Aberastain","provincia":"SAN JUAN","fuente":"Instituto Geográfico Nacional (IGN)"},"geometry":{"type":"MultiPolygon","coordinates":[[[[-68.601521,-31.570886],[-68.59057,-31.574256],[-68.583109,-31.576562],[-68.576666,-31.578493],[-68.564086,-31.582274],[-68.556998,-31.584404],[-68.550918,-31.586205],[-68.54163,-31.589037],[-68.532787,-31.591734],[-68.527664,-31.593296],[-68.522441,-31.594843],[-68.520595,-31.595379],[-68.518981,-31.595848],[-68.518499,-31.595945],[-68.517765,-31.596092],[-68.517621,-31.596121],[-68.517368,-31.596131],[-68.516219,-31.596179],[-68.516227,-31.596244],[-68.517047,-31.60288],[-68.517506,-31.606345],[-68.517657,-31.60714],[-68.517988,-31.607991],[-68.518416,-31.608988],[-68.519232,-31.610316],[-68.520298,-31.612049],[-68.52087,-31.612981],[-68.524779,-31.619946],[-68.524918,-31.620065],[-68.527388,-31.623444],[-68.529116,-31.625807],[-68.532025,-31.629647],[-68.532224,-31.62991],[-68.528527,-31.631032],[-68.526082,-31.631898],[-68.526062,-31.631863],[-68.524814,-31.629638],[-68.524775,-31.629655],[-68.519497,-31.6319],[-68.516045,-31.633368],[-68.512099,-31.635097],[-68.508235,-31.636754],[-68.505028,-31.638129],[-68.508863,-31.643322],[-68.509068,-31.643601],[-68.509374,-31.643988],[-68.509539,-31.644197],[-68.509861,-31.644832],[-68.511392,-31.648206],[-68.515386,-31.657736],[-68.520132,-31.668789],[-68.520319,-31.67041],[-68.520333,-31.67052],[-68.520401,-31.671079],[-68.520483,-31.671811],[-68.520424,-31.672343],[-68.520419,-31.672386],[-68.520256,-31.673211],[-68.520006,-31.674182],[-68.511634,-31.70696],[-68.510519,-31.711331],[-68.499963,-31.752695],[-68.491183,-31.786858],[-68.490941,-31.789477],[-68.49089,-31.790024],[-68.490812,-31.790088],[-68.486007,-31.794007],[-68.482759,-31.796691],[-68.481677,-31.797564],[-68.479713,-31.799225],[-68.476589,-31.801699],[-68.469818,-31.806999],[-68.468176,-31.808192],[-68.466871,-31.809046],[-68.459656,-31.813924],[-68.455282,-31.816901],[-68.454126,-31.817666],[-68.453576,-31.818823],[-68.453617,-31.819227],[-68.453529,-31.81952],[-68.45305,-31.820462],[-68.443412,-31.839395],[-68.443348,-31.839521],[-68.443244,-31.839713],[-68.435823,-31.853475],[-68.433144,-31.862494],[-68.431959,-31.866468],[-68.430851,-31.870184],[-68.430708,-31.870596],[-68.430684,-31.870869],[-68.430918,-31.871588],[-68.431183,-31.872506],[-68.431721,-31.874367],[-68.432341,-31.87647],[-68.432546,-31.877091],[-68.432575,-31.877193],[-68.432589,-31.877358],[-68.432587,-31.877663],[-68.432684,-31.879994],[-68.432766,-31.885701],[-68.432831,-31.886504],[-68.433229,-31.887994],[-68.433589,-31.887581],[-68.443113,-31.876624],[-68.443168,-31.875435],[-68.445812,-31.875324],[-68.515423,-31.873471],[-68.520155,-31.873342],[-68.539025,-31.872825],[-68.541327,-31.872762],[-68.541482,-31.872758],[-68.685919,-31.906469],[-68.686435,-31.906589],[-68.688909,-31.907167],[-68.68841,-31.905798],[-68.683334,-31.891881],[-68.682533,-31.888344],[-68.678082,-31.876365],[-68.672393,-31.863949],[-68.671905,-31.862885],[-68.671052,-31.858454],[-68.670836,-31.857336],[-68.670687,-31.855479],[-68.670644,-31.854946],[-68.670636,-31.854843],[-68.670422,-31.85205],[-68.670328,-31.848803],[-68.670811,-31.846496],[-68.671602,-31.844072],[-68.671618,-31.84253],[-68.671691,-31.839698],[-68.671976,-31.836795],[-68.671829,-31.833593],[-68.671607,-31.83059],[-68.671232,-31.826152],[-68.671682,-31.815538],[-68.671943,-31.810353],[-68.672088,-31.808072],[-68.671715,-31.806123],[-68.671175,-31.803551],[-68.670696,-31.801557],[-68.670639,-31.799952],[-68.670656,-31.79813],[-68.669779,-31.795088],[-68.668332,-31.789448],[-68.666906,-31.783582],[-68.666712,-31.781932],[-68.666442,-31.780623],[-68.666455,-31.779866],[-68.66625,-31.778206],[-68.666277,-31.776501],[-68.666156,-31.774968],[-68.666014,-31.773452],[-68.665873,-31.77154],[-68.665855,-31.77071],[-68.665837,-31.770257],[-68.665835,-31.770205],[-68.665932,-31.769628],[-68.666114,-31.769007],[-68.666493,-31.767939],[-68.666647,-31.767502],[-68.666999,-31.766466],[-68.667245,-31.765537],[-68.667576,-31.764654],[-68.667885,-31.763799],[-68.66795,-31.763249],[-68.668167,-31.761698],[-68.668201,-31.76113],[-68.668361,-31.760661],[-68.668523,-31.759552],[-68.668694,-31.758886],[-68.668919,-31.758056],[-68.669059,-31.757272],[-68.669179,-31.75619],[-68.669223,-31.755658],[-68.66927,-31.754297],[-68.669221,-31.753241],[-68.669119,-31.752204],[-68.668995,-31.75159],[-68.668442,-31.749659],[-68.668264,-31.749163],[-68.66793,-31.748386],[-68.667426,-31.747474],[-68.667174,-31.747058],[-68.66667,-31.746471],[-68.665766,-31.745522],[-68.664904,-31.7445],[-68.664547,-31.744084],[-68.664338,-31.743353],[-68.66433,-31.742731],[-68.664326,-31.742717],[-68.664184,-31.742181],[-68.664112,-31.741567],[-68.663719,-31.739411],[-68.663814,-31.736642],[-68.664435,-31.734173],[-68.66485,-31.733245],[-68.664999,-31.732803],[-68.665392,-31.731993],[-68.665669,-31.731389],[-68.665902,-31.730975],[-68.666423,-31.730093],[-68.66671,-31.729489],[-68.667028,-31.729093],[-68.667357,-31.728445],[-68.667644,-31.727841],[-68.667794,-31.727282],[-68.668283,-31.726174],[-68.668697,-31.725472],[-68.668959,-31.725065],[-68.669323,-31.7245],[-68.670024,-31.723356],[-68.670363,-31.722753],[-68.670597,-31.722266],[-68.6708,-31.721672],[-68.67113,-31.720762],[-68.671364,-31.720302],[-68.671843,-31.719005],[-68.672545,-31.717546],[-68.672747,-31.717122],[-68.672949,-31.716591],[-68.673152,-31.715942],[-68.67328,-31.715509],[-68.673622,-31.714094],[-68.673732,-31.71276],[-68.673736,-31.71166],[-68.673805,-31.710118],[-68.673798,-31.709763],[-68.673787,-31.709216],[-68.673928,-31.708206],[-68.674109,-31.707674],[-68.67466,-31.706972],[-68.675242,-31.706478],[-68.676045,-31.706209],[-68.676688,-31.706157],[-68.677437,-31.706096],[-68.678081,-31.705998],[-68.678651,-31.705963],[-68.679347,-31.705929],[-68.680107,-31.70594],[-68.680338,-31.705948],[-68.680993,-31.705969],[-68.68191,-31.706044],[-68.682649,-31.706154],[-68.683239,-31.706209],[-68.684284,-31.706194],[-68.68499,-31.70616],[-68.685581,-31.706107],[-68.686605,-31.705947],[-68.687292,-31.705615],[-68.687884,-31.70531],[-68.688412,-31.704932],[-68.688994,-31.704555],[-68.689502,-31.704087],[-68.689756,-31.703664],[-68.690202,-31.702989],[-68.690542,-31.702295],[-68.690491,-31.701628],[-68.690514,-31.701005],[-68.69056,-31.699788],[-68.690648,-31.698959],[-68.690692,-31.698381],[-68.690651,-31.697876],[-68.690642,-31.697344],[-68.690581,-31.696884],[-68.690456,-31.696316],[-68.690448,-31.695682],[-68.690448,-31.695666],[-68.690512,-31.695188],[-68.690535,-31.694701],[-68.690547,-31.69426],[-68.690719,-31.693475],[-68.690815,-31.693016],[-68.690891,-31.692394],[-68.691062,-31.691745],[-68.69119,-31.691285],[-68.691871,-31.689546],[-68.692158,-31.68878],[-68.692518,-31.688249],[-68.692805,-31.687763],[-68.693039,-31.687177],[-68.693368,-31.686528],[-68.693601,-31.686114],[-68.693972,-31.685574],[-68.694607,-31.684899],[-68.694811,-31.684583],[-68.695042,-31.684224],[-68.69536,-31.683765],[-68.695677,-31.683386],[-68.696165,-31.682666],[-68.696642,-31.681964],[-68.697288,-31.680901],[-68.697575,-31.680361],[-68.697861,-31.679874],[-68.698412,-31.679199],[-68.698751,-31.678641],[-68.699143,-31.678083],[-68.699566,-31.677615],[-68.699719,-31.6761],[-68.699763,-31.675568],[-68.699934,-31.674946],[-68.700308,-31.673441],[-68.700628,-31.67226],[-68.700948,-31.670989],[-68.701091,-31.670224],[-68.70112,-31.67007],[-68.701238,-31.669493],[-68.701515,-31.668357],[-68.701601,-31.667902],[-68.70223,-31.66679],[-68.703568,-31.664615],[-68.704398,-31.662944],[-68.706628,-31.658891],[-68.708509,-31.654092],[-68.708687,-31.653642],[-68.711164,-31.646158],[-68.711095,-31.644773],[-68.710761,-31.643681],[-68.708918,-31.640371],[-68.708128,-31.639463],[-68.70744,-31.638456],[-68.699217,-31.628949],[-68.694881,-31.621206],[-68.632081,-31.621196],[-68.632647,-31.608675],[-68.632293,-31.606356],[-68.631828,-31.603893],[-68.629334,-31.60028],[-68.622292,-31.590167],[-68.612044,-31.57561],[-68.609927,-31.572475],[-68.607641,-31.56906],[-68.601521,-31.570886]]]]}},{"type":"Feature","id":"70077","properties":{"id":70077,"in1":"70077","departamento":"RAWSON","nombre":"Rawson","fna":"Departamento Rawson","cabecera":"Villa Krause","provincia":"SAN JUAN","fuente":"Instituto Geográfico Nacional (IGN)"},"geometry":{"type":"MultiPolygon","coordinates":[[[[-68.551257,-31.560786],[-68.54767,-31.561968],[-68.547667,-31.561923],[-68.547252,-31.554566],[-68.547155,-31.554585],[-68.540289,-31.55593],[-68.539996,-31.555978],[-68.539698,-31.556027],[-68.538729,-31.556185],[-68.537537,-31.556528],[-68.535976,-31.557],[-68.533388,-31.557685],[-68.532413,-31.557703],[-68.529774,-31.55842],[-68.529038,-31.558688],[-68.528276,-31.559076],[-68.527285,-31.559539],[-68.524618,-31.560842],[-68.52189,-31.561743],[-68.521892,-31.561706],[-68.522054,-31.5594],[-68.519739,-31.559278],[-68.519622,-31.559272],[-68.5189,-31.559215],[-68.518606,-31.559162],[-68.515103,-31.558539],[-68.514912,-31.558419],[-68.51488,-31.558399],[-68.515634,-31.557515],[-68.51354,-31.557283],[-68.513007,-31.557223],[-68.512981,-31.557207],[-68.510461,-31.55698],[-68.510878,-31.556071],[-68.509568,-31.55586],[-68.509882,-31.555118],[-68.510253,-31.554365],[-68.51037,-31.553796],[-68.510338,-31.55378],[-68.509745,-31.553479],[-68.508842,-31.552935],[-68.508159,-31.553082],[-68.507129,-31.553434],[-68.506153,-31.553908],[-68.505572,-31.554111],[-68.505333,-31.55417],[-68.505017,-31.554247],[-68.504554,-31.55436],[-68.504236,-31.554372],[-68.503059,-31.554414],[-68.502184,-31.554445],[-68.502197,-31.554411],[-68.502811,-31.552812],[-68.503172,-31.551873],[-68.503581,-31.550647],[-68.503499,-31.550697],[-68.503339,-31.550796],[-68.502894,-31.551068],[-68.502692,-31.551247],[-68.502582,-31.551502],[-68.502557,-31.551622],[-68.502222,-31.551937],[-68.501955,-31.552148],[-68.50174,-31.552447],[-68.501644,-31.55253],[-68.501614,-31.552555],[-68.501275,-31.552786],[-68.501147,-31.552821],[-68.500819,-31.552883],[-68.500716,-31.552877],[-68.499814,-31.552824],[-68.499789,-31.552823],[-68.498669,-31.553135],[-68.497735,-31.553207],[-68.493821,-31.553705],[-68.492471,-31.553985],[-68.491543,-31.554178],[-68.489842,-31.554531],[-68.489367,-31.554582],[-68.486278,-31.554912],[-68.485162,-31.555031],[-68.483602,-31.555222],[-68.480457,-31.555605],[-68.478786,-31.555794],[-68.478774,-31.555796],[-68.475334,-31.556175],[-68.473238,-31.556434],[-68.473218,-31.556461],[-68.472057,-31.558002],[-68.471225,-31.558922],[-68.470536,-31.559684],[-68.469545,-31.560779],[-68.464904,-31.566929],[-68.463884,-31.568338],[-68.461846,-31.570808],[-68.461298,-31.571432],[-68.459899,-31.572953],[-68.459426,-31.57333],[-68.45896,-31.573645],[-68.456399,-31.574729],[-68.45343,-31.575773],[-68.453317,-31.575812],[-68.452447,-31.576118],[-68.452129,-31.576175],[-68.450434,-31.576476],[-68.44952,-31.576681],[-68.44934,-31.576721],[-68.448989,-31.57688],[-68.448591,-31.577084],[-68.447603,-31.577737],[-68.447624,-31.5778],[-68.449391,-31.583099],[-68.445352,-31.58627],[-68.444037,-31.587327],[-68.44397,-31.587539],[-68.443934,-31.587631],[-68.443586,-31.588504],[-68.443266,-31.58893],[-68.443084,-31.589171],[-68.44305,-31.589238],[-68.442978,-31.589376],[-68.442962,-31.589406],[-68.440505,-31.59024],[-68.439913,-31.590639],[-68.439723,-31.591],[-68.439161,-31.59207],[-68.439199,-31.592237],[-68.439341,-31.592864],[-68.4403,-31.593292],[-68.440997,-31.593862],[-68.44119,-31.594019],[-68.441228,-31.59405],[-68.44118,-31.594205],[-68.441011,-31.594761],[-68.44098,-31.59486],[-68.43901,-31.595744],[-68.438976,-31.595757],[-68.438157,-31.596052],[-68.437573,-31.596441],[-68.437484,-31.596871],[-68.437448,-31.597045],[-68.437474,-31.597233],[-68.437519,-31.597564],[-68.437613,-31.59785],[-68.43771,-31.598147],[-68.437558,-31.598976],[-68.437386,-31.599538],[-68.43697,-31.599888],[-68.43613,-31.600238],[-68.435243,-31.600607],[-68.434415,-31.601225],[-68.434403,-31.60125],[-68.433161,-31.603817],[-68.432909,-31.605291],[-68.432309,-31.605784],[-68.432081,-31.605972],[-68.431568,-31.606615],[-68.431515,-31.607214],[-68.43185,-31.607964],[-68.431842,-31.609272],[-68.431959,-31.610021],[-68.432462,-31.610472],[-68.432514,-31.61052],[-68.433289,-31.610983],[-68.433066,-31.611645],[-68.433056,-31.613286],[-68.432906,-31.614052],[-68.43269,-31.614785],[-68.432508,-31.615403],[-68.432334,-31.616295],[-68.431748,-31.616955],[-68.430772,-31.61751],[-68.43048,-31.617969],[-68.430479,-31.61804],[-68.430476,-31.618654],[-68.430591,-31.619525],[-68.430544,-31.619907],[-68.430464,-31.620544],[-68.43,-31.621083],[-68.429993,-31.62126],[-68.429954,-31.62222],[-68.428729,-31.623542],[-68.428544,-31.623993],[-68.427929,-31.62463],[-68.426966,-31.624661],[-68.426658,-31.624751],[-68.426617,-31.625077],[-68.426717,-31.625403],[-68.427001,-31.62559],[-68.427298,-31.62673],[-68.428021,-31.62675],[-68.428693,-31.626519],[-68.428876,-31.626851],[-68.429234,-31.626914],[-68.429491,-31.627191],[-68.429719,-31.627437],[-68.429763,-31.62785],[-68.429563,-31.628701],[-68.429475,-31.629525],[-68.429435,-31.629905],[-68.429261,-31.630756],[-68.429159,-31.631396],[-68.428787,-31.632851],[-68.428468,-31.633368],[-68.427831,-31.633907],[-68.427811,-31.633924],[-68.427613,-31.634084],[-68.427223,-31.6344],[-68.427005,-31.63442],[-68.426036,-31.634512],[-68.422174,-31.634877],[-68.422173,-31.634877],[-68.422173,-31.634878],[-68.421534,-31.635934],[-68.421484,-31.63643],[-68.422085,-31.637141],[-68.422348,-31.637764],[-68.422803,-31.638677],[-68.423236,-31.639468],[-68.423643,-31.639683],[-68.423719,-31.639723],[-68.424372,-31.640348],[-68.424472,-31.64047],[-68.424662,-31.640701],[-68.42478,-31.641243],[-68.424334,-31.642571],[-68.423942,-31.64288],[-68.42343,-31.643048],[-68.423385,-31.643063],[-68.422825,-31.643268],[-68.422596,-31.643527],[-68.422398,-31.643753],[-68.423016,-31.644707],[-68.423123,-31.64528],[-68.423256,-31.645999],[-68.423413,-31.646847],[-68.42343,-31.646936],[-68.423683,-31.647599],[-68.423699,-31.647641],[-68.423449,-31.648433],[-68.423184,-31.649596],[-68.422943,-31.65053],[-68.422919,-31.650623],[-68.42294,-31.651899],[-68.422693,-31.652655],[-68.422254,-31.653016],[-68.422065,-31.653171],[-68.421694,-31.653976],[-68.421842,-31.654748],[-68.422128,-31.65577],[-68.422243,-31.656178],[-68.422244,-31.656184],[-68.42218,-31.656846],[-68.421962,-31.657535],[-68.421866,-31.658072],[-68.421525,-31.659175],[-68.421355,-31.65976],[-68.421159,-31.660124],[-68.421011,-31.6604],[-68.420907,-31.660592],[-68.420706,-31.66074],[-68.420478,-31.660906],[-68.420283,-31.66104],[-68.419988,-31.661242],[-68.419935,-31.661267],[-68.419301,-31.661564],[-68.419082,-31.661593],[-68.418989,-31.661605],[-68.418978,-31.661604],[-68.418759,-31.661587],[-68.41851,-31.661517],[-68.418456,-31.661501],[-68.418415,-31.66148],[-68.418239,-31.661388],[-68.41813,-31.661261],[-68.417996,-31.66071],[-68.417914,-31.660609],[-68.417667,-31.660304],[-68.417604,-31.660226],[-68.417592,-31.660234],[-68.417114,-31.660575],[-68.417381,-31.661699],[-68.416731,-31.663256],[-68.416634,-31.664406],[-68.416896,-31.665727],[-68.4169,-31.665746],[-68.416443,-31.668703],[-68.416421,-31.668847],[-68.41467,-31.66888],[-68.414669,-31.668869],[-68.414626,-31.668473],[-68.413484,-31.667312],[-68.413431,-31.667258],[-68.413112,-31.666968],[-68.412489,-31.666403],[-68.412375,-31.666341],[-68.412187,-31.666238],[-68.411632,-31.666059],[-68.41108,-31.666075],[-68.410561,-31.666128],[-68.410406,-31.666201],[-68.410122,-31.666376],[-68.409977,-31.666593],[-68.409907,-31.667465],[-68.409967,-31.667934],[-68.409769,-31.668484],[-68.408435,-31.671254],[-68.414435,-31.670821],[-68.414043,-31.675775],[-68.415179,-31.679564],[-68.411445,-31.682626],[-68.411571,-31.684774],[-68.411573,-31.684814],[-68.413395,-31.684917],[-68.414548,-31.68498],[-68.41466,-31.684986],[-68.415543,-31.68623],[-68.415569,-31.686367],[-68.415635,-31.686711],[-68.415689,-31.686993],[-68.414818,-31.689185],[-68.414755,-31.689912],[-68.414588,-31.691866],[-68.414539,-31.69243],[-68.414732,-31.693309],[-68.414754,-31.693414],[-68.414768,-31.693431],[-68.415123,-31.693894],[-68.415451,-31.695072],[-68.415335,-31.695865],[-68.415069,-31.696662],[-68.414714,-31.697019],[-68.414695,-31.697039],[-68.414152,-31.697402],[-68.413649,-31.697738],[-68.412823,-31.699069],[-68.412994,-31.699471],[-68.41308,-31.699674],[-68.413361,-31.699733],[-68.415121,-31.700098],[-68.417023,-31.699661],[-68.418042,-31.699532],[-68.418697,-31.699449],[-68.419704,-31.699321],[-68.420769,-31.69934],[-68.420992,-31.699344],[-68.422159,-31.699364],[-68.422241,-31.699406],[-68.422342,-31.699457],[-68.42279,-31.699687],[-68.422896,-31.700355],[-68.422149,-31.701019],[-68.421702,-31.701246],[-68.421588,-31.701305],[-68.421561,-31.701388],[-68.421374,-31.701964],[-68.421362,-31.702003],[-68.421388,-31.702117],[-68.42147,-31.702481],[-68.421502,-31.70343],[-68.421532,-31.704326],[-68.421495,-31.704826],[-68.421492,-31.704867],[-68.42117,-31.70499],[-68.420596,-31.70521],[-68.419741,-31.705174],[-68.419473,-31.705265],[-68.418809,-31.70549],[-68.417652,-31.706089],[-68.416159,-31.706971],[-68.416012,-31.707788],[-68.416004,-31.707831],[-68.416085,-31.707907],[-68.417485,-31.709204],[-68.418891,-31.710482],[-68.419748,-31.712435],[-68.419954,-31.712904],[-68.419984,-31.714081],[-68.419966,-31.714268],[-68.419905,-31.714879],[-68.418558,-31.716018],[-68.417655,-31.717443],[-68.417569,-31.71935],[-68.416743,-31.72078],[-68.416808,-31.722179],[-68.416893,-31.723292],[-68.416905,-31.723447],[-68.41691,-31.723514],[-68.416758,-31.724185],[-68.416754,-31.724852],[-68.416931,-31.726093],[-68.416661,-31.727553],[-68.413481,-31.728512],[-68.413443,-31.728466],[-68.411798,-31.726516],[-68.410418,-31.725653],[-68.409649,-31.728012],[-68.409396,-31.728412],[-68.408352,-31.729079],[-68.408162,-31.729538],[-68.408093,-31.730422],[-68.40784,-31.730799],[-68.405604,-31.731542],[-68.405502,-31.731614],[-68.405002,-31.731968],[-68.402246,-31.735152],[-68.401476,-31.735761],[-68.4013,-31.7359],[-68.401142,-31.736046],[-68.398892,-31.738118],[-68.396953,-31.738734],[-68.396215,-31.73929],[-68.395443,-31.739582],[-68.394542,-31.739922],[-68.393978,-31.740136],[-68.393,-31.740456],[-68.391803,-31.741068],[-68.391201,-31.741521],[-68.390533,-31.742834],[-68.390519,-31.74292],[-68.390272,-31.744393],[-68.389905,-31.747318],[-68.38914,-31.748847],[-68.388016,-31.747687],[-68.388002,-31.747689],[-68.386343,-31.747861],[-68.386318,-31.747864],[-68.385839,-31.748966],[-68.383917,-31.751003],[-68.383843,-31.751081],[-68.384216,-31.751777],[-68.384655,-31.751995],[-68.385789,-31.751762],[-68.390638,-31.750599],[-68.391456,-31.750576],[-68.392555,-31.750717],[-68.393392,-31.752628],[-68.393164,-31.752889],[-68.39276,-31.753351],[-68.391907,-31.753775],[-68.390111,-31.754493],[-68.389756,-31.754742],[-68.387047,-31.756649],[-68.38654,-31.757005],[-68.385888,-31.757484],[-68.384106,-31.758793],[-68.384365,-31.758724],[-68.38573,-31.758362],[-68.386091,-31.758266],[-68.386595,-31.758295],[-68.387815,-31.75932],[-68.387821,-31.759395],[-68.387959,-31.761093],[-68.386154,-31.762687],[-68.385841,-31.762963],[-68.3836,-31.764215],[-68.381269,-31.764772],[-68.382988,-31.767376],[-68.383012,-31.767413],[-68.383373,-31.767406],[-68.385276,-31.76737],[-68.385905,-31.767639],[-68.387142,-31.770603],[-68.387643,-31.771034],[-68.390341,-31.772066],[-68.390589,-31.772554],[-68.390357,-31.774172],[-68.389421,-31.776832],[-68.389378,-31.777274],[-68.389493,-31.77833],[-68.391122,-31.779366],[-68.391954,-31.780461],[-68.389608,-31.781023],[-68.389594,-31.781027],[-68.387956,-31.780847],[-68.388083,-31.781297],[-68.388972,-31.784437],[-68.389409,-31.784678],[-68.391607,-31.784792],[-68.391715,-31.785595],[-68.391758,-31.785916],[-68.391432,-31.786906],[-68.390426,-31.788128],[-68.389311,-31.787442],[-68.387443,-31.786206],[-68.384565,-31.786292],[-68.383366,-31.786426],[-68.381358,-31.787913],[-68.380074,-31.788863],[-68.382718,-31.791829],[-68.383456,-31.790344],[-68.385499,-31.789606],[-68.386072,-31.790727],[-68.384757,-31.791586],[-68.382705,-31.793813],[-68.382417,-31.794799],[-68.381365,-31.798406],[-68.381437,-31.798787],[-68.38165,-31.799904],[-68.379454,-31.801508],[-68.379006,-31.80236],[-68.377828,-31.804602],[-68.380822,-31.805398],[-68.38118,-31.805493],[-68.379834,-31.809464],[-68.382469,-31.808611],[-68.383197,-31.812484],[-68.383591,-31.814577],[-68.384463,-31.816422],[-68.384591,-31.816692],[-68.389755,-31.819671],[-68.389809,-31.819702],[-68.392143,-31.822099],[-68.393576,-31.823571],[-68.396769,-31.824705],[-68.398351,-31.826705],[-68.398553,-31.827054],[-68.399027,-31.827876],[-68.399072,-31.827953],[-68.402418,-31.828212],[-68.404399,-31.830352],[-68.40794,-31.831824],[-68.409496,-31.832882],[-68.410718,-31.834303],[-68.41192,-31.833005],[-68.413236,-31.831583],[-68.41396,-31.830801],[-68.419407,-31.830664],[-68.445671,-31.822788],[-68.449181,-31.820786],[-68.449767,-31.820449],[-68.45097,-31.819791],[-68.451559,-31.819393],[-68.453874,-31.817832],[-68.454126,-31.817666],[-68.455282,-31.816901],[-68.459656,-31.813924],[-68.466871,-31.809046],[-68.468176,-31.808192],[-68.469818,-31.806999],[-68.476589,-31.801699],[-68.479713,-31.799225],[-68.481677,-31.797564],[-68.482759,-31.796691],[-68.486007,-31.794007],[-68.490812,-31.790088],[-68.49089,-31.790024],[-68.490941,-31.789477],[-68.491183,-31.786858],[-68.499963,-31.752695],[-68.510519,-31.711331],[-68.511634,-31.70696],[-68.520006,-31.674182],[-68.520256,-31.673211],[-68.520419,-31.672386],[-68.520424,-31.672343],[-68.520483,-31.671811],[-68.520401,-31.671079],[-68.520333,-31.67052],[-68.520319,-31.67041],[-68.520132,-31.668789],[-68.515386,-31.657736],[-68.511392,-31.648206],[-68.509861,-31.644832],[-68.509539,-31.644197],[-68.509374,-31.643988],[-68.509068,-31.643601],[-68.508863,-31.643322],[-68.505028,-31.638129],[-68.508235,-31.636754],[-68.512099,-31.635097],[-68.516045,-31.633368],[-68.519497,-31.6319],[-68.524775,-31.629655],[-68.524814,-31.629638],[-68.526062,-31.631863],[-68.526082,-31.631898],[-68.528527,-31.631032],[-68.532224,-31.62991],[-68.532025,-31.629647],[-68.529116,-31.625807],[-68.527388,-31.623444],[-68.524918,-31.620065],[-68.524779,-31.619946],[-68.52087,-31.612981],[-68.520298,-31.612049],[-68.519232,-31.610316],[-68.518416,-31.608988],[-68.517988,-31.607991],[-68.517657,-31.60714],[-68.517506,-31.606345],[-68.517047,-31.60288],[-68.516227,-31.596244],[-68.516219,-31.596179],[-68.517368,-31.596131],[-68.517621,-31.596121],[-68.517765,-31.596092],[-68.518499,-31.595945],[-68.518981,-31.595848],[-68.520595,-31.595379],[-68.522441,-31.594843],[-68.527664,-31.593296],[-68.532787,-31.591734],[-68.54163,-31.589037],[-68.550918,-31.586205],[-68.556998,-31.584404],[-68.564086,-31.582274],[-68.576666,-31.578493],[-68.583109,-31.576562],[-68.59057,-31.574256],[-68.601521,-31.570886],[-68.601528,-31.570828],[-68.602102,-31.5656],[-68.602993,-31.560554],[-68.603875,-31.557057],[-68.604846,-31.553549],[-68.606558,-31.548336],[-68.607511,-31.545751],[-68.608511,-31.543611],[-68.608399,-31.543644],[-68.594111,-31.547871],[-68.580905,-31.551861],[-68.574526,-31.553751],[-68.567712,-31.555759],[-68.561456,-31.557623],[-68.554797,-31.559644],[-68.551257,-31.560786]]]]}},{"type":"Feature","id":"70084","properties":{"id":70084,"in1":"70084","departamento":"RIVADAVIA","nombre":"Rivadavia","fna":"Departamento Rivadavia","cabecera":"Rivadavia","provincia":"SAN JUAN","fuente":"Instituto Geográfico Nacional (IGN)"},"geometry":{"type":"MultiPolygon","coordinates":[[[[-68.642091,-31.502473],[-68.628422,-31.511797],[-68.628103,-31.512014],[-68.628074,-31.511928],[-68.628029,-31.511789],[-68.627974,-31.511697],[-68.627916,-31.51161],[-68.627741,-31.511416],[-68.627576,-31.51125],[-68.627566,-31.51124],[-68.627145,-31.510858],[-68.626799,-31.51061],[-68.626762,-31.510583],[-68.626191,-31.510425],[-68.625953,-31.510402],[-68.62573,-31.510381],[-68.624122,-31.510407],[-68.622675,-31.510429],[-68.612161,-31.510471],[-68.603512,-31.510541],[-68.599681,-31.510577],[-68.595173,-31.510624],[-68.588249,-31.510669],[-68.585195,-31.510689],[-68.581662,-31.510733],[-68.57909,-31.510766],[-68.572172,-31.510827],[-68.567197,-31.510829],[-68.56201,-31.510872],[-68.561819,-31.510873],[-68.558915,-31.510888],[-68.558907,-31.510924],[-68.558687,-31.511912],[-68.558421,-31.513104],[-68.556525,-31.520972],[-68.556515,-31.521012],[-68.560297,-31.520967],[-68.560629,-31.520965],[-68.562986,-31.520947],[-68.564132,-31.520953],[-68.564743,-31.520899],[-68.564937,-31.520882],[-68.56783,-31.520202],[-68.568016,-31.520158],[-68.567687,-31.521883],[-68.567487,-31.523434],[-68.566962,-31.528061],[-68.566961,-31.528069],[-68.568857,-31.528111],[-68.568901,-31.528112],[-68.568572,-31.532188],[-68.568559,-31.532675],[-68.568588,-31.533235],[-68.568732,-31.534604],[-68.568373,-31.535824],[-68.567491,-31.538695],[-68.566771,-31.541364],[-68.566326,-31.542657],[-68.566172,-31.54587],[-68.564573,-31.546012],[-68.560193,-31.546788],[-68.560193,-31.546788],[-68.560193,-31.546788],[-68.560193,-31.546788],[-68.560193,-31.546788],[-68.558527,-31.547084],[-68.558256,-31.546129],[-68.55822,-31.546127],[-68.557989,-31.546116],[-68.55672,-31.546058],[-68.556726,-31.545968],[-68.553907,-31.545887],[-68.552772,-31.545864],[-68.551148,-31.545778],[-68.551124,-31.545859],[-68.550462,-31.545712],[-68.550448,-31.545771],[-68.550101,-31.545697],[-68.550034,-31.54594],[-68.549637,-31.545853],[-68.549635,-31.545862],[-68.548492,-31.549944],[-68.547252,-31.554566],[-68.547667,-31.561923],[-68.54767,-31.561968],[-68.551257,-31.560786],[-68.554797,-31.559644],[-68.561456,-31.557623],[-68.567712,-31.555759],[-68.574526,-31.553751],[-68.580905,-31.551861],[-68.594111,-31.547871],[-68.608399,-31.543644],[-68.608511,-31.543611],[-68.607511,-31.545751],[-68.606558,-31.548336],[-68.604846,-31.553549],[-68.603875,-31.557057],[-68.602993,-31.560554],[-68.602102,-31.5656],[-68.601528,-31.570828],[-68.601521,-31.570886],[-68.607641,-31.56906],[-68.609927,-31.572475],[-68.612044,-31.57561],[-68.622292,-31.590167],[-68.629334,-31.60028],[-68.631828,-31.603893],[-68.632293,-31.606356],[-68.632647,-31.608675],[-68.632081,-31.621196],[-68.694881,-31.621206],[-68.695013,-31.620376],[-68.695044,-31.620186],[-68.695559,-31.616982],[-68.696152,-31.609723],[-68.696534,-31.608114],[-68.697498,-31.603964],[-68.69801,-31.601173],[-68.698202,-31.598946],[-68.698385,-31.59699],[-68.698597,-31.593301],[-68.698664,-31.589433],[-68.698295,-31.588034],[-68.697496,-31.585033],[-68.697268,-31.583896],[-68.6972,-31.582156],[-68.697075,-31.579093],[-68.696647,-31.577893],[-68.695891,-31.574979],[-68.695592,-31.573825],[-68.692696,-31.570974],[-68.691351,-31.569723],[-68.686961,-31.565639],[-68.68658,-31.564815],[-68.686499,-31.5645],[-68.691337,-31.564488],[-68.700855,-31.564464],[-68.707733,-31.564451],[-68.707756,-31.563755],[-68.707239,-31.562921],[-68.706844,-31.562283],[-68.705331,-31.561021],[-68.704556,-31.560316],[-68.70365,-31.559574],[-68.702626,-31.558756],[-68.70175,-31.557811],[-68.700945,-31.55674],[-68.700143,-31.555296],[-68.699195,-31.553914],[-68.698099,-31.552463],[-68.697297,-31.551334],[-68.696713,-31.550264],[-68.695839,-31.548756],[-68.694815,-31.547685],[-68.694232,-31.546488],[-68.692919,-31.544542],[-68.692005,-31.543092],[-68.691133,-31.540894],[-68.690111,-31.539511],[-68.688507,-31.537496],[-68.688144,-31.53561],[-68.687052,-31.534102],[-68.68647,-31.532594],[-68.686034,-31.531461],[-68.685304,-31.530079],[-68.68519,-31.529833],[-68.684721,-31.52882],[-68.684176,-31.527249],[-68.683524,-31.525552],[-68.683163,-31.524108],[-68.682214,-31.522284],[-68.681704,-31.521092],[-68.681198,-31.51977],[-68.680285,-31.518072],[-68.679923,-31.517192],[-68.679706,-31.516564],[-68.679709,-31.515748],[-68.679491,-31.514995],[-68.679127,-31.514367],[-68.678834,-31.513735],[-68.678525,-31.511173],[-68.677256,-31.507449],[-68.674402,-31.502265],[-68.673616,-31.500739],[-68.672631,-31.499465],[-68.671352,-31.497085],[-68.665633,-31.490622],[-68.663893,-31.490275],[-68.663236,-31.48933],[-68.661044,-31.488008],[-68.660532,-31.487501],[-68.659948,-31.48681],[-68.659659,-31.485867],[-68.658928,-31.485048],[-68.658493,-31.483857],[-68.658276,-31.482724],[-68.657915,-31.481407],[-68.657409,-31.47952],[-68.656388,-31.478196],[-68.655267,-31.477427],[-68.654946,-31.476952],[-68.654553,-31.476266],[-68.653426,-31.475302],[-68.652053,-31.472958],[-68.651705,-31.472364],[-68.650663,-31.472482],[-68.649638,-31.472937],[-68.648879,-31.473468],[-68.648499,-31.474031],[-68.648125,-31.476135],[-68.64808,-31.476987],[-68.648013,-31.478284],[-68.648111,-31.479852],[-68.648201,-31.48066],[-68.648311,-31.481123],[-68.64834,-31.481437],[-68.648155,-31.482013],[-68.647919,-31.48251],[-68.647898,-31.482536],[-68.647632,-31.482859],[-68.647406,-31.48326],[-68.647192,-31.483486],[-68.646782,-31.48414],[-68.646678,-31.484567],[-68.646624,-31.485506],[-68.646672,-31.486073],[-68.646731,-31.486667],[-68.646903,-31.487043],[-68.647042,-31.488],[-68.647182,-31.488681],[-68.647154,-31.488912],[-68.647119,-31.489196],[-68.647028,-31.489663],[-68.647005,-31.489781],[-68.646584,-31.490482],[-68.646247,-31.490805],[-68.645684,-31.491624],[-68.645233,-31.492295],[-68.645078,-31.492657],[-68.645168,-31.493216],[-68.645444,-31.494235],[-68.645671,-31.495073],[-68.645668,-31.495649],[-68.645352,-31.496629],[-68.645297,-31.4968],[-68.645234,-31.497359],[-68.645273,-31.497831],[-68.645089,-31.498555],[-68.645079,-31.498576],[-68.644482,-31.499126],[-68.64411,-31.49938],[-68.643885,-31.499762],[-68.643661,-31.500101],[-68.643362,-31.500588],[-68.643237,-31.500927],[-68.643036,-31.501457],[-68.642663,-31.502029],[-68.642534,-31.50213],[-68.642286,-31.502322],[-68.64218,-31.502404],[-68.642091,-31.502473]]]]}},{"type":"Feature","id":"70091","properties":{"id":70091,"in1":"70091","departamento":"SAN MARTIN","nombre":"San Martín","fna":"Departamento San Martín","cabecera":"San Martín","provincia":"SAN JUAN","fuente":"Instituto Geográfico Nacional (IGN)"},"geometry":{"type":"MultiPolygon","coordinates":[[[[-68.44219,-31.459],[-68.43921,-31.459319],[-68.437213,-31.459532],[-68.432609,-31.460005],[-68.431625,-31.460102],[-68.431087,-31.460156],[-68.427252,-31.460535],[-68.424464,-31.460825],[-68.423183,-31.460994],[-68.420967,-31.461309],[-68.415885,-31.462036],[-68.415285,-31.462128],[-68.414712,-31.462232],[-68.414156,-31.462333],[-68.411699,-31.462831],[-68.410823,-31.462998],[-68.409518,-31.463199],[-68.408273,-31.463368],[-68.406145,-31.463636],[-68.404787,-31.463853],[-68.40109,-31.464362],[-68.400471,-31.46445],[-68.399517,-31.4645],[-68.39793,-31.464564],[-68.3954,-31.464694],[-68.394936,-31.464676],[-68.394676,-31.464645],[-68.394221,-31.464572],[-68.393882,-31.464512],[-68.393438,-31.464387],[-68.392896,-31.46423],[-68.388787,-31.463086],[-68.384376,-31.462034],[-68.383946,-31.461941],[-68.382867,-31.461707],[-68.382438,-31.46165],[-68.380696,-31.461661],[-68.379852,-31.461666],[-68.378385,-31.46175],[-68.375568,-31.461917],[-68.372351,-31.462182],[-68.371043,-31.462312],[-68.370654,-31.462361],[-68.366547,-31.462906],[-68.366451,-31.462919],[-68.365334,-31.463072],[-68.364626,-31.463107],[-68.360992,-31.463157],[-68.35741,-31.463236],[-68.356984,-31.463231],[-68.356487,-31.463212],[-68.356425,-31.463207],[-68.35411,-31.463022],[-68.351281,-31.462779],[-68.348745,-31.462575],[-68.348263,-31.462495],[-68.345379,-31.462154],[-68.345089,-31.462123],[-68.344855,-31.462116],[-68.34438,-31.462126],[-68.344139,-31.462115],[-68.342421,-31.461997],[-68.340251,-31.461879],[-68.337337,-31.461834],[-68.334559,-31.461842],[-68.329765,-31.461802],[-68.323346,-31.461758],[-68.321635,-31.461769],[-68.321371,-31.46175],[-68.317949,-31.461704],[-68.312556,-31.461669],[-68.309672,-31.461653],[-68.307259,-31.461652],[-68.302077,-31.461657],[-68.296568,-31.461663],[-68.294222,-31.461666],[-68.287776,-31.461687],[-68.265136,-31.461829],[-68.230739,-31.461831],[-68.221866,-31.461832],[-68.026341,-31.461982],[-68.019307,-31.461987],[-68.022396,-31.471575],[-68.02342,-31.474057],[-68.026501,-31.481526],[-68.033682,-31.499617],[-68.033626,-31.505028],[-68.029379,-31.508603],[-68.031419,-31.514931],[-68.040127,-31.517513],[-68.042087,-31.520959],[-68.040468,-31.52487],[-68.040681,-31.530062],[-68.032551,-31.536713],[-68.029812,-31.548089],[-68.034705,-31.553273],[-68.0312,-31.556583],[-68.030531,-31.56699],[-68.003788,-31.603438],[-67.98538,-31.628525],[-67.983931,-31.630501],[-67.984933,-31.630342],[-68.003718,-31.627366],[-68.2809,-31.583452],[-68.300029,-31.580421],[-68.313712,-31.578124],[-68.330346,-31.575267],[-68.34133,-31.573381],[-68.343477,-31.573018],[-68.346657,-31.572395],[-68.348251,-31.572083],[-68.348413,-31.572051],[-68.357761,-31.57139],[-68.359713,-31.571343],[-68.36437,-31.57123],[-68.364846,-31.571218],[-68.365748,-31.569665],[-68.366085,-31.569083],[-68.367946,-31.567708],[-68.369513,-31.566822],[-68.370495,-31.566926],[-68.371708,-31.567428],[-68.37183,-31.567518],[-68.372455,-31.567978],[-68.373667,-31.568227],[-68.375692,-31.568336],[-68.377261,-31.567158],[-68.378733,-31.565232],[-68.37907,-31.56479],[-68.379432,-31.562659],[-68.379095,-31.561025],[-68.378595,-31.55825],[-68.378601,-31.558177],[-68.378644,-31.557669],[-68.378657,-31.557506],[-68.378681,-31.55746],[-68.379058,-31.556741],[-68.379124,-31.556615],[-68.379282,-31.556552],[-68.380247,-31.556163],[-68.380574,-31.556032],[-68.381575,-31.556066],[-68.38225,-31.556089],[-68.385117,-31.555855],[-68.387145,-31.55527],[-68.387728,-31.55438],[-68.388314,-31.553345],[-68.387673,-31.552269],[-68.387492,-31.551763],[-68.387751,-31.550777],[-68.388206,-31.550021],[-68.388296,-31.549469],[-68.3883,-31.549449],[-68.388311,-31.549382],[-68.388511,-31.548598],[-68.388557,-31.547962],[-68.388631,-31.547422],[-68.388887,-31.546954],[-68.389498,-31.546186],[-68.390119,-31.545837],[-68.39107,-31.545372],[-68.391668,-31.544473],[-68.392515,-31.543801],[-68.392787,-31.543691],[-68.395996,-31.542397],[-68.399998,-31.541167],[-68.400619,-31.540782],[-68.403184,-31.536875],[-68.405838,-31.535594],[-68.405854,-31.535576],[-68.408665,-31.533163],[-68.409456,-31.532445],[-68.412715,-31.531453],[-68.413702,-31.531153],[-68.416262,-31.529819],[-68.4168,-31.529538],[-68.420828,-31.525814],[-68.422448,-31.524317],[-68.423643,-31.523211],[-68.423264,-31.520657],[-68.427056,-31.518673],[-68.427552,-31.518413],[-68.430195,-31.518425],[-68.430445,-31.51682],[-68.43072,-31.515061],[-68.431548,-31.513756],[-68.431897,-31.511208],[-68.431286,-31.509857],[-68.430695,-31.508292],[-68.43066,-31.5082],[-68.435164,-31.505062],[-68.438315,-31.502866],[-68.438886,-31.502468],[-68.440887,-31.501003],[-68.44172,-31.499478],[-68.441868,-31.498067],[-68.441874,-31.496948],[-68.441627,-31.495886],[-68.441271,-31.494353],[-68.440526,-31.492645],[-68.439917,-31.491172],[-68.439982,-31.490011],[-68.439993,-31.489815],[-68.441726,-31.486942],[-68.441877,-31.484471],[-68.442089,-31.484048],[-68.443312,-31.481609],[-68.443408,-31.481416],[-68.444382,-31.479183],[-68.444257,-31.477064],[-68.445642,-31.475185],[-68.448393,-31.474376],[-68.449362,-31.47332],[-68.450874,-31.471396],[-68.451021,-31.471208],[-68.453923,-31.46851],[-68.456346,-31.466659],[-68.45806,-31.465349],[-68.458655,-31.464856],[-68.460751,-31.463119],[-68.460562,-31.461356],[-68.460456,-31.461383],[-68.460328,-31.461392],[-68.460336,-31.460687],[-68.460341,-31.459784],[-68.460315,-31.459294],[-68.46031,-31.45914],[-68.458954,-31.459203],[-68.458927,-31.459106],[-68.458823,-31.459026],[-68.458687,-31.458957],[-68.458654,-31.458946],[-68.458515,-31.458901],[-68.45825,-31.45885],[-68.457927,-31.458816],[-68.457698,-31.458807],[-68.45643,-31.458675],[-68.455475,-31.458555],[-68.454493,-31.458415],[-68.454006,-31.458367],[-68.453773,-31.458352],[-68.453252,-31.458352],[-68.452707,-31.45837],[-68.450748,-31.458451],[-68.448785,-31.458538],[-68.44828,-31.45857],[-68.447863,-31.4586],[-68.445923,-31.458756],[-68.445294,-31.458791],[-68.444718,-31.458812],[-68.444385,-31.458834],[-68.443769,-31.458874],[-68.44219,-31.459]]]]}},{"type":"Feature","id":"70098","properties":{"id":70098,"in1":"70098","departamento":"SANTA LUCIA","nombre":"Santa Lucía","fna":"Departamento Santa Lucía","cabecera":"Santa Lucía","provincia":"SAN JUAN","fuente":"Instituto Geográfico Nacional (IGN)"},"geometry":{"type":"MultiPolygon","coordinates":[[[[-68.43066,-31.5082],[-68.430695,-31.508292],[-68.431286,-31.509857],[-68.431897,-31.511208],[-68.431548,-31.513756],[-68.43072,-31.515061],[-68.430445,-31.51682],[-68.430195,-31.518425],[-68.427552,-31.518413],[-68.427056,-31.518673],[-68.423264,-31.520657],[-68.423643,-31.523211],[-68.422448,-31.524317],[-68.420828,-31.525814],[-68.4168,-31.529538],[-68.416262,-31.529819],[-68.413702,-31.531153],[-68.412715,-31.531453],[-68.413079,-31.531997],[-68.413261,-31.53227],[-68.414275,-31.533771],[-68.414628,-31.534228],[-68.415004,-31.534545],[-68.415053,-31.534586],[-68.415099,-31.534615],[-68.416175,-31.535302],[-68.416302,-31.535508],[-68.417401,-31.537287],[-68.418114,-31.538443],[-68.416786,-31.538453],[-68.415137,-31.538633],[-68.414528,-31.53877],[-68.413924,-31.539087],[-68.41381,-31.539655],[-68.413497,-31.54256],[-68.413454,-31.543476],[-68.413321,-31.545593],[-68.413229,-31.547076],[-68.413256,-31.54727],[-68.41405,-31.552976],[-68.414245,-31.553764],[-68.414252,-31.553793],[-68.414583,-31.554143],[-68.414909,-31.554353],[-68.417422,-31.555973],[-68.421305,-31.55465],[-68.431537,-31.551176],[-68.436449,-31.559281],[-68.437986,-31.56204],[-68.440105,-31.565978],[-68.44215,-31.56978],[-68.442249,-31.569894],[-68.44251,-31.570192],[-68.443089,-31.571599],[-68.445183,-31.576762],[-68.445555,-31.577144],[-68.446296,-31.577903],[-68.446895,-31.578518],[-68.446896,-31.578519],[-68.446951,-31.578573],[-68.447603,-31.577737],[-68.448591,-31.577084],[-68.448989,-31.57688],[-68.44934,-31.576721],[-68.44952,-31.576681],[-68.450434,-31.576476],[-68.452129,-31.576175],[-68.452447,-31.576118],[-68.453317,-31.575812],[-68.45343,-31.575773],[-68.456399,-31.574729],[-68.45896,-31.573645],[-68.459426,-31.57333],[-68.459899,-31.572953],[-68.461298,-31.571432],[-68.461846,-31.570808],[-68.463884,-31.568338],[-68.464904,-31.566929],[-68.469545,-31.560779],[-68.470536,-31.559684],[-68.471225,-31.558922],[-68.472057,-31.558002],[-68.473218,-31.556461],[-68.473238,-31.556434],[-68.475334,-31.556175],[-68.478774,-31.555796],[-68.478786,-31.555794],[-68.480457,-31.555605],[-68.483602,-31.555222],[-68.485162,-31.555031],[-68.486278,-31.554912],[-68.489367,-31.554582],[-68.489842,-31.554531],[-68.491543,-31.554178],[-68.492471,-31.553985],[-68.493821,-31.553705],[-68.497735,-31.553207],[-68.498669,-31.553135],[-68.499789,-31.552823],[-68.499814,-31.552824],[-68.500716,-31.552877],[-68.500819,-31.552883],[-68.501147,-31.552821],[-68.501275,-31.552786],[-68.501614,-31.552555],[-68.501644,-31.55253],[-68.50174,-31.552447],[-68.501955,-31.552148],[-68.502222,-31.551937],[-68.502557,-31.551622],[-68.502582,-31.551502],[-68.502692,-31.551247],[-68.502894,-31.551068],[-68.503339,-31.550796],[-68.503499,-31.550697],[-68.503581,-31.550647],[-68.503675,-31.550465],[-68.503809,-31.550186],[-68.506374,-31.546604],[-68.506691,-31.545918],[-68.506561,-31.54489],[-68.506837,-31.543855],[-68.50721,-31.542356],[-68.508121,-31.539708],[-68.508166,-31.539038],[-68.508182,-31.537993],[-68.507978,-31.53536],[-68.507977,-31.53534],[-68.508626,-31.535363],[-68.509134,-31.535381],[-68.508466,-31.533512],[-68.508038,-31.531599],[-68.50794,-31.530438],[-68.508149,-31.528277],[-68.508631,-31.525814],[-68.509187,-31.523245],[-68.509414,-31.521643],[-68.509218,-31.520293],[-68.510126,-31.520145],[-68.510034,-31.519584],[-68.50993,-31.51747],[-68.509864,-31.51632],[-68.509823,-31.515726],[-68.509466,-31.512399],[-68.509341,-31.511398],[-68.508818,-31.506463],[-68.50864,-31.504918],[-68.508587,-31.504904],[-68.507962,-31.504752],[-68.507051,-31.504529],[-68.501543,-31.503516],[-68.501498,-31.503508],[-68.496187,-31.501883],[-68.49483,-31.501523],[-68.492114,-31.500939],[-68.489909,-31.500525],[-68.488011,-31.500251],[-68.485933,-31.499952],[-68.477844,-31.4984],[-68.474813,-31.497796],[-68.474165,-31.497684],[-68.47253,-31.497399],[-68.471723,-31.497277],[-68.464841,-31.498278],[-68.462987,-31.49871],[-68.457046,-31.50044],[-68.453875,-31.501428],[-68.45154,-31.502155],[-68.444621,-31.504235],[-68.433833,-31.507478],[-68.432252,-31.507838],[-68.43198,-31.5079],[-68.43066,-31.5082]]]]}},{"type":"Feature","id":"70105","properties":{"id":70105,"in1":"70105","departamento":"SARMIENTO","nombre":"Sarmiento","fna":"Departamento Sarmiento","cabecera":"Media Agua","provincia":"SAN JUAN","fuente":"Instituto Geográfico Nacional (IGN)"},"geometry":{"type":"MultiPolygon","coordinates":[[[[-68.41192,-31.833005],[-68.410718,-31.834303],[-68.408577,-31.834031],[-68.403049,-31.833331],[-68.398056,-31.837235],[-68.398142,-31.837715],[-68.399095,-31.843073],[-68.399107,-31.843142],[-68.397609,-31.846987],[-68.395364,-31.85275],[-68.393858,-31.856616],[-68.39254,-31.857585],[-68.390256,-31.859263],[-68.380784,-31.857737],[-68.370952,-31.856593],[-68.370858,-31.856582],[-68.370154,-31.856501],[-68.362731,-31.858178],[-68.361275,-31.858507],[-68.357762,-31.859301],[-68.358679,-31.86188],[-68.359713,-31.864786],[-68.360557,-31.867159],[-68.361278,-31.869188],[-68.360956,-31.869304],[-68.355572,-31.871241],[-68.354786,-31.871524],[-68.353797,-31.876086],[-68.352612,-31.881549],[-68.352326,-31.882871],[-68.352157,-31.883649],[-68.351989,-31.885518],[-68.350902,-31.897657],[-68.347333,-31.911554],[-68.346382,-31.915201],[-68.34206,-31.91981],[-68.340074,-31.921927],[-68.328796,-31.930174],[-68.323921,-31.932848],[-68.316936,-31.938436],[-68.313005,-31.93802],[-68.302831,-31.95188],[-68.303466,-31.953539],[-68.303896,-31.95466],[-68.305862,-31.959793],[-68.306272,-31.960864],[-68.307851,-31.964988],[-68.303012,-31.969804],[-68.296358,-31.97466],[-68.293049,-31.976336],[-68.289575,-31.978095],[-68.289418,-31.978174],[-68.288158,-31.979996],[-68.286199,-31.982829],[-68.285824,-31.983371],[-68.285184,-31.984296],[-68.287739,-31.98641],[-68.291397,-31.989437],[-68.291863,-31.989823],[-68.292486,-31.991203],[-68.292767,-31.991826],[-68.291991,-31.995807],[-68.290476,-31.996836],[-68.289134,-31.996683],[-68.288665,-31.99663],[-68.288117,-31.997309],[-68.287853,-31.999526],[-68.287485,-32.002621],[-68.287392,-32.003402],[-68.285331,-32.006174],[-68.28466,-32.007075],[-68.284353,-32.008717],[-68.284228,-32.009388],[-68.284254,-32.010904],[-68.284573,-32.013216],[-68.283312,-32.019163],[-68.28277,-32.020688],[-68.278114,-32.024157],[-68.274296,-32.023902],[-68.273668,-32.025083],[-68.272822,-32.026674],[-68.272093,-32.028046],[-68.268327,-32.029306],[-68.266831,-32.030823],[-68.26651,-32.031742],[-68.267092,-32.032675],[-68.268191,-32.033237],[-68.268287,-32.033286],[-68.268267,-32.033366],[-68.268111,-32.033993],[-68.265681,-32.036371],[-68.265865,-32.037661],[-68.267447,-32.041257],[-68.267669,-32.041415],[-68.271483,-32.044125],[-68.272048,-32.044527],[-68.275269,-32.047175],[-68.276196,-32.048488],[-68.276317,-32.050718],[-68.271945,-32.051421],[-68.27164,-32.054254],[-68.272882,-32.05631],[-68.273061,-32.056379],[-68.276451,-32.057702],[-68.277263,-32.059412],[-68.278767,-32.061104],[-68.281596,-32.063598],[-68.282099,-32.064046],[-68.28565,-32.067172],[-68.286136,-32.067555],[-68.288697,-32.069085],[-68.289005,-32.069267],[-68.291721,-32.070871],[-68.292463,-32.072038],[-68.293237,-32.073665],[-68.300042,-32.08493],[-68.301211,-32.086254],[-68.301947,-32.090283],[-68.308481,-32.088913],[-68.312153,-32.090741],[-68.315061,-32.092188],[-68.320439,-32.097006],[-68.32394,-32.102047],[-68.332007,-32.11008],[-68.333611,-32.124057],[-68.330926,-32.12864],[-68.32586,-32.131837],[-68.323988,-32.13302],[-68.31909,-32.136188],[-68.317246,-32.136642],[-68.315313,-32.136533],[-68.313799,-32.13634],[-68.312478,-32.136232],[-68.310417,-32.136228],[-68.308568,-32.135554],[-68.306923,-32.1351],[-68.305223,-32.134855],[-68.303955,-32.134667],[-68.302444,-32.134473],[-68.301178,-32.134388],[-68.300586,-32.134791],[-68.300155,-32.135085],[-68.299221,-32.136002],[-68.299024,-32.136874],[-68.299294,-32.137574],[-68.299311,-32.137619],[-68.301037,-32.139167],[-68.301063,-32.13919],[-68.312796,-32.13919],[-68.461208,-32.139189],[-68.461209,-32.238052],[-68.511561,-32.263378],[-68.512926,-32.264065],[-68.513977,-32.264594],[-68.605533,-32.308343],[-68.665655,-32.337072],[-68.665662,-32.337072],[-68.665713,-32.337097],[-68.687841,-32.33718],[-68.692959,-32.337199],[-68.701794,-32.337232],[-68.789508,-32.337561],[-68.8061,-32.337623],[-68.861781,-32.337832],[-68.879758,-32.3379],[-68.917185,-32.33804],[-68.91727,-32.33804],[-68.917613,-32.338042],[-68.917613,-32.33794],[-68.917614,-32.33794],[-68.917615,-32.133176],[-68.917615,-32.117332],[-68.917615,-32.116173],[-68.917615,-32.114943],[-68.917615,-32.114791],[-68.917615,-32.114729],[-68.917615,-32.114675],[-68.917615,-32.114646],[-68.917851,-32.114612],[-68.921244,-32.114113],[-68.944461,-32.110699],[-68.951419,-32.109676],[-68.952787,-32.109475],[-68.955075,-32.109139],[-68.955432,-32.109086],[-68.955778,-32.109036],[-68.95679,-32.108887],[-68.960004,-32.109372],[-68.965054,-32.110134],[-68.967856,-32.110557],[-68.968068,-32.110589],[-68.969153,-32.110752],[-68.969902,-32.110865],[-68.970104,-32.110896],[-68.978026,-32.112091],[-68.978155,-32.112111],[-68.981399,-32.1126],[-68.983889,-32.112976],[-68.987784,-32.113963],[-68.98927,-32.114921],[-68.990514,-32.115371],[-68.992425,-32.116062],[-68.993202,-32.116343],[-68.996198,-32.117426],[-68.99689,-32.117676],[-68.998083,-32.117929],[-68.999363,-32.117929],[-69.000343,-32.117929],[-69.001771,-32.117929],[-69.00296,-32.117453],[-69.005578,-32.117096],[-69.007006,-32.117215],[-69.008146,-32.117152],[-69.011241,-32.116636],[-69.012096,-32.116051],[-69.013149,-32.115937],[-69.014029,-32.115152],[-69.0151,-32.114605],[-69.016385,-32.11382],[-69.01717,-32.113177],[-69.017209,-32.111669],[-69.017385,-32.108728],[-69.017646,-32.107705],[-69.018194,-32.107205],[-69.019421,-32.106252],[-69.019717,-32.105713],[-69.02076,-32.104661],[-69.020798,-32.104624],[-69.021535,-32.103881],[-69.022234,-32.103177],[-69.022234,-32.102701],[-69.02321,-32.101156],[-69.023571,-32.099519],[-69.02369,-32.098901],[-69.024071,-32.097735],[-69.024951,-32.09714],[-69.025237,-32.096949],[-69.025522,-32.096711],[-69.025855,-32.095498],[-69.025974,-32.095308],[-69.026165,-32.094903],[-69.026379,-32.094451],[-69.026593,-32.093761],[-69.026879,-32.092999],[-69.02714,-32.092619],[-69.027521,-32.092024],[-69.028592,-32.092048],[-69.029948,-32.091976],[-69.031233,-32.091881],[-69.031947,-32.091643],[-69.03307,-32.091366],[-69.033479,-32.091147],[-69.034421,-32.090644],[-69.035523,-32.09061],[-69.036849,-32.091072],[-69.037372,-32.090953],[-69.038086,-32.09012],[-69.038181,-32.089787],[-69.038831,-32.088666],[-69.038895,-32.087931],[-69.039061,-32.087241],[-69.039228,-32.086599],[-69.039514,-32.086147],[-69.039847,-32.086075],[-69.04056,-32.085861],[-69.041417,-32.085552],[-69.042892,-32.085504],[-69.043746,-32.085353],[-69.044487,-32.085647],[-69.045843,-32.085338],[-69.048222,-32.084767],[-69.048889,-32.084719],[-69.050126,-32.084624],[-69.050483,-32.084267],[-69.050795,-32.083647],[-69.052125,-32.081626],[-69.052815,-32.080936],[-69.0541,-32.07977],[-69.055051,-32.079199],[-69.05626,-32.079144],[-69.057331,-32.078668],[-69.058997,-32.076765],[-69.060305,-32.076051],[-69.060531,-32.075946],[-69.062095,-32.075986],[-69.064522,-32.075463],[-69.065164,-32.074202],[-69.066163,-32.073107],[-69.067094,-32.070277],[-69.067773,-32.068601],[-69.067234,-32.067135],[-69.06752,-32.066159],[-69.0679,-32.064993],[-69.06857,-32.064736],[-69.069756,-32.064279],[-69.070946,-32.06328],[-69.071398,-32.062899],[-69.072088,-32.06259],[-69.073389,-32.062411],[-69.073683,-32.061805],[-69.073825,-32.061448],[-69.073968,-32.060639],[-69.074468,-32.060567],[-69.075182,-32.059568],[-69.075547,-32.058761],[-69.075692,-32.058638],[-69.076124,-32.058273],[-69.078775,-32.05707],[-69.080036,-32.056641],[-69.08184,-32.055825],[-69.082355,-32.055506],[-69.082731,-32.055273],[-69.084338,-32.054279],[-69.085586,-32.053031],[-69.085485,-32.052287],[-69.085627,-32.051549],[-69.085953,-32.051003],[-69.086222,-32.05055],[-69.086389,-32.050312],[-69.086532,-32.049693],[-69.086532,-32.049241],[-69.086175,-32.04848],[-69.085462,-32.04478],[-69.085889,-32.043768],[-69.086508,-32.043102],[-69.086822,-32.041845],[-69.087312,-32.041192],[-69.088264,-32.039764],[-69.088431,-32.039514],[-69.089792,-32.038415],[-69.090672,-32.037391],[-69.091481,-32.036749],[-69.092052,-32.036249],[-69.092932,-32.034322],[-69.094217,-32.032228],[-69.09436,-32.031895],[-69.095264,-32.031443],[-69.095907,-32.03149],[-69.097334,-32.031229],[-69.098524,-32.031014],[-69.09969,-32.030919],[-69.102174,-32.030406],[-69.102593,-32.0308],[-69.103069,-32.031038],[-69.103402,-32.030729],[-69.10452,-32.029563],[-69.1059,-32.028302],[-69.106662,-32.027945],[-69.108256,-32.026922],[-69.109203,-32.025368],[-69.110631,-32.024654],[-69.110819,-32.024481],[-69.11292,-32.023305],[-69.114319,-32.022037],[-69.115609,-32.021259],[-69.116132,-32.020854],[-69.116441,-32.020545],[-69.116626,-32.019401],[-69.116699,-32.018284],[-69.116132,-32.014406],[-69.115466,-32.012288],[-69.114752,-32.010242],[-69.113253,-32.00791],[-69.112753,-32.006911],[-69.11361,-32.006625],[-69.114324,-32.006078],[-69.114989,-32.005333],[-69.115066,-32.005213],[-69.115569,-32.004431],[-69.116403,-32.003869],[-69.117365,-32.00205],[-69.11746,-32.00187],[-69.117845,-32.001645],[-69.118093,-32.001558],[-69.119423,-32.001088],[-69.119897,-32.00166],[-69.121463,-32.002544],[-69.122961,-32.002954],[-69.124035,-32.002907],[-69.124873,-32.002871],[-69.125697,-32.002835],[-69.126445,-32.001907],[-69.12652,-32.000199],[-69.12653,-31.999989],[-69.126632,-31.997654],[-69.127297,-31.996228],[-69.128064,-31.993922],[-69.128277,-31.993281],[-69.128274,-31.992938],[-69.128263,-31.991796],[-69.128239,-31.989067],[-69.128786,-31.986965],[-69.128852,-31.986144],[-69.128932,-31.985143],[-69.128476,-31.982882],[-69.128452,-31.982763],[-69.12807,-31.981717],[-69.127688,-31.980672],[-69.125792,-31.979122],[-69.124774,-31.978486],[-69.123692,-31.977809],[-69.123271,-31.977547],[-69.123021,-31.97742],[-69.122871,-31.977344],[-69.120625,-31.976205],[-69.12026,-31.975676],[-69.119713,-31.974881],[-69.118589,-31.972483],[-69.117635,-31.971113],[-69.117527,-31.96976],[-69.117585,-31.965414],[-69.115243,-31.962268],[-69.114098,-31.959961],[-69.114547,-31.959285],[-69.115101,-31.958454],[-69.115998,-31.956586],[-69.11643,-31.955287],[-69.11693,-31.952927],[-69.117103,-31.952112],[-69.117328,-31.949644],[-69.117416,-31.948685],[-69.116979,-31.946719],[-69.116479,-31.945798],[-69.116131,-31.94516],[-69.115795,-31.944841],[-69.110879,-31.940195],[-69.110096,-31.939303],[-69.109789,-31.9377],[-69.1095,-31.936193],[-69.110102,-31.935669],[-69.112468,-31.933638],[-69.114443,-31.93084],[-69.115245,-31.930109],[-69.115463,-31.929757],[-69.115826,-31.929171],[-69.116259,-31.928584],[-69.116596,-31.927493],[-69.116838,-31.926721],[-69.116975,-31.926284],[-69.117342,-31.924272],[-69.117816,-31.923488],[-69.117997,-31.92319],[-69.119041,-31.920679],[-69.119051,-31.920654],[-69.118754,-31.920087],[-69.117399,-31.918813],[-69.115917,-31.91742],[-69.115969,-31.916608],[-69.116452,-31.914164],[-69.116564,-31.91372],[-69.117241,-31.911052],[-69.117641,-31.90978],[-69.117766,-31.908301],[-69.117641,-31.90806],[-68.790153,-31.90764],[-68.688909,-31.907167],[-68.686435,-31.906589],[-68.685919,-31.906469],[-68.541482,-31.872758],[-68.541327,-31.872762],[-68.539025,-31.872825],[-68.520155,-31.873342],[-68.515423,-31.873471],[-68.445812,-31.875324],[-68.443168,-31.875435],[-68.443113,-31.876624],[-68.433589,-31.887581],[-68.433229,-31.887994],[-68.432831,-31.886504],[-68.432766,-31.885701],[-68.432684,-31.879994],[-68.432587,-31.877663],[-68.432589,-31.877358],[-68.432575,-31.877193],[-68.432546,-31.877091],[-68.432341,-31.87647],[-68.431721,-31.874367],[-68.431183,-31.872506],[-68.430918,-31.871588],[-68.430684,-31.870869],[-68.430708,-31.870596],[-68.430851,-31.870184],[-68.431959,-31.866468],[-68.433144,-31.862494],[-68.435823,-31.853475],[-68.443244,-31.839713],[-68.443348,-31.839521],[-68.443412,-31.839395],[-68.45305,-31.820462],[-68.453529,-31.81952],[-68.453617,-31.819227],[-68.453576,-31.818823],[-68.454126,-31.817666],[-68.453874,-31.817832],[-68.451559,-31.819393],[-68.45097,-31.819791],[-68.449767,-31.820449],[-68.449181,-31.820786],[-68.445671,-31.822788],[-68.419407,-31.830664],[-68.41396,-31.830801],[-68.413236,-31.831583],[-68.41192,-31.833005]]]]}},{"type":"Feature","id":"70112","properties":{"id":70112,"in1":"70112","departamento":"ULLUM","nombre":"Ullum","fna":"Departamento Ullum","cabecera":"Villa Ibáñez","provincia":"SAN JUAN","fuente":"Instituto Geográfico Nacional (IGN)"},"geometry":{"type":"MultiPolygon","coordinates":[[[[-68.5511,-31.289108],[-68.55149,-31.289434],[-68.551749,-31.29031],[-68.551848,-31.291483],[-68.551693,-31.293322],[-68.551752,-31.296245],[-68.552252,-31.297257],[-68.554135,-31.29886],[-68.555413,-31.299577],[-68.557739,-31.300883],[-68.558503,-31.301301],[-68.559068,-31.30188],[-68.559274,-31.302638],[-68.559292,-31.303423],[-68.558929,-31.304711],[-68.558352,-31.30682],[-68.558147,-31.307992],[-68.558851,-31.310023],[-68.559162,-31.31108],[-68.560124,-31.311985],[-68.560436,-31.312536],[-68.561465,-31.314912],[-68.562638,-31.317982],[-68.563657,-31.320313],[-68.56376,-31.320845],[-68.56341,-31.321484],[-68.562668,-31.322925],[-68.562443,-31.323844],[-68.56242,-31.324331],[-68.56268,-31.32481],[-68.563046,-31.325163],[-68.564114,-31.326113],[-68.564751,-31.326801],[-68.565374,-31.32849],[-68.565767,-31.329826],[-68.566078,-31.330792],[-68.566781,-31.333302],[-68.587749,-31.359652],[-68.595745,-31.385657],[-68.601453,-31.400657],[-68.60524,-31.45065],[-68.615139,-31.459026],[-68.616745,-31.463282],[-68.617099,-31.465888],[-68.617099,-31.465887],[-68.625826,-31.479887],[-68.630693,-31.489998],[-68.634587,-31.496074],[-68.64094,-31.500189],[-68.641301,-31.500728],[-68.642091,-31.502473],[-68.642534,-31.50213],[-68.642663,-31.502029],[-68.643036,-31.501457],[-68.643237,-31.500927],[-68.643362,-31.500588],[-68.643661,-31.500101],[-68.643885,-31.499762],[-68.64411,-31.49938],[-68.644482,-31.499126],[-68.645079,-31.498576],[-68.645089,-31.498555],[-68.645273,-31.497831],[-68.645234,-31.497359],[-68.645297,-31.4968],[-68.645668,-31.495649],[-68.645671,-31.495073],[-68.645168,-31.493216],[-68.645078,-31.492657],[-68.645233,-31.492295],[-68.645684,-31.491624],[-68.646247,-31.490805],[-68.646584,-31.490482],[-68.647005,-31.489781],[-68.647119,-31.489196],[-68.647182,-31.488681],[-68.647042,-31.488],[-68.646903,-31.487043],[-68.646731,-31.486667],[-68.646672,-31.486073],[-68.646624,-31.485506],[-68.646678,-31.484567],[-68.646782,-31.48414],[-68.647192,-31.483486],[-68.647406,-31.48326],[-68.647632,-31.482859],[-68.647919,-31.48251],[-68.648155,-31.482013],[-68.64834,-31.481437],[-68.648311,-31.481123],[-68.648201,-31.48066],[-68.648111,-31.479852],[-68.648013,-31.478284],[-68.648125,-31.476135],[-68.648499,-31.474031],[-68.648879,-31.473468],[-68.649638,-31.472937],[-68.650663,-31.472482],[-68.651705,-31.472364],[-68.65231,-31.472295],[-68.654318,-31.4723],[-68.654308,-31.472292],[-68.655315,-31.47239],[-68.656095,-31.472676],[-68.656892,-31.472845],[-68.65993,-31.473011],[-68.660722,-31.473541],[-68.661517,-31.474161],[-68.662421,-31.475101],[-68.663087,-31.475761],[-68.663512,-31.476091],[-68.664334,-31.476517],[-68.665244,-31.476691],[-68.667893,-31.478817],[-68.668402,-31.479355],[-68.668697,-31.479888],[-68.668923,-31.480719],[-68.669219,-31.481265],[-68.670181,-31.482075],[-68.670634,-31.482721],[-68.671199,-31.483696],[-68.671494,-31.484509],[-68.671721,-31.485037],[-68.672001,-31.48607],[-68.672195,-31.487067],[-68.672278,-31.488078],[-68.672742,-31.489373],[-68.673208,-31.490091],[-68.673957,-31.491067],[-68.676476,-31.493874],[-68.676957,-31.494727],[-68.677268,-31.495301],[-68.677764,-31.495911],[-68.6788,-31.496193],[-68.679836,-31.496196],[-68.68046,-31.49617],[-68.682164,-31.496373],[-68.683075,-31.496411],[-68.684426,-31.495986],[-68.68589,-31.495624],[-68.689088,-31.495488],[-68.690281,-31.49532],[-68.691518,-31.495237],[-68.692399,-31.495347],[-68.693364,-31.495548],[-68.694415,-31.495875],[-68.69508,-31.496134],[-68.69606,-31.496501],[-68.697097,-31.496675],[-68.69883,-31.496787],[-68.69957,-31.496861],[-68.700363,-31.497147],[-68.701542,-31.49733],[-68.703544,-31.49747],[-68.705164,-31.497803],[-68.706938,-31.49833],[-68.708429,-31.498771],[-68.709946,-31.499262],[-68.711223,-31.499801],[-68.712048,-31.500204],[-68.713039,-31.500509],[-68.713962,-31.50066],[-68.715028,-31.500685],[-68.716448,-31.500882],[-68.717272,-31.501077],[-68.717839,-31.501363],[-68.718961,-31.501812],[-68.719685,-31.501926],[-68.720821,-31.502059],[-68.723053,-31.502064],[-68.724415,-31.502238],[-68.726049,-31.502585],[-68.729316,-31.503088],[-68.730155,-31.50313],[-68.731363,-31.502961],[-68.732371,-31.503031],[-68.73347,-31.503425],[-68.734823,-31.504109],[-68.736025,-31.504396],[-68.736614,-31.50442],[-68.737587,-31.504665],[-68.738864,-31.505565],[-68.739784,-31.505964],[-68.740754,-31.50616],[-68.742162,-31.506185],[-68.744645,-31.505992],[-68.745874,-31.50571],[-68.746514,-31.505603],[-68.748655,-31.505977],[-68.749918,-31.50597],[-68.751603,-31.505929],[-68.752645,-31.505949],[-68.753792,-31.505996],[-68.754624,-31.506052],[-68.75616,-31.506235],[-68.757844,-31.506572],[-68.758843,-31.506844],[-68.759832,-31.507117],[-68.761062,-31.507471],[-68.762104,-31.507698],[-68.763293,-31.507899],[-68.764461,-31.508054],[-68.765976,-31.508319],[-68.766881,-31.50842],[-68.767703,-31.508412],[-68.769334,-31.508397],[-68.770934,-31.508553],[-68.77207,-31.508763],[-68.773133,-31.508882],[-68.773922,-31.5091],[-68.775511,-31.509499],[-68.776595,-31.509781],[-68.777815,-31.510153],[-68.77913,-31.510344],[-68.780552,-31.51032],[-68.78152,-31.51033],[-68.782814,-31.51054],[-68.783624,-31.510812],[-68.784298,-31.511011],[-68.78595,-31.511177],[-68.786793,-31.510998],[-68.787382,-31.510917],[-68.788162,-31.51072],[-68.788794,-31.510595],[-68.789846,-31.510669],[-68.791256,-31.51114],[-68.79174,-31.511375],[-68.792926,-31.512884],[-68.793377,-31.513507],[-68.793681,-31.514156],[-68.794037,-31.514851],[-68.794447,-31.515465],[-68.795035,-31.516044],[-68.795413,-31.516459],[-68.795886,-31.516766],[-68.796728,-31.517129],[-68.79779,-31.517509],[-68.798505,-31.517736],[-68.79901,-31.51798],[-68.799547,-31.518242],[-68.800251,-31.518532],[-68.800988,-31.518813],[-68.801587,-31.519084],[-68.802555,-31.519392],[-68.803418,-31.519736],[-68.804407,-31.520027],[-68.804944,-31.520154],[-68.80548,-31.52029],[-68.805996,-31.520345],[-68.806691,-31.520346],[-68.80786,-31.52023],[-68.80846,-31.520096],[-68.809545,-31.51998],[-68.810524,-31.519864],[-68.811145,-31.519793],[-68.811714,-31.519695],[-68.812294,-31.519551],[-68.813221,-31.519282],[-68.813969,-31.518959],[-68.815285,-31.518618],[-68.815833,-31.518664],[-68.816422,-31.518701],[-68.817201,-31.518684],[-68.817928,-31.51864],[-68.818665,-31.51855],[-68.819181,-31.518425],[-68.819971,-31.518173],[-68.820982,-31.517985],[-68.822172,-31.51778],[-68.823499,-31.517646],[-68.824762,-31.517837],[-68.825352,-31.517892],[-68.825846,-31.518037],[-68.828795,-31.517446],[-68.830533,-31.516988],[-68.830618,-31.51651],[-68.830756,-31.515979],[-68.830852,-31.515194],[-68.83098,-31.514563],[-68.831223,-31.513851],[-68.831634,-31.513527],[-68.832371,-31.513419],[-68.83373,-31.513268],[-68.834445,-31.513341],[-68.835003,-31.513296],[-68.836046,-31.513235],[-68.836836,-31.513127],[-68.838056,-31.513273],[-68.839119,-31.513572],[-68.840424,-31.513826],[-68.841614,-31.513972],[-68.842403,-31.514027],[-68.843635,-31.514038],[-68.845151,-31.513715],[-68.846036,-31.5135],[-68.846636,-31.513329],[-68.847226,-31.513122],[-68.848553,-31.512601],[-68.849428,-31.512358],[-68.849996,-31.512179],[-68.851797,-31.512199],[-68.852428,-31.512263],[-68.853175,-31.512309],[-68.853933,-31.512309],[-68.854544,-31.512175],[-68.855429,-31.511842],[-68.856208,-31.511599],[-68.856809,-31.511474],[-68.857504,-31.511421],[-68.858619,-31.511485],[-68.859966,-31.511883],[-68.860703,-31.512326],[-68.861197,-31.512588],[-68.861997,-31.512932],[-68.863448,-31.513546],[-68.864533,-31.513737],[-68.865459,-31.513738],[-68.866175,-31.513649],[-68.867123,-31.513451],[-68.867839,-31.513326],[-68.86866,-31.513245],[-68.869208,-31.513165],[-68.870376,-31.513256],[-68.871113,-31.513437],[-68.87187,-31.51369],[-68.87246,-31.513944],[-68.873743,-31.51426],[-68.874985,-31.514631],[-68.875617,-31.51474],[-68.876206,-31.514867],[-68.877722,-31.515049],[-68.878269,-31.515077],[-68.879153,-31.515168],[-68.880111,-31.515214],[-68.881659,-31.515053],[-68.882807,-31.515081],[-68.88347,-31.515154],[-68.884059,-31.515226],[-68.885281,-31.515209],[-68.885933,-31.515372],[-68.886912,-31.515869],[-68.887659,-31.516113],[-68.888143,-31.516303],[-68.888711,-31.516493],[-68.889406,-31.516674],[-68.890237,-31.51718],[-68.890942,-31.517487],[-68.892131,-31.51765],[-68.892921,-31.517444],[-68.895154,-31.517013],[-68.89607,-31.516635],[-68.896702,-31.51641],[-68.897523,-31.516329],[-68.898155,-31.516447],[-68.899133,-31.517133],[-68.899554,-31.517395],[-68.900133,-31.517639],[-68.900964,-31.518009],[-68.901427,-31.518253],[-68.902122,-31.518524],[-68.902679,-31.518741],[-68.903332,-31.519057],[-68.904089,-31.519527],[-68.904847,-31.519726],[-68.905731,-31.519934],[-68.906458,-31.52007],[-68.907573,-31.52026],[-68.908321,-31.520342],[-68.909016,-31.520252],[-68.91009,-31.519991],[-68.910964,-31.51992],[-68.911817,-31.520055],[-68.91229,-31.520218],[-68.913143,-31.520579],[-68.913785,-31.52076],[-68.914995,-31.520869],[-68.915764,-31.520744],[-68.916269,-31.520924],[-68.916479,-31.521438],[-68.917237,-31.521818],[-68.917911,-31.521818],[-68.918858,-31.521774],[-68.919912,-31.521314],[-68.920692,-31.520124],[-68.921261,-31.519313],[-68.921703,-31.519025],[-68.922293,-31.518736],[-68.922799,-31.518295],[-68.923599,-31.517853],[-68.924474,-31.517565],[-68.925137,-31.517376],[-68.926222,-31.517133],[-68.926948,-31.517026],[-68.927696,-31.516972],[-68.928727,-31.516864],[-68.929622,-31.516684],[-68.930338,-31.516577],[-68.931697,-31.51646],[-68.932644,-31.516443],[-68.933128,-31.516605],[-68.933781,-31.516723],[-68.934402,-31.516894],[-68.935275,-31.517337],[-68.936118,-31.517391],[-68.937192,-31.51722],[-68.937834,-31.516986],[-68.938329,-31.516797],[-68.940035,-31.516464],[-68.941024,-31.516113],[-68.941604,-31.516113],[-68.942446,-31.516023],[-68.942972,-31.516006],[-68.943972,-31.516006],[-68.944499,-31.51597],[-68.945078,-31.516061],[-68.945878,-31.516223],[-68.946373,-31.516341],[-68.947099,-31.516521],[-68.947583,-31.516639],[-68.948562,-31.516973],[-68.950141,-31.516604],[-68.950752,-31.51627],[-68.9513,-31.515946],[-68.952858,-31.515469],[-68.953374,-31.515279],[-68.953879,-31.515216],[-68.954469,-31.515541],[-68.9549,-31.51583],[-68.955237,-31.5162],[-68.955795,-31.516651],[-68.956553,-31.51676],[-68.957795,-31.517076],[-68.958279,-31.517202],[-68.95909,-31.517365],[-68.959669,-31.517491],[-68.961079,-31.5176],[-68.961964,-31.517726],[-68.962669,-31.51788],[-68.963522,-31.518214],[-68.964037,-31.518557],[-68.964816,-31.518954],[-68.965595,-31.519206],[-68.96628,-31.519405],[-68.966764,-31.518611],[-68.966638,-31.517935],[-68.966523,-31.51651],[-68.966944,-31.515762],[-68.967734,-31.515365],[-68.968597,-31.515401],[-68.970008,-31.515925],[-68.970566,-31.516277],[-68.971566,-31.517097],[-68.972134,-31.51744],[-68.973713,-31.517549],[-68.974892,-31.517035],[-68.975366,-31.516575],[-68.975798,-31.515971],[-68.976293,-31.515782],[-68.977167,-31.516296],[-68.977367,-31.516765],[-68.977735,-31.517198],[-68.97823,-31.517748],[-68.978672,-31.518253],[-68.97923,-31.518605],[-68.979798,-31.51874],[-68.980545,-31.519056],[-68.981472,-31.519092],[-68.982104,-31.518822],[-68.982641,-31.518759],[-68.983325,-31.518552],[-68.984041,-31.51847],[-68.984515,-31.518912],[-68.98463,-31.519769],[-68.984778,-31.520572],[-68.985293,-31.52105],[-68.985988,-31.521167],[-68.986957,-31.521267],[-68.987494,-31.520825],[-68.987915,-31.520356],[-68.988315,-31.519878],[-68.988989,-31.519274],[-68.989442,-31.51894],[-68.99001,-31.518624],[-68.990526,-31.518453],[-68.991158,-31.518345],[-68.991905,-31.518273],[-68.992411,-31.518408],[-68.992948,-31.51867],[-68.993685,-31.519274],[-68.994116,-31.51968],[-68.994695,-31.520023],[-68.995359,-31.519996],[-68.995864,-31.519779],[-68.996348,-31.519166],[-68.996496,-31.518751],[-68.996664,-31.518147],[-68.997085,-31.517407],[-68.997496,-31.516803],[-68.997928,-31.515964],[-68.998096,-31.515459],[-68.998296,-31.514891],[-68.998412,-31.514251],[-68.99837,-31.513493],[-68.998286,-31.51297],[-68.998128,-31.512348],[-68.997928,-31.511797],[-68.997643,-31.511283],[-68.997043,-31.510508],[-68.996875,-31.510003],[-68.997138,-31.509317],[-68.997549,-31.508722],[-68.998065,-31.507973],[-68.99818,-31.507441],[-68.998201,-31.506963],[-68.998149,-31.505944],[-68.997791,-31.505475],[-68.997254,-31.505187],[-68.996559,-31.504763],[-68.995991,-31.504492],[-68.995391,-31.504149],[-68.99457,-31.503662],[-68.993981,-31.50267],[-68.993654,-31.501949],[-68.993739,-31.500298],[-68.993876,-31.498738],[-68.993663,-31.496014],[-68.99321,-31.495243],[-68.992384,-31.49279],[-68.991855,-31.4904],[-68.991856,-31.487239],[-68.992082,-31.485043],[-68.992158,-31.483753],[-68.992535,-31.481494],[-68.992988,-31.479171],[-68.993364,-31.476394],[-68.99359,-31.474071],[-68.993814,-31.471812],[-68.993814,-31.470585],[-68.994643,-31.467551],[-68.995848,-31.46581],[-68.996527,-31.463745],[-68.996677,-31.46245],[-68.997432,-31.460967],[-68.998097,-31.460065],[-68.998334,-31.459614],[-68.999107,-31.458883],[-68.999967,-31.457945],[-69.000767,-31.457526],[-69.001385,-31.456719],[-69.002122,-31.455068],[-69.0024,-31.453882],[-69.002243,-31.453107],[-69.001958,-31.452263],[-69.001851,-31.45165],[-69.001585,-31.45119],[-69.001711,-31.449864],[-69.003344,-31.448764],[-69.003818,-31.448498],[-69.004559,-31.448106],[-69.00493,-31.446739],[-69.004425,-31.44586],[-69.00372,-31.444593],[-69.003139,-31.443231],[-69.002929,-31.441743],[-69.00275,-31.440715],[-69.003102,-31.439556],[-69.00366,-31.43786],[-69.003736,-31.435858],[-69.003223,-31.434478],[-69.002899,-31.433671],[-69.002668,-31.432638],[-69.002707,-31.431434],[-69.003078,-31.429518],[-69.003026,-31.428183],[-69.002689,-31.426956],[-69.002163,-31.425833],[-69.001642,-31.423389],[-69.001997,-31.420679],[-69.002615,-31.419394],[-69.003656,-31.418402],[-69.004965,-31.416539],[-69.005512,-31.415651],[-69.00607,-31.414681],[-69.006464,-31.413441],[-69.006693,-31.412214],[-69.006771,-31.411164],[-69.007,-31.40973],[-69.00746,-31.408241],[-69.008156,-31.405572],[-69.008443,-31.404201],[-69.008519,-31.402379],[-69.008842,-31.401937],[-69.009136,-31.401184],[-69.008774,-31.400747],[-69.008513,-31.400296],[-69.007888,-31.399299],[-69.007459,-31.398677],[-69.007364,-31.398217],[-69.007357,-31.397594],[-69.007312,-31.396675],[-69.007388,-31.396016],[-69.007906,-31.394429],[-69.008663,-31.393721],[-69.009304,-31.393567],[-69.010826,-31.392449],[-69.011157,-31.391439],[-69.011128,-31.390212],[-69.011298,-31.388453],[-69.011248,-31.386875],[-69.010799,-31.385477],[-69.010141,-31.383836],[-69.009781,-31.383164],[-69.009014,-31.381883],[-69.008467,-31.380936],[-69.008039,-31.380494],[-69.007826,-31.379588],[-69.007757,-31.378262],[-69.007757,-31.37612],[-69.007788,-31.374934],[-69.007194,-31.371827],[-69.006264,-31.368819],[-69.005835,-31.367376],[-69.005473,-31.366145],[-69.005554,-31.365045],[-69.006022,-31.363674],[-69.006584,-31.363281],[-69.008124,-31.362763],[-69.009522,-31.362677],[-69.011067,-31.362208],[-69.013035,-31.361333],[-69.01381,-31.360828],[-69.016453,-31.358573],[-69.017367,-31.356512],[-69.018278,-31.354816],[-69.019628,-31.352606],[-69.019873,-31.352214],[-69.020035,-31.351194],[-69.020001,-31.349869],[-69.019675,-31.348151],[-69.019138,-31.346545],[-69.019007,-31.344998],[-69.019007,-31.344299],[-69.018935,-31.343546],[-69.019017,-31.342387],[-69.019258,-31.341323],[-69.019731,-31.34075],[-69.020096,-31.34011],[-69.020437,-31.339677],[-69.020991,-31.338838],[-69.021719,-31.338301],[-69.022189,-31.337877],[-69.022764,-31.337372],[-69.023476,-31.336213],[-69.023449,-31.335424],[-69.023399,-31.334319],[-69.023337,-31.33361],[-69.02327,-31.332844],[-69.023454,-31.331086],[-69.023306,-31.330581],[-69.023317,-31.330098],[-69.023989,-31.328867],[-69.024706,-31.327951],[-69.025031,-31.327496],[-69.025586,-31.32713],[-69.026145,-31.326337],[-69.027489,-31.325182],[-69.027668,-31.324266],[-69.028025,-31.32359],[-69.028153,-31.322629],[-69.0283,-31.321926],[-69.029424,-31.320464],[-69.030043,-31.319571],[-69.03128,-31.318809],[-69.031926,-31.317591],[-69.032235,-31.316608],[-69.033396,-31.315503],[-69.034244,-31.314677],[-69.038818,-31.313143],[-69.041366,-31.312457],[-69.042392,-31.31196],[-69.043007,-31.311401],[-69.045043,-31.309245],[-69.045547,-31.308703],[-69.046332,-31.307625],[-69.046805,-31.307165],[-69.048023,-31.306285],[-69.050083,-31.303637],[-69.052345,-31.301323],[-69.054629,-31.299437],[-69.056395,-31.298349],[-69.058365,-31.298173],[-69.061056,-31.298171],[-69.0616,-31.297882],[-69.066001,-31.295544],[-69.068651,-31.295759],[-69.069554,-31.295524],[-69.070935,-31.295253],[-69.071773,-31.294901],[-69.072654,-31.294436],[-69.072904,-31.294043],[-69.074556,-31.292198],[-69.077554,-31.290604],[-69.078685,-31.28963],[-69.080209,-31.288573],[-69.080781,-31.288298],[-69.081527,-31.288383],[-69.08256,-31.289167],[-69.08433,-31.289649],[-69.085086,-31.289865],[-69.087153,-31.290039],[-69.088413,-31.290403],[-69.090212,-31.290271],[-69.091351,-31.289941],[-69.092597,-31.289223],[-69.093306,-31.288781],[-69.097389,-31.286834],[-69.098481,-31.286613],[-69.099103,-31.286418],[-69.099953,-31.284992],[-69.10051,-31.283608],[-69.101503,-31.283291],[-69.102495,-31.283119],[-69.103655,-31.283141],[-69.104264,-31.282982],[-69.10612,-31.282291],[-69.106812,-31.281839],[-69.108426,-31.281288],[-69.109355,-31.28039],[-69.109408,-31.279185],[-69.109124,-31.278225],[-69.108939,-31.277468],[-69.108924,-31.275948],[-69.108652,-31.274722],[-69.108609,-31.273806],[-69.108792,-31.273139],[-69.109117,-31.272588],[-69.109462,-31.271217],[-69.109335,-31.270338],[-69.108546,-31.26876],[-69.108248,-31.267921],[-69.108897,-31.266081],[-69.108875,-31.265292],[-69.108819,-31.264476],[-69.110149,-31.2636],[-69.110403,-31.262991],[-69.110812,-31.262309],[-69.111578,-31.2622],[-69.112638,-31.262285],[-69.113702,-31.262731],[-69.114637,-31.262879],[-69.115474,-31.262964],[-69.116981,-31.263007],[-69.118327,-31.262934],[-69.119545,-31.262518],[-69.121059,-31.262408],[-69.122865,-31.262578],[-69.123432,-31.262613],[-69.124863,-31.262648],[-69.125542,-31.262102],[-69.127084,-31.26109],[-69.127551,-31.260896],[-69.128803,-31.260687],[-69.129527,-31.260623],[-69.13005,-31.260492],[-69.130829,-31.260428],[-69.132201,-31.260111],[-69.133094,-31.260146],[-69.135268,-31.260825],[-69.136177,-31.260982],[-69.137591,-31.260421],[-69.138299,-31.260141],[-69.140224,-31.259079],[-69.14132,-31.258617],[-69.141915,-31.257801],[-69.142424,-31.257376],[-69.143441,-31.257019],[-69.145014,-31.257423],[-69.146303,-31.257494],[-69.147209,-31.257502],[-69.147762,-31.257257],[-69.149276,-31.256832],[-69.151245,-31.256974],[-69.153653,-31.257765],[-69.155409,-31.258015],[-69.156714,-31.25781],[-69.15854,-31.257308],[-69.159861,-31.25672],[-69.160569,-31.256187],[-69.16146,-31.255027],[-69.163269,-31.252652],[-69.163486,-31.252165],[-69.164579,-31.25252],[-69.165839,-31.252834],[-69.166448,-31.252991],[-69.170274,-31.254131],[-69.171901,-31.253823],[-69.173855,-31.252918],[-69.175609,-31.252226],[-69.178227,-31.251428],[-69.180646,-31.250951],[-69.18175,-31.250562],[-69.183564,-31.250654],[-69.184527,-31.250567],[-69.185519,-31.25025],[-69.187967,-31.249836],[-69.188634,-31.250124],[-69.190502,-31.249977],[-69.191845,-31.249474],[-69.192969,-31.248634],[-69.193689,-31.247893],[-69.194526,-31.247378],[-69.195614,-31.247011],[-69.196168,-31.246938],[-69.197228,-31.246887],[-69.197923,-31.246998],[-69.19943,-31.24691],[-69.202754,-31.249074],[-69.20399,-31.25015],[-69.204853,-31.2511],[-69.205718,-31.252014],[-69.206521,-31.252807],[-69.208309,-31.254301],[-69.208863,-31.254688],[-69.210078,-31.255394],[-69.21193,-31.25572],[-69.212245,-31.255228],[-69.213629,-31.254432],[-69.213932,-31.253872],[-69.214549,-31.252735],[-69.214863,-31.252292],[-69.215448,-31.251038],[-69.216002,-31.25],[-69.216566,-31.248772],[-69.217382,-31.24721],[-69.218124,-31.245703],[-69.21827,-31.24527],[-69.218447,-31.244737],[-69.218907,-31.243807],[-69.219344,-31.242282],[-69.219594,-31.241615],[-69.219719,-31.24101],[-69.220127,-31.24027],[-69.220868,-31.238834],[-69.221559,-31.23767],[-69.221945,-31.236902],[-69.222352,-31.236018],[-69.223052,-31.234285],[-69.223563,-31.233085],[-69.224672,-31.231612],[-69.225365,-31.231413],[-69.225952,-31.231358],[-69.227222,-31.23113],[-69.22826,-31.230948],[-69.228795,-31.230802],[-69.229593,-31.230765],[-69.230181,-31.230755],[-69.23169,-31.230058],[-69.231888,-31.22948],[-69.232191,-31.228695],[-69.232441,-31.227955],[-69.232607,-31.22717],[-69.232816,-31.22671],[-69.233087,-31.226105],[-69.233643,-31.225752],[-69.234199,-31.22567],[-69.236045,-31.225477],[-69.236662,-31.22461],[-69.236871,-31.22415],[-69.237099,-31.222923],[-69.23714,-31.222372],[-69.237326,-31.221245],[-69.238163,-31.220467],[-69.239013,-31.220249],[-69.23958,-31.220239],[-69.240377,-31.22013],[-69.241468,-31.219947],[-69.242076,-31.219757],[-69.242527,-31.219404],[-69.243615,-31.218112],[-69.244566,-31.216739],[-69.244953,-31.216252],[-69.245372,-31.215692],[-69.246061,-31.214554],[-69.24629,-31.213814],[-69.246843,-31.212379],[-69.24703,-31.211639],[-69.247363,-31.210854],[-69.248,-31.209671],[-69.248701,-31.208596],[-69.249105,-31.206548],[-69.248809,-31.205773],[-69.249215,-31.204825],[-69.249602,-31.20431],[-69.250093,-31.203353],[-69.250561,-31.201927],[-69.250558,-31.200592],[-69.250105,-31.199863],[-69.249766,-31.198772],[-69.249586,-31.198105],[-69.249226,-31.196798],[-69.249161,-31.196067],[-69.249202,-31.195562],[-69.249315,-31.194615],[-69.24946,-31.194173],[-69.24994,-31.193225],[-69.250262,-31.191862],[-69.250376,-31.191177],[-69.250385,-31.190572],[-69.250477,-31.189769],[-69.25035,-31.189337],[-69.250044,-31.18867],[-69.24957,-31.187922],[-69.248991,-31.187067],[-69.248086,-31.186139],[-69.247455,-31.185644],[-69.24694,-31.185258],[-69.246236,-31.184835],[-69.245658,-31.184367],[-69.244974,-31.183737],[-69.244028,-31.183044],[-69.243502,-31.18227],[-69.242482,-31.181189],[-69.242281,-31.180703],[-69.241944,-31.180117],[-69.241888,-31.17899],[-69.242007,-31.176139],[-69.240922,-31.174482],[-69.240448,-31.173545],[-69.240227,-31.173112],[-69.239721,-31.172455],[-69.2395,-31.171977],[-69.239477,-31.171129],[-69.239619,-31.169406],[-69.239691,-31.168847],[-69.239669,-31.168189],[-69.239363,-31.167621],[-69.239005,-31.166891],[-69.238078,-31.165459],[-69.23772,-31.164756],[-69.237299,-31.164189],[-69.237025,-31.163801],[-69.236478,-31.163189],[-69.235329,-31.160936],[-69.234646,-31.160396],[-69.23389,-31.159974],[-69.233376,-31.159731],[-69.232672,-31.159426],[-69.231989,-31.158859],[-69.231411,-31.158301],[-69.230937,-31.157643],[-69.230285,-31.156823],[-69.229612,-31.155896],[-69.229001,-31.154941],[-69.22902,-31.154318],[-69.228977,-31.15384],[-69.228777,-31.153263],[-69.228198,-31.152633],[-69.227788,-31.152156],[-69.227536,-31.15175],[-69.226768,-31.150913],[-69.22662,-31.150453],[-69.226082,-31.149201],[-69.225742,-31.14737],[-69.225646,-31.146432],[-69.225655,-31.145855],[-69.225704,-31.144565],[-69.225713,-31.14388],[-69.225753,-31.14314],[-69.225553,-31.142662],[-69.225436,-31.14223],[-69.225362,-31.141635],[-69.225161,-31.140922],[-69.22455,-31.139922],[-69.224454,-31.139192],[-69.224262,-31.137957],[-69.224364,-31.13664],[-69.224405,-31.136116],[-69.224498,-31.135584],[-69.224539,-31.135142],[-69.22446,-31.132941],[-69.224458,-31.131949],[-69.224476,-31.130596],[-69.224295,-31.129523],[-69.224188,-31.128721],[-69.224049,-31.127476],[-69.224005,-31.126719],[-69.223846,-31.125664],[-69.223497,-31.124618],[-69.223275,-31.123933],[-69.223096,-31.123356],[-69.222032,-31.121338],[-69.221916,-31.120896],[-69.220791,-31.119725],[-69.220539,-31.119248],[-69.22037,-31.118815],[-69.219696,-31.117535],[-69.219327,-31.116517],[-69.219188,-31.115552],[-69.218839,-31.113974],[-69.218668,-31.112757],[-69.218865,-31.111837],[-69.21902,-31.110844],[-69.219008,-31.110294],[-69.218962,-31.108292],[-69.218823,-31.107237],[-69.218843,-31.106687],[-69.218748,-31.106254],[-69.218788,-31.105794],[-69.218765,-31.104847],[-69.218773,-31.103791],[-69.218634,-31.102619],[-69.218298,-31.102006],[-69.217719,-31.101169],[-69.21731,-31.100899],[-69.216752,-31.100079],[-69.2165,-31.099511],[-69.216226,-31.098988],[-69.216098,-31.098276],[-69.215951,-31.09778],[-69.21577,-31.09686],[-69.215822,-31.096373],[-69.215852,-31.095778],[-69.215547,-31.095418],[-69.215,-31.094742],[-69.214591,-31.094382],[-69.213908,-31.093815],[-69.212901,-31.093212],[-69.212418,-31.09297],[-69.212061,-31.092655],[-69.21162,-31.092249],[-69.211326,-31.091817],[-69.210957,-31.091042],[-69.21062,-31.090411],[-69.210115,-31.089429],[-69.209894,-31.088996],[-69.20961,-31.088401],[-69.20839,-31.086699],[-69.207728,-31.085816],[-69.207371,-31.085438],[-69.206572,-31.084393],[-69.206215,-31.083753],[-69.204911,-31.082122],[-69.204069,-31.080374],[-69.203837,-31.079689],[-69.203364,-31.078706],[-69.203036,-31.077264],[-69.202824,-31.076443],[-69.20274,-31.075938],[-69.202066,-31.074641],[-69.201416,-31.074191],[-69.200786,-31.073768],[-69.200135,-31.073408],[-69.199705,-31.073093],[-69.199232,-31.072553],[-69.198749,-31.072057],[-69.198298,-31.071445],[-69.197731,-31.07104],[-69.197174,-31.070175],[-69.197037,-31.069679],[-69.196971,-31.068182],[-69.196927,-31.067541],[-69.196905,-31.066874],[-69.196872,-31.066297],[-69.196861,-31.065837],[-69.19667,-31.064899],[-69.196586,-31.064466],[-69.196595,-31.063709],[-69.196583,-31.063131],[-69.196487,-31.062473],[-69.196444,-31.061986],[-69.196254,-31.060913],[-69.194962,-31.059391],[-69.194532,-31.05913],[-69.193965,-31.05886],[-69.191816,-31.058277],[-69.190946,-31.057791],[-69.190411,-31.057666],[-69.189877,-31.057486],[-69.188933,-31.05728],[-69.188346,-31.056983],[-69.187455,-31.056732],[-69.186941,-31.056534],[-69.185254,-31.056104],[-69.184761,-31.055816],[-69.184246,-31.055293],[-69.183355,-31.05469],[-69.182421,-31.053898],[-69.181791,-31.053177],[-69.181434,-31.052772],[-69.180205,-31.051367],[-69.179272,-31.050673],[-69.179323,-31.050231],[-69.179007,-31.049366],[-69.178996,-31.048888],[-69.179182,-31.047778],[-69.179348,-31.046921],[-69.179704,-31.046389],[-69.180206,-31.046036],[-69.180519,-31.045594],[-69.180674,-31.044628],[-69.180747,-31.044051],[-69.180368,-31.042978],[-69.17999,-31.042681],[-69.179433,-31.041636],[-69.179044,-31.041068],[-69.178142,-31.040285],[-69.17747,-31.039816],[-69.177292,-31.039357],[-69.17705,-31.038951],[-69.176546,-31.038311],[-69.175895,-31.037708],[-69.1758,-31.037203],[-69.175736,-31.036626],[-69.175473,-31.035643],[-69.175157,-31.034778],[-69.174818,-31.032695],[-69.174743,-31.03219],[-69.174732,-31.031477],[-69.17495,-31.030755],[-69.174288,-31.029575],[-69.173921,-31.028935],[-69.173888,-31.028457],[-69.174002,-31.027807],[-69.174148,-31.027329],[-69.174304,-31.026905],[-69.174534,-31.026517],[-69.175087,-31.025262],[-69.175305,-31.024477],[-69.17543,-31.023972],[-69.17546,-31.02298],[-69.175249,-31.022177],[-69.174128,-31.021854],[-69.173164,-31.021846],[-69.171216,-31.02166],[-69.170116,-31.021535],[-69.169152,-31.021329],[-69.168638,-31.021149],[-69.167779,-31.020915],[-69.167025,-31.020655],[-69.165704,-31.020097],[-69.165295,-31.019602],[-69.16499,-31.019151],[-69.164623,-31.018466],[-69.164339,-31.017646],[-69.164243,-31.016861],[-69.164043,-31.016365],[-69.16357,-31.015545],[-69.163402,-31.015112],[-69.162982,-31.014409],[-69.162457,-31.013499],[-69.16211,-31.012742],[-69.161837,-31.012102],[-69.160683,-31.010976],[-69.160169,-31.010526],[-69.15934,-31.00921],[-69.159181,-31.008434],[-69.159924,-31.008],[-69.160729,-31.007188],[-69.161084,-31.006466],[-69.161062,-31.005753],[-69.160736,-31.005393],[-69.160484,-31.005005],[-69.16018,-31.004437],[-69.159539,-31.00332],[-69.158971,-31.001796],[-69.158792,-31.001174],[-69.158519,-31.000534],[-69.158183,-30.999993],[-69.157815,-30.999028],[-69.157447,-30.998208],[-69.157879,-30.993519],[-69.150628,-30.986024],[-69.15074,-30.982323],[-69.148963,-30.974872],[-69.149901,-30.972742],[-69.147012,-30.969044],[-69.144652,-30.964483],[-69.142879,-30.959415],[-69.143634,-30.952874],[-69.141805,-30.949327],[-69.140563,-30.944917],[-69.139327,-30.943854],[-69.140376,-30.937312],[-69.140903,-30.935689],[-69.141018,-30.93427],[-69.142075,-30.932595],[-69.146011,-30.9296],[-69.146417,-30.925949],[-69.147591,-30.924528],[-69.147525,-30.919863],[-69.145933,-30.916924],[-69.137164,-30.91227],[-69.136866,-30.909532],[-69.137628,-30.908112],[-69.132394,-30.907559],[-69.135328,-30.903297],[-69.134794,-30.899698],[-69.134789,-30.895743],[-69.132843,-30.892146],[-69.129316,-30.892301],[-69.125137,-30.888249],[-69.126131,-30.884547],[-69.124422,-30.88105],[-69.123244,-30.879632],[-69.122418,-30.876743],[-69.123528,-30.871671],[-69.122409,-30.869746],[-69.126103,-30.862999],[-69.122104,-30.860873],[-69.122159,-30.858288],[-69.124204,-30.848855],[-69.123731,-30.846473],[-69.123106,-30.845127],[-69.122493,-30.843888],[-69.120963,-30.842064],[-69.121958,-30.838615],[-69.120367,-30.83522],[-69.121069,-30.832228],[-69.115187,-30.827163],[-69.113715,-30.824426],[-69.113126,-30.823058],[-69.113886,-30.820218],[-69.111883,-30.815302],[-69.112821,-30.813121],[-69.111759,-30.809623],[-69.109115,-30.80851],[-69.107761,-30.806584],[-69.107875,-30.803441],[-69.107109,-30.801211],[-69.105814,-30.798778],[-69.104227,-30.796954],[-69.103754,-30.794774],[-69.103223,-30.792037],[-69.102046,-30.789908],[-69.099343,-30.788237],[-69.100221,-30.785904],[-69.100747,-30.783368],[-69.101155,-30.780732],[-69.10168,-30.777334],[-69.099327,-30.773178],[-69.098152,-30.772774],[-69.096683,-30.771152],[-69.094274,-30.770039],[-69.093039,-30.767859],[-69.092861,-30.765629],[-69.093857,-30.764005],[-69.092681,-30.761927],[-69.093443,-30.760609],[-69.093442,-30.75924],[-69.092325,-30.757364],[-69.094024,-30.754118],[-69.09232,-30.752953],[-69.090969,-30.751535],[-69.090909,-30.749861],[-69.08985,-30.748138],[-69.09026,-30.746769],[-69.090727,-30.743575],[-69.09113,-30.736172],[-69.090131,-30.734043],[-69.091771,-30.731],[-69.088776,-30.729278],[-69.08895,-30.726641],[-69.090709,-30.724815],[-69.088476,-30.721673],[-69.088826,-30.719543],[-69.090114,-30.716297],[-69.093692,-30.714621],[-69.094746,-30.711528],[-69.094391,-30.709348],[-69.096206,-30.705341],[-69.09538,-30.699916],[-69.095789,-30.698243],[-69.101594,-30.695095],[-69.101006,-30.693726],[-69.103755,-30.685966],[-69.102698,-30.684953],[-69.103105,-30.681505],[-69.104274,-30.677752],[-69.103979,-30.676079],[-69.105032,-30.673087],[-69.106201,-30.669435],[-69.108072,-30.663603],[-69.102904,-30.658232],[-69.103957,-30.655392],[-69.105711,-30.649915],[-69.106765,-30.648596],[-69.106763,-30.646669],[-69.105528,-30.643831],[-69.105643,-30.641701],[-69.11115,-30.63688],[-69.112436,-30.63409],[-69.112551,-30.631757],[-69.113721,-30.629576],[-69.053857,-30.629108],[-69.053153,-30.627536],[-69.0528,-30.625711],[-69.053093,-30.6249],[-69.053912,-30.622516],[-69.054674,-30.620893],[-69.055183,-30.617981],[-69.055374,-30.615113],[-69.055664,-30.609485],[-69.058418,-30.607405],[-69.055662,-30.605631],[-69.053785,-30.603502],[-69.053811,-30.599116],[-69.055774,-30.596454],[-69.056241,-30.594527],[-69.059404,-30.591204],[-69.058055,-30.588847],[-69.05776,-30.585906],[-69.060806,-30.583573],[-69.061626,-30.582254],[-69.061683,-30.580429],[-69.057228,-30.57825],[-69.056583,-30.577389],[-69.056465,-30.575817],[-69.057519,-30.574397],[-69.059335,-30.573078],[-69.059099,-30.570948],[-69.058102,-30.569529],[-69.058276,-30.567298],[-69.057513,-30.565017],[-69.056633,-30.563293],[-69.057452,-30.560757],[-69.058506,-30.559692],[-69.058974,-30.558171],[-69.058797,-30.556599],[-69.061843,-30.555279],[-69.061373,-30.55315],[-69.061431,-30.551477],[-69.066523,-30.544376],[-69.066462,-30.541739],[-69.063766,-30.538952],[-69.013595,-30.53894],[-68.945963,-30.538894],[-68.945215,-30.540659],[-68.944324,-30.541962],[-68.942427,-30.542824],[-68.939132,-30.543606],[-68.936264,-30.545344],[-68.933393,-30.548933],[-68.928779,-30.550368],[-68.92396,-30.550471],[-68.918936,-30.552521],[-68.917501,-30.554572],[-68.916168,-30.557853],[-68.913399,-30.560826],[-68.911349,-30.561852],[-68.905504,-30.562467],[-68.902094,-30.563626],[-68.899009,-30.564921],[-68.781729,-30.597627],[-68.781798,-30.599288],[-68.782349,-30.59993],[-68.783025,-30.600986],[-68.783522,-30.602457],[-68.783823,-30.603333],[-68.783738,-30.60382],[-68.783903,-30.604487],[-68.784245,-30.605607],[-68.784702,-30.606365],[-68.785607,-30.607332],[-68.786752,-30.608506],[-68.78848,-30.609745],[-68.790134,-30.611651],[-68.791258,-30.612906],[-68.792507,-30.614261],[-68.795307,-30.616692],[-68.796848,-30.617822],[-68.798128,-30.619033],[-68.799377,-30.620577],[-68.800573,-30.622094],[-68.80132,-30.623972],[-68.801327,-30.625884],[-68.80122,-30.627147],[-68.801363,-30.628482],[-68.802131,-30.630521],[-68.802804,-30.632633],[-68.802832,-30.634338],[-68.802807,-30.636548],[-68.802542,-30.638523],[-68.801934,-30.640227],[-68.801491,-30.642436],[-68.801466,-30.644457],[-68.801367,-30.646775],[-68.801478,-30.648958],[-68.801723,-30.651493],[-68.802011,-30.653279],[-68.802342,-30.654885],[-68.802766,-30.656726],[-68.803325,-30.658774],[-68.803865,-30.660101],[-68.804259,-30.661184],[-68.80458,-30.662357],[-68.804724,-30.663575],[-68.804691,-30.664405],[-68.804533,-30.665343],[-68.804375,-30.665947],[-68.804196,-30.666614],[-68.804915,-30.667346],[-68.805059,-30.668311],[-68.805412,-30.669132],[-68.805984,-30.670297],[-68.806545,-30.671146],[-68.807462,-30.672049],[-68.809162,-30.672611],[-68.810998,-30.672875],[-68.813502,-30.673221],[-68.815411,-30.673206],[-68.817047,-30.674426],[-68.817871,-30.674923],[-68.819019,-30.675051],[-68.829405,-30.690995],[-68.826053,-30.732446],[-68.82625,-30.733457],[-68.825704,-30.735106],[-68.825399,-30.73617],[-68.825169,-30.73672],[-68.824823,-30.737225],[-68.824436,-30.737739],[-68.82409,-30.738379],[-68.82365,-30.739433],[-68.823345,-30.740335],[-68.823196,-30.741778],[-68.822996,-30.742815],[-68.822721,-30.744745],[-68.822499,-30.745935],[-68.822194,-30.747549],[-68.822129,-30.748623],[-68.821897,-30.749632],[-68.821383,-30.751111],[-68.820681,-30.75249],[-68.819999,-30.753851],[-68.819318,-30.755095],[-68.818533,-30.756176],[-68.818061,-30.756888],[-68.817935,-30.757438],[-68.817997,-30.757925],[-68.818163,-30.758404],[-68.818559,-30.758837],[-68.819123,-30.759082],[-68.819812,-30.759218],[-68.820406,-30.759552],[-68.820311,-30.7604],[-68.820132,-30.761212],[-68.819848,-30.761924],[-68.819031,-30.763194],[-68.818194,-30.764276],[-68.817399,-30.764924],[-68.816365,-30.764859],[-68.815299,-30.764966],[-68.814515,-30.765614],[-68.813886,-30.766651],[-68.813226,-30.767344],[-68.812545,-30.768453],[-68.812179,-30.76903],[-68.812157,-30.769508],[-68.812353,-30.770428],[-68.812519,-30.771014],[-68.812581,-30.771502],[-68.811931,-30.772764],[-68.81124,-30.773394],[-68.810267,-30.774412],[-68.809618,-30.775259],[-68.808695,-30.776737],[-68.80794,-30.778278],[-68.807395,-30.779386],[-68.807006,-30.780531],[-68.806931,-30.781361],[-68.806918,-30.782624],[-68.807534,-30.783031],[-68.808024,-30.78351],[-68.808368,-30.783943],[-68.808534,-30.784403],[-68.807874,-30.78525],[-68.807246,-30.785971],[-68.806387,-30.787079],[-68.805299,-30.787979],[-68.804304,-30.789024],[-68.803351,-30.79006],[-68.802146,-30.791582],[-68.801225,-30.792672],[-68.800889,-30.793357],[-68.800501,-30.794024],[-68.800238,-30.794881],[-68.800163,-30.795593],[-68.800099,-30.796396],[-68.800045,-30.797126],[-68.799793,-30.797974],[-68.799321,-30.798668],[-68.798745,-30.799479],[-68.798169,-30.800217],[-68.797561,-30.800884],[-68.797089,-30.80165],[-68.796753,-30.802542],[-68.796574,-30.803191],[-68.796552,-30.803967],[-68.796884,-30.804879],[-68.796996,-30.806097],[-68.797224,-30.807242],[-68.797421,-30.808],[-68.797347,-30.808433],[-68.797303,-30.809236],[-68.797895,-30.810951],[-68.798665,-30.812873],[-68.799267,-30.814452],[-68.800005,-30.816618],[-68.800358,-30.817882],[-68.800512,-30.819118],[-68.800573,-30.819939],[-68.800895,-30.820859],[-68.801113,-30.821635],[-68.801529,-30.822637],[-68.80159,-30.823557],[-68.801493,-30.82482],[-68.800965,-30.827299],[-68.800366,-30.829256],[-68.799431,-30.831491],[-68.798413,-30.833257],[-68.797815,-30.834366],[-68.797239,-30.835042],[-68.796495,-30.835546],[-68.79501,-30.835931],[-68.793023,-30.836514],[-68.788505,-30.837355],[-68.784919,-30.83771],[-68.782264,-30.837931],[-68.780162,-30.83836],[-68.779503,-30.838485],[-68.77879,-30.839197],[-68.777365,-30.840628],[-68.776549,-30.841303],[-68.775942,-30.841564],[-68.775261,-30.842212],[-68.774443,-30.843248],[-68.773678,-30.844013],[-68.772838,-30.845554],[-68.772218,-30.847005],[-68.77167,-30.848592],[-68.771596,-30.849205],[-68.771239,-30.849926],[-68.770482,-30.85144],[-68.769432,-30.853558],[-68.768654,-30.855243],[-68.768034,-30.856802],[-68.767832,-30.858002],[-68.767682,-30.859562],[-68.767668,-30.861077],[-68.767947,-30.862467],[-68.768183,-30.8641],[-68.768117,-30.865633],[-68.767937,-30.866688],[-68.767705,-30.86722],[-68.767368,-30.868256],[-68.767376,-30.869402],[-68.767499,-30.870367],[-68.767318,-30.87172],[-68.767117,-30.872775],[-68.766749,-30.873424],[-68.766392,-30.874199],[-68.766137,-30.875741],[-68.765472,-30.878157],[-68.765209,-30.879094],[-68.764925,-30.879743],[-68.765016,-30.880817],[-68.765046,-30.881412],[-68.765536,-30.882171],[-68.766067,-30.88292],[-68.766473,-30.883606],[-68.766942,-30.884536],[-68.767369,-30.885367],[-68.76768,-30.886396],[-68.767845,-30.887352],[-68.767979,-30.887948],[-68.768229,-30.888471],[-68.768469,-30.888959],[-68.768613,-30.889987],[-68.768819,-30.891268],[-68.768795,-30.892441],[-68.76873,-30.893262],[-68.768551,-30.893929],[-68.768581,-30.894461],[-68.768662,-30.895327],[-68.768754,-30.89622],[-68.769087,-30.897186],[-68.769305,-30.897962],[-68.769732,-30.898486],[-68.770191,-30.898965],[-68.770671,-30.899462],[-68.771005,-30.899922],[-68.770877,-30.900977],[-68.770907,-30.901455],[-68.771292,-30.902511],[-68.77175,-30.903243],[-68.772313,-30.904128],[-68.772614,-30.904976],[-68.772235,-30.90622],[-68.771823,-30.907662],[-68.771613,-30.908266],[-68.771538,-30.908997],[-68.771516,-30.909475],[-68.77054,-30.910447],[-68.770204,-30.911069],[-68.769867,-30.911898],[-68.769793,-30.912475],[-68.769696,-30.913395],[-68.76959,-30.91399],[-68.769359,-30.91463],[-68.769065,-30.915045],[-68.768436,-30.91544],[-68.767356,-30.916602],[-68.767574,-30.917216],[-68.767447,-30.917766],[-68.767027,-30.918478],[-68.766209,-30.919333],[-68.765632,-30.919891],[-68.765212,-30.920585],[-68.764739,-30.921549],[-68.764455,-30.922288],[-68.764389,-30.923316],[-68.764283,-30.924056],[-68.764029,-30.925156],[-68.763618,-30.9264],[-68.762282,-30.929229],[-68.761661,-30.930861],[-68.761375,-30.931988],[-68.761153,-30.93325],[-68.761275,-30.934576],[-68.761493,-30.935289],[-68.761532,-30.936525],[-68.761067,-30.938066],[-68.760708,-30.939536],[-68.75992,-30.940987],[-68.759666,-30.941951],[-68.75956,-30.942456],[-68.7596,-30.943304],[-68.759608,-30.944251],[-68.760292,-30.946769],[-68.760716,-30.948844],[-68.761183,-30.950379],[-68.761463,-30.951687],[-68.761597,-30.952463],[-68.761637,-30.953202],[-68.760879,-30.954789],[-68.760174,-30.956239],[-68.760068,-30.956762],[-68.760191,-30.9578],[-68.760483,-30.958251],[-68.760492,-30.959081],[-68.760229,-30.959676],[-68.759891,-30.960577],[-68.759594,-30.9622],[-68.759422,-30.964067],[-68.759316,-30.964527],[-68.759785,-30.965502],[-68.760076,-30.966143],[-68.760733,-30.967308],[-68.76165,-30.968933],[-68.762245,-30.969475],[-68.762841,-30.970044],[-68.763111,-30.970523],[-68.763435,-30.971002],[-68.76359,-30.971534],[-68.763631,-30.972147],[-68.762977,-30.974076],[-68.762355,-30.975969],[-68.761607,-30.977781],[-68.76109,-30.979259],[-68.760783,-30.980747],[-68.760297,-30.982748],[-68.759778,-30.985065],[-68.759376,-30.986607],[-68.759375,-30.987247],[-68.759203,-30.988645],[-68.758814,-30.989591],[-68.75813,-30.990925],[-68.757877,-30.991574],[-68.75777,-30.992331],[-68.757915,-30.993107],[-68.75784,-30.99373],[-68.757366,-30.994694],[-68.757134,-30.995541],[-68.756775,-30.996767],[-68.756553,-30.99775],[-68.756373,-30.998327],[-68.756485,-30.999797],[-68.756431,-31.000257],[-68.756325,-31.000699],[-68.756146,-31.001204],[-68.755956,-31.001735],[-68.75586,-31.002538],[-68.755889,-31.003323],[-68.755762,-31.004107],[-68.500057,-31.004354],[-68.500366,-31.00912],[-68.500473,-31.010777],[-68.500676,-31.011233],[-68.50096,-31.01187],[-68.501887,-31.012812],[-68.502415,-31.013878],[-68.502901,-31.015143],[-68.503274,-31.015839],[-68.505634,-31.021341],[-68.505838,-31.02237],[-68.50593,-31.02283],[-68.506099,-31.024526],[-68.506183,-31.026484],[-68.506298,-31.028676],[-68.506501,-31.029867],[-68.506828,-31.031366],[-68.506929,-31.032241],[-68.506807,-31.033458],[-68.506767,-31.035072],[-68.506815,-31.035902],[-68.507021,-31.036706],[-68.507759,-31.037791],[-68.508446,-31.038651],[-68.509018,-31.03932],[-68.509362,-31.039781],[-68.509941,-31.041281],[-68.510435,-31.042843],[-68.510422,-31.043492],[-68.510523,-31.044178],[-68.510709,-31.044639],[-68.511156,-31.045245],[-68.511395,-31.045778],[-68.511674,-31.046537],[-68.512407,-31.048614],[-68.512765,-31.050221],[-68.513089,-31.052477],[-68.51326,-31.05393],[-68.51353,-31.056366],[-68.513753,-31.057846],[-68.514006,-31.059597],[-68.514401,-31.060329],[-68.515224,-31.061234],[-68.515828,-31.061903],[-68.516307,-31.062509],[-68.516691,-31.063269],[-68.516361,-31.064305],[-68.514978,-31.066338],[-68.514213,-31.06831],[-68.514383,-31.069952],[-68.514738,-31.072208],[-68.514773,-31.073724],[-68.514322,-31.075742],[-68.514526,-31.076988],[-68.516248,-31.078383],[-68.516588,-31.079395],[-68.515947,-31.08181],[-68.515564,-31.082999],[-68.515511,-31.085118],[-68.515233,-31.086262],[-68.51528,-31.087228],[-68.515073,-31.088814],[-68.514932,-31.089806],[-68.513999,-31.091823],[-68.513993,-31.092995],[-68.514025,-31.095133],[-68.513453,-31.096285],[-68.512362,-31.098419],[-68.512429,-31.099655],[-68.514287,-31.101141],[-68.515027,-31.102136],[-68.515508,-31.104374],[-68.51592,-31.105801],[-68.516894,-31.108032],[-68.517734,-31.109812],[-68.518616,-31.111637],[-68.518989,-31.112378],[-68.520416,-31.114341],[-68.521574,-31.115455],[-68.522495,-31.117713],[-68.523098,-31.118915],[-68.524283,-31.120831],[-68.525021,-31.122079],[-68.52564,-31.124101],[-68.5264,-31.125258],[-68.528415,-31.12688],[-68.529218,-31.127713],[-68.529648,-31.129834],[-68.529767,-31.131242],[-68.529902,-31.13365],[-68.530022,-31.13494],[-68.530432,-31.136764],[-68.530928,-31.138191],[-68.53184,-31.140476],[-68.531969,-31.141901],[-68.532075,-31.143814],[-68.532037,-31.145076],[-68.53165,-31.147167],[-68.531498,-31.148114],[-68.532231,-31.150416],[-68.532508,-31.151779],[-68.530949,-31.15319],[-68.530588,-31.154135],[-68.532068,-31.155963],[-68.533047,-31.157319],[-68.534305,-31.159588],[-68.535251,-31.161359],[-68.535987,-31.163183],[-68.536368,-31.164501],[-68.536601,-31.16618],[-68.536448,-31.167532],[-68.536429,-31.169264],[-68.536737,-31.1706],[-68.537663,-31.172191],[-68.538058,-31.172904],[-68.538439,-31.174331],[-68.538983,-31.176867],[-68.539068,-31.178798],[-68.539134,-31.180295],[-68.538662,-31.182386],[-68.538436,-31.183693],[-68.53831,-31.185785],[-68.537707,-31.18682],[-68.537706,-31.189147],[-68.5377,-31.190428],[-68.537198,-31.192383],[-68.537526,-31.193854],[-68.53804,-31.195976],[-68.537981,-31.197427],[-68.537531,-31.199356],[-68.537995,-31.2009],[-68.539771,-31.202638],[-68.540995,-31.203454],[-68.541179,-31.204302],[-68.540987,-31.205014],[-68.540522,-31.205797],[-68.539953,-31.206156],[-68.537139,-31.206552],[-68.535878,-31.206845],[-68.534171,-31.208327],[-68.534407,-31.209554],[-68.535678,-31.211282],[-68.536525,-31.212069],[-68.537027,-31.212306],[-68.537096,-31.213316],[-68.536473,-31.214117],[-68.536605,-31.214974],[-68.537448,-31.216285],[-68.538241,-31.217307],[-68.538382,-31.218597],[-68.538293,-31.219652],[-68.538632,-31.221123],[-68.538874,-31.223036],[-68.53954,-31.224355],[-68.540296,-31.226378],[-68.540069,-31.227739],[-68.539397,-31.229875],[-68.538908,-31.231271],[-68.538681,-31.232623],[-68.538489,-31.233317],[-68.538923,-31.23468],[-68.541658,-31.239867],[-68.542293,-31.241051],[-68.543586,-31.242868],[-68.545273,-31.243415],[-68.546017,-31.24367],[-68.546551,-31.244087],[-68.546999,-31.244684],[-68.547533,-31.24501],[-68.546827,-31.245675],[-68.546362,-31.246224],[-68.545739,-31.247051],[-68.545651,-31.247737],[-68.545806,-31.248269],[-68.546098,-31.248703],[-68.547543,-31.249475],[-68.548445,-31.249713],[-68.549326,-31.249896],[-68.549964,-31.250476],[-68.549928,-31.25126],[-68.549495,-31.251926],[-68.548389,-31.252725],[-68.546208,-31.254341],[-68.545049,-31.255211],[-68.543508,-31.256856],[-68.545112,-31.259586],[-68.545695,-31.260481],[-68.546215,-31.261637],[-68.546642,-31.262279],[-68.547677,-31.263275],[-68.549297,-31.264895],[-68.550057,-31.266187],[-68.550486,-31.268678],[-68.550637,-31.270149],[-68.550687,-31.270636],[-68.550433,-31.27114],[-68.549495,-31.271759],[-68.548423,-31.271936],[-68.547907,-31.272367],[-68.54763,-31.273051],[-68.547679,-31.273791],[-68.548092,-31.27538],[-68.549175,-31.277178],[-68.549743,-31.2793],[-68.549601,-31.280409],[-68.549531,-31.281969],[-68.549443,-31.282726],[-68.549166,-31.283573],[-68.548564,-31.284328],[-68.547972,-31.285066],[-68.547884,-31.285958],[-68.548185,-31.286797],[-68.548298,-31.287114],[-68.549314,-31.287767],[-68.550905,-31.288945],[-68.5511,-31.289108]]]]}},{"type":"Feature","id":"70119","properties":{"id":70119,"in1":"70119","departamento":"VALLE FERTIL","nombre":"Valle Fértil","fna":"Departamento Valle Fértil","cabecera":"San Agustín del Valle Fértil","provincia":"SAN JUAN","fuente":"Instituto Geográfico Nacional (IGN)"},"geometry":{"type":"MultiPolygon","coordinates":[[[[-68.250941,-29.781919],[-68.249805,-29.782162],[-68.247782,-29.782043],[-68.245522,-29.781567],[-68.243737,-29.78121],[-68.241715,-29.780734],[-68.240197,-29.780285],[-68.239382,-29.780043],[-68.238502,-29.779783],[-68.23648,-29.779069],[-68.233743,-29.778831],[-68.233505,-29.778831],[-68.232316,-29.778831],[-68.231666,-29.779082],[-68.228933,-29.78014],[-68.228628,-29.780258],[-68.227131,-29.781525],[-68.227081,-29.781567],[-68.226239,-29.782304],[-68.226129,-29.7824],[-68.224821,-29.783114],[-68.224658,-29.783184],[-68.224477,-29.783263],[-68.222803,-29.783991],[-68.222084,-29.784304],[-68.221013,-29.784542],[-68.218753,-29.784779],[-68.217325,-29.784066],[-68.217087,-29.783947],[-68.215886,-29.783664],[-68.215831,-29.783651],[-68.215065,-29.783471],[-68.212685,-29.783471],[-68.212209,-29.783233],[-68.210901,-29.783114],[-68.210462,-29.783114],[-68.209116,-29.783114],[-68.20864,-29.783709],[-68.207094,-29.783709],[-68.205904,-29.784185],[-68.205071,-29.783947],[-68.203685,-29.782908],[-68.203643,-29.782876],[-68.203179,-29.782454],[-68.202335,-29.781686],[-68.20055,-29.780972],[-68.199003,-29.781091],[-68.198408,-29.781567],[-68.19728,-29.782695],[-68.197247,-29.782729],[-68.196624,-29.783352],[-68.196148,-29.783828],[-68.196102,-29.783874],[-68.19591,-29.784066],[-68.195901,-29.784074],[-68.194958,-29.784898],[-68.194601,-29.785493],[-68.193447,-29.786104],[-68.192579,-29.786564],[-68.192222,-29.788111],[-68.191865,-29.790014],[-68.19127,-29.79168],[-68.191151,-29.79287],[-68.191151,-29.793702],[-68.190913,-29.79513],[-68.190437,-29.796201],[-68.189367,-29.797629],[-68.188606,-29.798313],[-68.188177,-29.798699],[-68.187463,-29.799175],[-68.187075,-29.799593],[-68.186715,-29.799981],[-68.186632,-29.80007],[-68.185916,-29.800841],[-68.185707,-29.801469],[-68.185344,-29.802558],[-68.185202,-29.802982],[-68.184727,-29.805481],[-68.184727,-29.807389],[-68.184727,-29.807979],[-68.184727,-29.809338],[-68.184727,-29.811191],[-68.184204,-29.811714],[-68.184072,-29.811846],[-68.183596,-29.812857],[-68.183596,-29.813928],[-68.183834,-29.815475],[-68.183894,-29.816426],[-68.183719,-29.816745],[-68.183685,-29.816807],[-68.183683,-29.816809],[-68.183239,-29.817616],[-68.182704,-29.818151],[-68.182109,-29.819222],[-68.181752,-29.82065],[-68.181879,-29.821247],[-68.182169,-29.822613],[-68.183001,-29.823684],[-68.183537,-29.824992],[-68.184132,-29.82648],[-68.184013,-29.827788],[-68.183949,-29.828391],[-68.183894,-29.828918],[-68.183894,-29.829811],[-68.183894,-29.830273],[-68.183894,-29.830474],[-68.183894,-29.831417],[-68.184191,-29.832547],[-68.184333,-29.833286],[-68.184489,-29.834094],[-68.184533,-29.834406],[-68.184667,-29.835343],[-68.185024,-29.836176],[-68.184846,-29.837663],[-68.18437,-29.83921],[-68.184235,-29.839466],[-68.183843,-29.84021],[-68.183775,-29.84034],[-68.183656,-29.841649],[-68.184072,-29.843552],[-68.184072,-29.844623],[-68.184072,-29.845694],[-68.184608,-29.84724],[-68.18437,-29.848133],[-68.183537,-29.848846],[-68.183149,-29.849506],[-68.182942,-29.849858],[-68.182702,-29.850042],[-68.182169,-29.850453],[-68.181763,-29.852715],[-68.181752,-29.852773],[-68.181264,-29.853899],[-68.180979,-29.854557],[-68.180707,-29.855216],[-68.180563,-29.855568],[-68.180146,-29.855747],[-68.178659,-29.857294],[-68.176934,-29.858602],[-68.176638,-29.858708],[-68.175268,-29.859197],[-68.173781,-29.859614],[-68.170807,-29.860625],[-68.170441,-29.860849],[-68.168963,-29.861755],[-68.168798,-29.861806],[-68.167416,-29.862231],[-68.166435,-29.862438],[-68.166199,-29.862488],[-68.165691,-29.862409],[-68.165037,-29.862885],[-68.163668,-29.864134],[-68.163371,-29.865146],[-68.164144,-29.866752],[-68.164535,-29.867695],[-68.164538,-29.867704],[-68.164858,-29.868477],[-68.165037,-29.86931],[-68.165096,-29.870678],[-68.165287,-29.871498],[-68.165512,-29.872463],[-68.165572,-29.873414],[-68.164918,-29.874723],[-68.164357,-29.87533],[-68.164204,-29.875496],[-68.163668,-29.876567],[-68.163311,-29.877043],[-68.162955,-29.877519],[-68.162107,-29.878331],[-68.161527,-29.878887],[-68.160873,-29.879541],[-68.160847,-29.879567],[-68.160635,-29.879779],[-68.160186,-29.88081],[-68.16004,-29.881148],[-68.159802,-29.882099],[-68.159861,-29.883289],[-68.159844,-29.883361],[-68.15975,-29.883762],[-68.159739,-29.883808],[-68.159623,-29.8843],[-68.15879,-29.885431],[-68.157482,-29.885966],[-68.154983,-29.885907],[-68.154386,-29.886106],[-68.153377,-29.886442],[-68.152009,-29.886918],[-68.151788,-29.887075],[-68.151176,-29.887513],[-68.150343,-29.888108],[-68.148142,-29.888167],[-68.147191,-29.887989],[-68.14606,-29.887513],[-68.145228,-29.887394],[-68.14374,-29.88662],[-68.142729,-29.886144],[-68.142656,-29.886103],[-68.141896,-29.885669],[-68.141182,-29.885014],[-68.139636,-29.884479],[-68.138149,-29.8843],[-68.13625,-29.884013],[-68.136186,-29.884003],[-68.134877,-29.884003],[-68.133866,-29.884181],[-68.132735,-29.884003],[-68.131367,-29.884062],[-68.130118,-29.884836],[-68.128274,-29.885193],[-68.126668,-29.884836],[-68.125775,-29.884181],[-68.124169,-29.883706],[-68.123505,-29.883567],[-68.122742,-29.883408],[-68.12179,-29.883587],[-68.120422,-29.883646],[-68.119923,-29.883833],[-68.11947,-29.884003],[-68.117507,-29.884538],[-68.116907,-29.884939],[-68.116615,-29.885133],[-68.115127,-29.885074],[-68.11364,-29.884598],[-68.112213,-29.884776],[-68.110904,-29.884895],[-68.109655,-29.884776],[-68.108346,-29.88436],[-68.107394,-29.884241],[-68.107061,-29.884208],[-68.106204,-29.884122],[-68.105193,-29.884241],[-68.104629,-29.884523],[-68.104241,-29.884717],[-68.102933,-29.885431],[-68.102159,-29.88555],[-68.101089,-29.885728],[-68.100485,-29.885835],[-68.100077,-29.885907],[-68.098828,-29.88662],[-68.098471,-29.886977],[-68.097837,-29.887201],[-68.09746,-29.887334],[-68.09633,-29.887691],[-68.095259,-29.888048],[-68.094819,-29.888328],[-68.094605,-29.888464],[-68.093474,-29.888881],[-68.092344,-29.889178],[-68.091749,-29.889476],[-68.091327,-29.889549],[-68.090381,-29.889714],[-68.089251,-29.889595],[-68.087883,-29.889357],[-68.087802,-29.889382],[-68.085979,-29.889952],[-68.085581,-29.889952],[-68.084738,-29.889952],[-68.084735,-29.889952],[-68.084554,-29.889952],[-68.084135,-29.889952],[-68.082469,-29.889892],[-68.08003,-29.890011],[-68.079844,-29.890356],[-68.079805,-29.89043],[-68.079654,-29.89071],[-68.079504,-29.890989],[-68.079198,-29.891558],[-68.077294,-29.891736],[-68.076342,-29.891379],[-68.07545,-29.891141],[-68.075133,-29.891091],[-68.07513,-29.89109],[-68.075035,-29.891075],[-68.073963,-29.890903],[-68.072416,-29.891439],[-68.072155,-29.891812],[-68.072151,-29.891818],[-68.071958,-29.892093],[-68.071167,-29.893223],[-68.069442,-29.894592],[-68.069382,-29.895246],[-68.068728,-29.895781],[-68.067538,-29.895781],[-68.06611,-29.895841],[-68.065159,-29.896198],[-68.063909,-29.896912],[-68.063374,-29.897328],[-68.062541,-29.897566],[-68.061708,-29.898042],[-68.060876,-29.898518],[-68.059567,-29.898875],[-68.058437,-29.899053],[-68.057128,-29.899351],[-68.056474,-29.899351],[-68.054332,-29.900302],[-68.053023,-29.901254],[-68.052588,-29.902058],[-68.05225,-29.902682],[-68.051001,-29.90399],[-68.050168,-29.905121],[-68.049752,-29.906013],[-68.049097,-29.906608],[-68.047967,-29.906846],[-68.046718,-29.907262],[-68.045528,-29.907976],[-68.044993,-29.909225],[-68.044755,-29.910593],[-68.044398,-29.911367],[-68.043981,-29.912259],[-68.042851,-29.912913],[-68.042137,-29.913687],[-68.041186,-29.914222],[-68.040412,-29.914876],[-68.039877,-29.916066],[-68.039401,-29.916364],[-68.038985,-29.917256],[-68.038985,-29.91791],[-68.038509,-29.919219],[-68.038152,-29.920052],[-68.036129,-29.921063],[-68.035713,-29.921717],[-68.034702,-29.922848],[-68.034544,-29.923185],[-68.034285,-29.92374],[-68.033928,-29.92487],[-68.033333,-29.925822],[-68.032739,-29.926655],[-68.032123,-29.927125],[-68.031727,-29.927428],[-68.030419,-29.927904],[-68.029526,-29.928082],[-68.028821,-29.928628],[-68.028218,-29.929094],[-68.027623,-29.930165],[-68.027087,-29.931116],[-68.026552,-29.931771],[-68.026472,-29.931904],[-68.026017,-29.932663],[-68.025481,-29.933615],[-68.025184,-29.934745],[-68.024648,-29.935875],[-68.024291,-29.936649],[-68.024053,-29.937362],[-68.022388,-29.937957],[-68.021436,-29.937898],[-68.020425,-29.938076],[-68.019116,-29.938969],[-68.018759,-29.939266],[-68.017722,-29.939842],[-68.017688,-29.939861],[-68.017213,-29.940634],[-68.016499,-29.940991],[-68.01632,-29.941348],[-68.015785,-29.941883],[-68.015547,-29.942121],[-68.015012,-29.942895],[-68.014586,-29.94332],[-68.014238,-29.943668],[-68.013405,-29.944322],[-68.013405,-29.945155],[-68.013703,-29.945988],[-68.013108,-29.946404],[-68.013405,-29.947654],[-68.013346,-29.948665],[-68.013048,-29.949438],[-68.012858,-29.949628],[-68.012394,-29.950093],[-68.012037,-29.951223],[-68.011085,-29.952412],[-68.010729,-29.952948],[-68.01053,-29.953196],[-68.010253,-29.953543],[-68.009658,-29.954376],[-68.009567,-29.954872],[-68.009539,-29.95503],[-68.009317,-29.955227],[-68.008468,-29.955982],[-68.008502,-29.956456],[-68.008528,-29.956814],[-68.008379,-29.957112],[-68.00823,-29.957409],[-68.007873,-29.957885],[-68.007464,-29.958249],[-68.007202,-29.958481],[-68.006802,-29.958837],[-68.006029,-29.95961],[-68.00591,-29.960265],[-68.00591,-29.960566],[-68.00591,-29.960579],[-68.00591,-29.961157],[-68.005926,-29.961306],[-68.006029,-29.962287],[-68.006089,-29.963299],[-68.005434,-29.963655],[-68.005196,-29.964429],[-68.004304,-29.965083],[-68.003948,-29.965404],[-68.003709,-29.965618],[-68.003352,-29.965856],[-68.002995,-29.966094],[-68.002995,-29.967284],[-68.002519,-29.968355],[-68.002281,-29.969426],[-68.001865,-29.970139],[-68.001092,-29.970972],[-68.000854,-29.971508],[-68.000259,-29.972578],[-67.999992,-29.972816],[-67.999724,-29.973054],[-67.99959,-29.973338],[-67.999248,-29.974066],[-67.998772,-29.974898],[-67.998177,-29.975731],[-67.997701,-29.976088],[-67.997285,-29.976326],[-67.996571,-29.976683],[-67.995143,-29.977278],[-67.994756,-29.977428],[-67.994072,-29.977694],[-67.992883,-29.978289],[-67.99199,-29.979241],[-67.991514,-29.980133],[-67.991395,-29.981561],[-67.991157,-29.982275],[-67.991336,-29.983227],[-67.991395,-29.984059],[-67.991446,-29.984967],[-67.991455,-29.98513],[-67.991157,-29.98626],[-67.99092,-29.986796],[-67.990329,-29.987723],[-67.990087,-29.988104],[-67.989135,-29.989056],[-67.988481,-29.989711],[-67.988005,-29.990305],[-67.986934,-29.991257],[-67.986161,-29.991971],[-67.985506,-29.992387],[-67.984971,-29.992923],[-67.983841,-29.99328],[-67.983186,-29.993637],[-67.982591,-29.993934],[-67.981223,-29.994291],[-67.980569,-29.994529],[-67.979861,-29.994795],[-67.97984,-29.994802],[-67.979617,-29.994886],[-67.979617,-29.995058],[-67.979617,-29.995073],[-67.979617,-29.995838],[-67.97926,-29.996968],[-67.978665,-29.997206],[-67.978114,-29.997463],[-67.977773,-29.997622],[-67.977357,-29.998396],[-67.976821,-29.999228],[-67.976286,-29.999883],[-67.97575,-30.000418],[-67.975096,-30.001429],[-67.97462,-30.001905],[-67.973828,-30.002381],[-67.973728,-30.002441],[-67.973552,-30.002579],[-67.972895,-30.003095],[-67.972419,-30.003392],[-67.971527,-30.003452],[-67.970813,-30.004166],[-67.970159,-30.004761],[-67.969861,-30.005296],[-67.969088,-30.005831],[-67.96885,-30.006367],[-67.968843,-30.006403],[-67.968731,-30.007021],[-67.968741,-30.007223],[-67.968791,-30.00827],[-67.968767,-30.008524],[-67.968731,-30.008925],[-67.968434,-30.009282],[-67.966887,-30.009876],[-67.965638,-30.010293],[-67.963972,-30.010709],[-67.963496,-30.010769],[-67.962915,-30.01083],[-67.962684,-30.010854],[-67.962366,-30.010888],[-67.96212,-30.010888],[-67.961117,-30.010888],[-67.960165,-30.01065],[-67.959154,-30.01059],[-67.958967,-30.010721],[-67.957964,-30.011423],[-67.957726,-30.012791],[-67.957191,-30.013624],[-67.95612,-30.014516],[-67.954335,-30.015528],[-67.952313,-30.01642],[-67.950871,-30.017363],[-67.950766,-30.017431],[-67.950426,-30.01763],[-67.950052,-30.017848],[-67.948982,-30.018502],[-67.947554,-30.019335],[-67.947236,-30.019723],[-67.947018,-30.019989],[-67.946383,-30.020752],[-67.945829,-30.021417],[-67.945234,-30.022488],[-67.944223,-30.023618],[-67.94297,-30.02472],[-67.942735,-30.024927],[-67.941308,-30.025938],[-67.940475,-30.026235],[-67.938988,-30.027009],[-67.93756,-30.027901],[-67.936073,-30.028555],[-67.934705,-30.029269],[-67.933574,-30.029448],[-67.932929,-30.029517],[-67.931909,-30.029626],[-67.930541,-30.030221],[-67.929589,-30.03153],[-67.930362,-30.033612],[-67.929946,-30.035039],[-67.929291,-30.036288],[-67.927804,-30.038489],[-67.926912,-30.038787],[-67.926343,-30.0394],[-67.926139,-30.03962],[-67.925306,-30.040393],[-67.9243,-30.04128],[-67.924295,-30.041285],[-67.923283,-30.042118],[-67.921975,-30.043665],[-67.921712,-30.043994],[-67.921261,-30.044557],[-67.921205,-30.044643],[-67.921139,-30.044746],[-67.921137,-30.044749],[-67.920606,-30.045568],[-67.92006,-30.046156],[-67.919833,-30.046401],[-67.919298,-30.047412],[-67.91787,-30.048364],[-67.916231,-30.049042],[-67.916228,-30.049044],[-67.916145,-30.049078],[-67.916115,-30.049079],[-67.914836,-30.049138],[-67.91329,-30.05003],[-67.913111,-30.050684],[-67.912142,-30.050926],[-67.911921,-30.050982],[-67.910315,-30.051398],[-67.909185,-30.051755],[-67.908947,-30.052231],[-67.909007,-30.052707],[-67.909542,-30.053183],[-67.910018,-30.053242],[-67.910434,-30.053956],[-67.910498,-30.05402],[-67.910499,-30.054021],[-67.910851,-30.054372],[-67.910851,-30.054848],[-67.910851,-30.0551],[-67.910851,-30.05586],[-67.910553,-30.056573],[-67.910196,-30.056871],[-67.909601,-30.057466],[-67.907638,-30.05818],[-67.906627,-30.058774],[-67.90508,-30.059607],[-67.904307,-30.060262],[-67.903831,-30.061511],[-67.903891,-30.062225],[-67.904307,-30.0627],[-67.90514,-30.063414],[-67.905794,-30.064426],[-67.905913,-30.065556],[-67.905616,-30.066686],[-67.905259,-30.067162],[-67.904426,-30.067757],[-67.903712,-30.068054],[-67.903058,-30.06853],[-67.901928,-30.068947],[-67.900857,-30.06972],[-67.900262,-30.070672],[-67.900024,-30.071267],[-67.899548,-30.071564],[-67.899251,-30.072159],[-67.899072,-30.073408],[-67.898299,-30.0743],[-67.897526,-30.074538],[-67.895444,-30.074776],[-67.894721,-30.074776],[-67.894135,-30.074776],[-67.893302,-30.074955],[-67.892707,-30.07549],[-67.892112,-30.075847],[-67.891815,-30.076263],[-67.891399,-30.076858],[-67.891042,-30.077632],[-67.890387,-30.077929],[-67.890161,-30.077989],[-67.889495,-30.078167],[-67.888603,-30.07894],[-67.888365,-30.079476],[-67.887651,-30.079773],[-67.886461,-30.079833],[-67.885985,-30.079535],[-67.885212,-30.078583],[-67.884855,-30.077751],[-67.884915,-30.077215],[-67.885093,-30.076501],[-67.886164,-30.075371],[-67.886521,-30.073884],[-67.886087,-30.073722],[-67.886087,-30.073721],[-67.88606,-30.073711],[-67.885569,-30.073527],[-67.884141,-30.074122],[-67.883368,-30.074122],[-67.882595,-30.074122],[-67.881583,-30.074598],[-67.880215,-30.074598],[-67.879263,-30.074657],[-67.878787,-30.074895],[-67.878386,-30.074926],[-67.878014,-30.074955],[-67.87736,-30.075133],[-67.876944,-30.075608],[-67.876943,-30.075609],[-67.876467,-30.076858],[-67.875992,-30.077453],[-67.875717,-30.077707],[-67.875218,-30.078167],[-67.874303,-30.07857],[-67.873731,-30.078821],[-67.873196,-30.079119],[-67.873051,-30.079227],[-67.87272,-30.079476],[-67.87259,-30.079723],[-67.872125,-30.080606],[-67.872125,-30.081379],[-67.872314,-30.081985],[-67.872422,-30.082331],[-67.872839,-30.082807],[-67.873153,-30.083036],[-67.873493,-30.083283],[-67.873892,-30.083522],[-67.873903,-30.083529],[-67.873903,-30.083529],[-67.873903,-30.083529],[-67.874088,-30.08364],[-67.873909,-30.084116],[-67.87385,-30.084711],[-67.873672,-30.084822],[-67.873374,-30.085008],[-67.872898,-30.085008],[-67.871762,-30.085249],[-67.871762,-30.085249],[-67.871762,-30.085249],[-67.87174,-30.085254],[-67.870935,-30.085424],[-67.870718,-30.086076],[-67.870713,-30.086092],[-67.870713,-30.086092],[-67.870713,-30.086092],[-67.870638,-30.086317],[-67.870638,-30.08703],[-67.870638,-30.088161],[-67.870559,-30.088555],[-67.870519,-30.088756],[-67.870102,-30.089767],[-67.869626,-30.090064],[-67.868913,-30.090124],[-67.868496,-30.090778],[-67.867604,-30.091195],[-67.86722,-30.091819],[-67.867128,-30.091968],[-67.866295,-30.092801],[-67.865579,-30.092801],[-67.864808,-30.092801],[-67.864094,-30.092801],[-67.863775,-30.093143],[-67.863404,-30.09354],[-67.863261,-30.093693],[-67.863261,-30.09405],[-67.863083,-30.094347],[-67.862607,-30.09518],[-67.861893,-30.095537],[-67.86106,-30.095359],[-67.860287,-30.095121],[-67.860123,-30.095039],[-67.859786,-30.09487],[-67.859786,-30.09487],[-67.859786,-30.09487],[-67.859786,-30.09487],[-67.859573,-30.094764],[-67.859335,-30.095002],[-67.859276,-30.09528],[-67.859276,-30.095281],[-67.859276,-30.095281],[-67.859275,-30.095281],[-67.859157,-30.095834],[-67.858859,-30.09637],[-67.8588,-30.097084],[-67.858291,-30.098357],[-67.858205,-30.098571],[-67.858027,-30.099582],[-67.857015,-30.100474],[-67.856004,-30.100712],[-67.855311,-30.10087],[-67.854695,-30.10101],[-67.853922,-30.10101],[-67.853089,-30.101724],[-67.851543,-30.1022],[-67.8507,-30.1022],[-67.8507,-30.1022],[-67.850699,-30.1022],[-67.850683,-30.1022],[-67.850055,-30.1022],[-67.848925,-30.101605],[-67.848509,-30.101307],[-67.848033,-30.100712],[-67.847319,-30.100593],[-67.845415,-30.101902],[-67.845534,-30.102854],[-67.845832,-30.10333],[-67.846427,-30.104222],[-67.845368,-30.104973],[-67.844583,-30.105531],[-67.844047,-30.105888],[-67.843802,-30.106187],[-67.842977,-30.107196],[-67.841251,-30.107672],[-67.840359,-30.107672],[-67.839297,-30.107286],[-67.83905,-30.107196],[-67.838099,-30.106126],[-67.836671,-30.105531],[-67.835838,-30.105888],[-67.834827,-30.107018],[-67.834173,-30.107851],[-67.833578,-30.10904],[-67.832864,-30.111004],[-67.832804,-30.112788],[-67.831317,-30.113978],[-67.830008,-30.115287],[-67.829235,-30.115822],[-67.828105,-30.116238],[-67.826737,-30.116595],[-67.823881,-30.117131],[-67.82357,-30.117275],[-67.821561,-30.118201],[-67.821352,-30.118324],[-67.819539,-30.119391],[-67.817397,-30.121354],[-67.816862,-30.124448],[-67.816267,-30.127184],[-67.816264,-30.127186],[-67.811358,-30.130497],[-67.801941,-30.136852],[-67.79592,-30.140916],[-67.791028,-30.144218],[-67.776226,-30.154208],[-67.753263,-30.169706],[-67.728952,-30.186113],[-67.726431,-30.187815],[-67.722108,-30.190733],[-67.718407,-30.193231],[-67.716143,-30.194758],[-67.707692,-30.200462],[-67.707692,-30.200462],[-67.686287,-30.214775],[-67.685942,-30.215005],[-67.685937,-30.215148],[-67.685597,-30.215398],[-67.68518,-30.216171],[-67.68498,-30.216592],[-67.684728,-30.217409],[-67.684228,-30.218182],[-67.683836,-30.218575],[-67.683645,-30.218694],[-67.683061,-30.219038],[-67.682515,-30.219443],[-67.682027,-30.219883],[-67.681587,-30.220407],[-67.681266,-30.220895],[-67.68098,-30.221359],[-67.680957,-30.221692],[-67.681099,-30.222239],[-67.68123,-30.222513],[-67.681535,-30.222991],[-67.681663,-30.223815],[-67.681528,-30.224178],[-67.68148,-30.224583],[-67.681183,-30.225511],[-67.681097,-30.226122],[-67.68098,-30.226748],[-67.680784,-30.226854],[-67.680564,-30.226974],[-67.680148,-30.227605],[-67.679327,-30.228961],[-67.67828,-30.230615],[-67.677685,-30.231281],[-67.677542,-30.231888],[-67.677268,-30.232209],[-67.676876,-30.232649],[-67.676507,-30.232923],[-67.676138,-30.233268],[-67.675781,-30.233708],[-67.675412,-30.234053],[-67.675218,-30.234556],[-67.67468,-30.235182],[-67.674296,-30.235598],[-67.673158,-30.236209],[-67.671938,-30.236825],[-67.671477,-30.237293],[-67.670713,-30.238062],[-67.66963,-30.238705],[-67.669012,-30.239014],[-67.66856,-30.239228],[-67.668108,-30.239407],[-67.667061,-30.240299],[-67.666406,-30.240668],[-67.665752,-30.240977],[-67.665276,-30.24112],[-67.664788,-30.241334],[-67.664419,-30.241525],[-67.66411,-30.241798],[-67.664028,-30.241874],[-67.662837,-30.242345],[-67.66229,-30.242702],[-67.661857,-30.242869],[-67.661516,-30.243],[-67.660588,-30.243571],[-67.659518,-30.244463],[-67.659257,-30.24475],[-67.658542,-30.245534],[-67.656171,-30.247326],[-67.65552,-30.247818],[-67.653571,-30.249369],[-67.652796,-30.249865],[-67.652129,-30.250257],[-67.651642,-30.250412],[-67.651059,-30.25059],[-67.650464,-30.250935],[-67.649702,-30.251506],[-67.649405,-30.252054],[-67.649024,-30.253208],[-67.648905,-30.253529],[-67.648751,-30.25391],[-67.64862,-30.254267],[-67.648418,-30.25454],[-67.647894,-30.255159],[-67.647263,-30.255623],[-67.64657,-30.256394],[-67.645838,-30.256805],[-67.644589,-30.257578],[-67.643875,-30.258114],[-67.643484,-30.258505],[-67.642148,-30.258895],[-67.641374,-30.259109],[-67.641041,-30.259406],[-67.640072,-30.26098],[-67.639685,-30.261679],[-67.638819,-30.262397],[-67.637034,-30.263527],[-67.635844,-30.263765],[-67.635604,-30.263851],[-67.635012,-30.264062],[-67.634357,-30.264538],[-67.633822,-30.26549],[-67.633593,-30.265973],[-67.63351,-30.266271],[-67.63354,-30.266561],[-67.63357,-30.266842],[-67.633369,-30.267256],[-67.633002,-30.267857],[-67.632285,-30.269293],[-67.63205,-30.269632],[-67.631872,-30.269741],[-67.630357,-30.270673],[-67.629299,-30.271351],[-67.628239,-30.271862],[-67.627347,-30.272089],[-67.626693,-30.272196],[-67.626062,-30.272386],[-67.625337,-30.272672],[-67.624337,-30.27304],[-67.623612,-30.273362],[-67.623219,-30.273861],[-67.622969,-30.27448],[-67.622553,-30.275277],[-67.622136,-30.276003],[-67.621304,-30.277399],[-67.621092,-30.277566],[-67.620497,-30.27822],[-67.619902,-30.278637],[-67.619724,-30.279469],[-67.61901,-30.280421],[-67.618474,-30.281135],[-67.617976,-30.281906],[-67.617901,-30.282022],[-67.61782,-30.282146],[-67.617344,-30.283217],[-67.616987,-30.283633],[-67.616273,-30.284407],[-67.614608,-30.285121],[-67.613959,-30.285205],[-67.613868,-30.285217],[-67.61324,-30.285299],[-67.612773,-30.285664],[-67.612285,-30.286009],[-67.611583,-30.286151],[-67.611194,-30.286137],[-67.611012,-30.286104],[-67.610976,-30.286121],[-67.610834,-30.286187],[-67.610703,-30.286306],[-67.610287,-30.286651],[-67.610049,-30.286948],[-67.60962,-30.287353],[-67.609121,-30.287936],[-67.608788,-30.288317],[-67.608028,-30.2894],[-67.607945,-30.289463],[-67.607112,-30.290653],[-67.606789,-30.291255],[-67.606682,-30.291553],[-67.606539,-30.292052],[-67.606514,-30.292744],[-67.606491,-30.293373],[-67.605076,-30.294087],[-67.604207,-30.294456],[-67.602875,-30.295407],[-67.601697,-30.295729],[-67.600814,-30.295741],[-67.59932,-30.296423],[-67.596224,-30.297906],[-67.590873,-30.298148],[-67.590894,-30.303913],[-67.590932,-30.313912],[-67.59123,-30.314864],[-67.59123,-30.315459],[-67.591408,-30.316232],[-67.591467,-30.31766],[-67.591586,-30.318076],[-67.591646,-30.319682],[-67.591824,-30.320575],[-67.592255,-30.32177],[-67.592193,-30.322477],[-67.591819,-30.323703],[-67.591819,-30.324804],[-67.592068,-30.325822],[-67.591705,-30.326285],[-67.591111,-30.327416],[-67.590992,-30.328546],[-67.590516,-30.329557],[-67.589742,-30.330747],[-67.589504,-30.331639],[-67.589148,-30.332353],[-67.588969,-30.332948],[-67.588196,-30.334375],[-67.587952,-30.335352],[-67.587898,-30.335565],[-67.587422,-30.336279],[-67.587244,-30.337112],[-67.587125,-30.337409],[-67.586768,-30.338658],[-67.586173,-30.340027],[-67.586233,-30.340443],[-67.586022,-30.340601],[-67.585995,-30.340622],[-67.585876,-30.341276],[-67.585995,-30.342168],[-67.586055,-30.342424],[-67.586471,-30.344191],[-67.586614,-30.344977],[-67.586828,-30.346154],[-67.582301,-30.360798],[-67.576715,-30.378871],[-67.576596,-30.379942],[-67.576715,-30.380894],[-67.577072,-30.381965],[-67.578024,-30.383511],[-67.578216,-30.384505],[-67.578236,-30.384545],[-67.578499,-30.385058],[-67.579273,-30.387259],[-67.579332,-30.388806],[-67.579451,-30.391185],[-67.579513,-30.391801],[-67.579325,-30.392541],[-67.57895,-30.393395],[-67.578869,-30.394845],[-67.578822,-30.396073],[-67.579032,-30.398027],[-67.578646,-30.400623],[-67.578167,-30.403009],[-67.578012,-30.404177],[-67.577012,-30.406176],[-67.573443,-30.411826],[-67.570064,-30.417176],[-67.56809,-30.420302],[-67.562997,-30.428364],[-67.557474,-30.437109],[-67.554694,-30.441511],[-67.551966,-30.44583],[-67.548005,-30.4521],[-67.545256,-30.456453],[-67.539689,-30.465266],[-67.507849,-30.515677],[-67.502666,-30.523882],[-67.494802,-30.536332],[-67.493493,-30.53776],[-67.492779,-30.538593],[-67.490995,-30.539426],[-67.490281,-30.540734],[-67.488496,-30.541924],[-67.487545,-30.542876],[-67.487307,-30.543709],[-67.48695,-30.54466],[-67.486355,-30.546088],[-67.484927,-30.547992],[-67.483024,-30.548943],[-67.480644,-30.55049],[-67.478741,-30.552869],[-67.476242,-30.55513],[-67.473982,-30.556915],[-67.471721,-30.558699],[-67.469699,-30.55977],[-67.468033,-30.56096],[-67.465535,-30.562744],[-67.464702,-30.563339],[-67.463155,-30.564172],[-67.46137,-30.564648],[-67.459943,-30.565362],[-67.456017,-30.568574],[-67.452566,-30.571786],[-67.446261,-30.577973],[-67.441383,-30.584992],[-67.435672,-30.592131],[-67.430913,-30.598555],[-67.428772,-30.604266],[-67.426749,-30.608787],[-67.424489,-30.61426],[-67.419492,-30.61997],[-67.410093,-30.627466],[-67.405453,-30.62925],[-67.398196,-30.6327],[-67.396087,-30.634333],[-67.394508,-30.635556],[-67.389511,-30.640077],[-67.386655,-30.642932],[-67.38261,-30.645074],[-67.377732,-30.646739],[-67.372855,-30.649832],[-67.366906,-30.65245],[-67.361671,-30.654829],[-67.355247,-30.657447],[-67.334069,-30.665418],[-67.327863,-30.667965],[-67.313487,-30.673865],[-67.298853,-30.681479],[-67.286364,-30.692211],[-67.282792,-30.69528],[-67.261377,-30.72312],[-67.253049,-30.736802],[-67.220569,-30.769162],[-67.20998,-30.787722],[-67.202009,-30.804378],[-67.199273,-30.808067],[-67.197131,-30.813539],[-67.194276,-30.818298],[-67.191897,-30.821392],[-67.189755,-30.825199],[-67.187613,-30.82853],[-67.18333,-30.833527],[-67.180485,-30.836243],[-67.178096,-30.838524],[-67.175443,-30.841884],[-67.174526,-30.843045],[-67.170481,-30.848042],[-67.166198,-30.850897],[-67.162153,-30.853514],[-67.157632,-30.857559],[-67.156333,-30.859458],[-67.154539,-30.86208],[-67.15216,-30.866601],[-67.151833,-30.867],[-67.150018,-30.869219],[-67.146449,-30.874216],[-67.14601,-30.874846],[-67.14391,-30.877866],[-67.142642,-30.879688],[-67.138359,-30.883734],[-67.134076,-30.888254],[-67.13357,-30.888794],[-67.130506,-30.892062],[-67.128841,-30.895631],[-67.125034,-30.897534],[-67.114088,-30.900152],[-67.106817,-30.904779],[-67.106236,-30.905149],[-67.10367,-30.907002],[-67.101953,-30.908242],[-67.100715,-30.908726],[-67.09648,-30.910383],[-67.090531,-30.912287],[-67.086686,-30.913685],[-67.085297,-30.914191],[-67.08207,-30.916096],[-67.10125,-30.967508],[-67.103943,-30.974726],[-67.104116,-30.975297],[-67.116441,-31.016001],[-67.098783,-31.039878],[-67.086469,-31.056529],[-67.066766,-31.083172],[-67.066866,-31.084046],[-67.069424,-31.106301],[-67.073678,-31.143304],[-67.078419,-31.184548],[-67.082288,-31.218205],[-67.092373,-31.305947],[-67.101229,-31.382986],[-67.078271,-31.43397],[-67.078253,-31.433999],[-67.07931,-31.434157],[-67.122942,-31.438016],[-67.149725,-31.438014],[-67.17609,-31.438033],[-67.277158,-31.44815],[-67.278244,-31.448319],[-67.279214,-31.448518],[-67.280632,-31.448397],[-67.282529,-31.447602],[-67.283112,-31.447357],[-67.285275,-31.446421],[-67.287572,-31.445412],[-67.290332,-31.444199],[-67.297426,-31.44102],[-67.29897,-31.44058],[-67.304158,-31.437502],[-67.307594,-31.435284],[-67.311349,-31.432935],[-67.312105,-31.432413],[-67.317753,-31.428398],[-67.318731,-31.427649],[-67.319373,-31.427321],[-67.320949,-31.426515],[-67.322382,-31.425767],[-67.324643,-31.424616],[-67.32523,-31.423505],[-67.326331,-31.421301],[-67.327159,-31.420293],[-67.328903,-31.418567],[-67.330102,-31.417987],[-67.332346,-31.417124],[-67.336286,-31.41612],[-67.340426,-31.415064],[-67.341516,-31.414691],[-67.342843,-31.41276],[-67.343419,-31.412317],[-67.353268,-31.410063],[-67.354164,-31.409299],[-67.354871,-31.40737],[-67.355314,-31.406068],[-67.355758,-31.404135],[-67.356334,-31.403033],[-67.35806,-31.40117],[-67.358928,-31.399603],[-67.359689,-31.397566],[-67.36178,-31.394554],[-67.364052,-31.391463],[-67.36627,-31.388426],[-67.366689,-31.387331],[-67.36849,-31.38528],[-67.37077,-31.382901],[-67.371909,-31.382077],[-67.372752,-31.38014],[-67.372664,-31.379138],[-67.372491,-31.376962],[-67.372616,-31.376432],[-67.373914,-31.37487],[-67.374977,-31.374217],[-67.37748,-31.373473],[-67.378069,-31.372876],[-67.379279,-31.370917],[-67.380048,-31.369628],[-67.381181,-31.367902],[-67.381627,-31.367006],[-67.381878,-31.365836],[-67.381984,-31.364557],[-67.38205,-31.363801],[-67.382238,-31.363271],[-67.383397,-31.361825],[-67.384118,-31.360851],[-67.384639,-31.359911],[-67.385402,-31.358306],[-67.386188,-31.356558],[-67.386869,-31.354835],[-67.388187,-31.352128],[-67.38876,-31.350566],[-67.388943,-31.349694],[-67.38904,-31.348893],[-67.389351,-31.347282],[-67.389475,-31.346824],[-67.38963,-31.345744],[-67.389789,-31.345061],[-67.389933,-31.344007],[-67.389961,-31.343548],[-67.389928,-31.34306],[-67.389842,-31.341923],[-67.38992,-31.339192],[-67.390078,-31.335461],[-67.390558,-31.334403],[-67.390858,-31.33345],[-67.390627,-31.332825],[-67.390762,-31.332322],[-67.390891,-31.331548],[-67.391017,-31.3309],[-67.390911,-31.330358],[-67.390829,-31.329645],[-67.391119,-31.329252],[-67.391308,-31.328632],[-67.391358,-31.328181],[-67.39146,-31.327696],[-67.39151,-31.327237],[-67.391781,-31.326753],[-67.39228,-31.325812],[-67.392015,-31.325331],[-67.392225,-31.324739],[-67.392805,-31.323979],[-67.393054,-31.323541],[-67.393072,-31.323108],[-67.393069,-31.322053],[-67.392772,-31.320381],[-67.39252,-31.318484],[-67.392379,-31.317527],[-67.392241,-31.316975],[-67.392644,-31.31615],[-67.393336,-31.315618],[-67.393997,-31.315022],[-67.394991,-31.314033],[-67.396661,-31.311529],[-67.397749,-31.30992],[-67.398463,-31.308702],[-67.399073,-31.307402],[-67.399444,-31.306595],[-67.399633,-31.305976],[-67.39981,-31.304851],[-67.40048,-31.303705],[-67.401251,-31.302812],[-67.401485,-31.302058],[-67.401691,-31.301637],[-67.402303,-31.300219],[-67.402911,-31.298433],[-67.403338,-31.297401],[-67.403621,-31.296827],[-67.403786,-31.296387],[-67.404371,-31.295908],[-67.404792,-31.295237],[-67.405323,-31.294251],[-67.405613,-31.29265],[-67.405933,-31.291752],[-67.406626,-31.291111],[-67.40764,-31.290763],[-67.408379,-31.290511],[-67.408939,-31.289706],[-67.408993,-31.288994],[-67.408833,-31.288515],[-67.408777,-31.288081],[-67.40829,-31.287074],[-67.408257,-31.286524],[-67.408463,-31.285534],[-67.408682,-31.285014],[-67.4091,-31.284043],[-67.409097,-31.283432],[-67.408405,-31.282693],[-67.406785,-31.28105],[-67.405692,-31.279846],[-67.40408,-31.278311],[-67.403269,-31.277832],[-67.403111,-31.277262],[-67.402971,-31.276809],[-67.402708,-31.276238],[-67.402489,-31.275505],[-67.402728,-31.275066],[-67.402967,-31.274564],[-67.403786,-31.273916],[-67.404808,-31.273108],[-67.405867,-31.272562],[-67.406967,-31.27207],[-67.407741,-31.271638],[-67.4083,-31.271474],[-67.408828,-31.271309],[-67.409548,-31.271534],[-67.410194,-31.271858],[-67.411668,-31.272237],[-67.412439,-31.27194],[-67.413138,-31.271615],[-67.413503,-31.271114],[-67.413555,-31.27052],[-67.413451,-31.269806],[-67.412887,-31.269033],[-67.412769,-31.267886],[-67.412906,-31.267265],[-67.413244,-31.266512],[-67.413826,-31.266213],[-67.414365,-31.266021],[-67.414947,-31.265767],[-67.415648,-31.265243],[-67.41594,-31.26476],[-67.416256,-31.264069],[-67.416496,-31.263522],[-67.416734,-31.263083],[-67.417154,-31.262466],[-67.417581,-31.26203],[-67.418111,-31.261703],[-67.418594,-31.261104],[-67.418511,-31.2604],[-67.418321,-31.259847],[-67.418132,-31.259232],[-67.417716,-31.257694],[-67.417205,-31.256236],[-67.417048,-31.255612],[-67.417068,-31.255017],[-67.417143,-31.254305],[-67.417087,-31.253231],[-67.416622,-31.252207],[-67.416431,-31.250437],[-67.416232,-31.248514],[-67.416261,-31.247396],[-67.416438,-31.246893],[-67.416921,-31.246205],[-67.417775,-31.245394],[-67.418778,-31.244361],[-67.420297,-31.242684],[-67.420989,-31.241448],[-67.421381,-31.240614],[-67.421971,-31.240432],[-67.422607,-31.240702],[-67.423221,-31.240998],[-67.424724,-31.241548],[-67.425342,-31.24161],[-67.425898,-31.24159],[-67.426809,-31.241105],[-67.427979,-31.240163],[-67.428534,-31.238971],[-67.428776,-31.238324],[-67.428958,-31.237434],[-67.428867,-31.236603],[-67.428732,-31.235898],[-67.42851,-31.234732],[-67.4281,-31.232896],[-67.427396,-31.230408],[-67.42764,-31.229626],[-67.427984,-31.229117],[-67.428455,-31.228563],[-67.428777,-31.228134],[-67.429307,-31.227167],[-67.429646,-31.226341],[-67.429918,-31.225768],[-67.430103,-31.225328],[-67.430552,-31.224846],[-67.431667,-31.224021],[-67.433051,-31.222866],[-67.434058,-31.222202],[-67.43452,-31.221603],[-67.435067,-31.220844],[-67.435359,-31.220342],[-67.435817,-31.219284],[-67.435945,-31.21851],[-67.43623,-31.217774],[-67.436286,-31.2169],[-67.436167,-31.21587],[-67.436271,-31.215303],[-67.436453,-31.214449],[-67.438705,-31.210842],[-67.439029,-31.210296],[-67.439294,-31.209442],[-67.439396,-31.208993],[-67.439493,-31.208236],[-67.439438,-31.207731],[-67.439278,-31.207251],[-67.439067,-31.206698],[-67.438823,-31.206217],[-67.438549,-31.205628],[-67.438225,-31.204939],[-67.437796,-31.204248],[-67.437468,-31.203748],[-67.43715,-31.203293],[-67.436955,-31.202425],[-67.437005,-31.201894],[-67.437301,-31.201158],[-67.437775,-31.200406],[-67.437983,-31.19985],[-67.438463,-31.198728],[-67.438726,-31.198037],[-67.438967,-31.197454],[-67.438953,-31.196374],[-67.438799,-31.195396],[-67.438296,-31.194848],[-67.437938,-31.19433],[-67.436586,-31.192303],[-67.435811,-31.19095],[-67.435056,-31.189669],[-67.433758,-31.18757],[-67.432765,-31.186124],[-67.431452,-31.184918],[-67.430144,-31.183504],[-67.429974,-31.182952],[-67.429951,-31.182447],[-67.429993,-31.181807],[-67.430129,-31.181231],[-67.430287,-31.180566],[-67.430606,-31.17965],[-67.430808,-31.17885],[-67.430542,-31.178414],[-67.430088,-31.178003],[-67.429681,-31.177231],[-67.429783,-31.17679],[-67.430243,-31.176237],[-67.430853,-31.17546],[-67.432413,-31.173738],[-67.432868,-31.17286],[-67.433394,-31.172109],[-67.433686,-31.171554],[-67.433655,-31.17094],[-67.433572,-31.170254],[-67.433172,-31.169681],[-67.432686,-31.169269],[-67.430467,-31.1677],[-67.429737,-31.167447],[-67.429104,-31.167061],[-67.429234,-31.166188],[-67.42939,-31.16564],[-67.429754,-31.165157],[-67.430419,-31.164282],[-67.430711,-31.163708],[-67.431006,-31.163044],[-67.431003,-31.162566],[-67.431152,-31.161811],[-67.431789,-31.1607],[-67.432106,-31.159901],[-67.432582,-31.159005],[-67.432899,-31.158225],[-67.433299,-31.15749],[-67.433508,-31.156916],[-67.433747,-31.156413],[-67.434273,-31.155653],[-67.434778,-31.154902],[-67.435795,-31.154301],[-67.436327,-31.153839],[-67.436721,-31.153429],[-67.436991,-31.15299],[-67.43701,-31.152485],[-67.436583,-31.151659],[-67.436471,-31.150792],[-67.436486,-31.149873],[-67.436646,-31.149072],[-67.436587,-31.148179],[-67.436508,-31.147285],[-67.435745,-31.145824],[-67.435076,-31.145112],[-67.434565,-31.144249],[-67.433996,-31.142556],[-67.433598,-31.141848],[-67.433485,-31.141116],[-67.433645,-31.140306],[-67.433957,-31.138543],[-67.433655,-31.13715],[-67.433454,-31.135344],[-67.433871,-31.133555],[-67.434827,-31.13151],[-67.435937,-31.130315],[-67.437641,-31.129299],[-67.439487,-31.128609],[-67.441613,-31.127453],[-67.441927,-31.12688],[-67.442164,-31.126486],[-67.442142,-31.125891],[-67.441817,-31.125228],[-67.44146,-31.124638],[-67.440978,-31.124019],[-67.440574,-31.123698],[-67.440339,-31.123308],[-67.440252,-31.122856],[-67.440418,-31.122371],[-67.441127,-31.121315],[-67.441598,-31.12005],[-67.441811,-31.119204],[-67.441806,-31.118221],[-67.441673,-31.117417],[-67.441829,-31.116797],[-67.442089,-31.116322],[-67.443128,-31.115559],[-67.443814,-31.114684],[-67.443624,-31.114086],[-67.443465,-31.113561],[-67.44317,-31.113035],[-67.442897,-31.112373],[-67.442686,-31.111847],[-67.442463,-31.111367],[-67.442009,-31.110955],[-67.441504,-31.110408],[-67.441124,-31.109953],[-67.440931,-31.109545],[-67.441248,-31.108782],[-67.441517,-31.108352],[-67.441515,-31.107802],[-67.4418,-31.107066],[-67.442316,-31.106928],[-67.443427,-31.106924],[-67.444011,-31.106417],[-67.445126,-31.104924],[-67.445652,-31.103479],[-67.44563,-31.102901],[-67.445575,-31.10245],[-67.445383,-31.102014],[-67.44519,-31.101597],[-67.445002,-31.100937],[-67.444657,-31.100247],[-67.444601,-31.099814],[-67.444642,-31.099246],[-67.444693,-31.098696],[-67.444851,-31.097986],[-67.444984,-31.097519],[-67.445274,-31.097107],[-67.445784,-31.096672],[-67.44626,-31.096398],[-67.447009,-31.096118],[-67.447806,-31.096065],[-67.448664,-31.096138],[-67.449404,-31.096409],[-67.450365,-31.096582],[-67.45117,-31.096718],[-67.451839,-31.096835],[-67.452533,-31.096645],[-67.453252,-31.096256],[-67.454097,-31.095843],[-67.45477,-31.095697],[-67.455275,-31.095559],[-67.456098,-31.095262],[-67.457026,-31.094868],[-67.457832,-31.094959],[-67.458922,-31.094927],[-67.459775,-31.094648],[-67.460519,-31.094053],[-67.461469,-31.092946],[-67.462113,-31.09198],[-67.462448,-31.091389],[-67.462986,-31.091179],[-67.463682,-31.090853],[-67.464423,-31.090393],[-67.465113,-31.089887],[-67.465564,-31.089198],[-67.465749,-31.088759],[-67.465748,-31.08819],[-67.465661,-31.087711],[-67.465554,-31.087223],[-67.465491,-31.086564],[-67.465897,-31.086037],[-67.46648,-31.085647],[-67.467226,-31.08553],[-67.467888,-31.085411],[-67.468532,-31.085085],[-67.468718,-31.084646],[-67.469189,-31.083344],[-67.469897,-31.080998],[-67.469972,-31.080269],[-67.469885,-31.079808],[-67.469326,-31.078692],[-67.468108,-31.07691],[-67.465719,-31.073689],[-67.464589,-31.072251],[-67.463197,-31.070214],[-67.461995,-31.069415],[-67.461089,-31.069053],[-67.459807,-31.068668],[-67.458067,-31.068034],[-67.456112,-31.067154],[-67.455602,-31.066949],[-67.454862,-31.066697],[-67.454529,-31.065899],[-67.45435,-31.065329],[-67.453972,-31.064756],[-67.453323,-31.064045],[-67.45178,-31.063594],[-67.451476,-31.06295],[-67.45158,-31.062356],[-67.452189,-31.061642],[-67.45251,-31.06059],[-67.453062,-31.05947],[-67.453833,-31.059073],[-67.454926,-31.058861],[-67.457376,-31.058277],[-67.458896,-31.05825],[-67.463403,-31.058051],[-67.465565,-31.057834],[-67.467264,-31.057719],[-67.467959,-31.057438],[-67.468439,-31.056912],[-67.469633,-31.056953],[-67.470272,-31.056925],[-67.470973,-31.056987],[-67.471603,-31.056922],[-67.472614,-31.055906],[-67.472746,-31.055475],[-67.472638,-31.055041],[-67.472552,-31.054535],[-67.472497,-31.054074],[-67.472281,-31.053116],[-67.472545,-31.051694],[-67.473147,-31.051395],[-67.473766,-31.051348],[-67.474751,-31.051269],[-67.475789,-31.051245],[-67.476406,-31.051289],[-67.477148,-31.051397],[-67.478027,-31.051461],[-67.478802,-31.050794],[-67.479223,-31.050014],[-67.479677,-31.049785],[-67.480237,-31.049512],[-67.481033,-31.048818],[-67.481719,-31.047834],[-67.482092,-31.04746],[-67.482644,-31.04698],[-67.483609,-31.046883],[-67.48424,-31.046719],[-67.484829,-31.046599],[-67.485517,-31.046139],[-67.485785,-31.045754],[-67.4861,-31.045036],[-67.486449,-31.044148],[-67.486945,-31.043252],[-67.487707,-31.042079],[-67.488404,-31.041736],[-67.488962,-31.041571],[-67.489925,-31.041609],[-67.490722,-31.041537],[-67.491437,-31.041329],[-67.492817,-31.040182],[-67.494435,-31.038551],[-67.494456,-31.037838],[-67.494086,-31.037401],[-67.493309,-31.036878],[-67.493143,-31.036101],[-67.493272,-31.035254],[-67.493353,-31.034705],[-67.493319,-31.034218],[-67.493152,-31.032187],[-67.493097,-31.031681],[-67.493192,-31.03097],[-67.493483,-31.030486],[-67.493961,-31.03005],[-67.494501,-31.029678],[-67.495057,-31.029585],[-67.495773,-31.029377],[-67.496305,-31.029464],[-67.49698,-31.029851],[-67.497593,-31.030192],[-67.49826,-31.030353],[-67.498633,-31.02996],[-67.498999,-31.029297],[-67.499081,-31.028766],[-67.499475,-31.027715],[-67.499843,-31.026953],[-67.499999,-31.026333],[-67.499715,-31.02439],[-67.499394,-31.022836],[-67.498473,-31.020156],[-67.498092,-31.019033],[-67.498318,-31.018007],[-67.49872,-31.017706],[-67.49944,-31.017245],[-67.50007,-31.016459],[-67.500305,-31.015496],[-67.500519,-31.014534],[-67.500516,-31.014056],[-67.500459,-31.013027],[-67.500424,-31.012567],[-67.500362,-31.01115],[-67.500164,-31.00975],[-67.500036,-31.009271],[-67.500003,-31.008675],[-67.499893,-31.007664],[-67.499916,-31.006862],[-67.499934,-31.006384],[-67.499983,-31.005924],[-67.500142,-31.005187],[-67.500218,-31.004322],[-67.500618,-31.003542],[-67.501114,-31.003241],[-67.505265,-30.999592],[-67.50569,-30.999209],[-67.506063,-30.998753],[-67.506411,-30.997928],[-67.505962,-30.997147],[-67.505459,-30.996528],[-67.504802,-30.995682],[-67.504509,-30.995038],[-67.504936,-30.994484],[-67.505499,-30.994003],[-67.505769,-30.993411],[-67.505798,-30.992952],[-67.505689,-30.992499],[-67.505322,-30.991918],[-67.505219,-30.991123],[-67.505612,-30.990776],[-67.506256,-30.990432],[-67.507166,-30.989793],[-67.507534,-30.989022],[-67.507699,-30.988519],[-67.50746,-30.987713],[-67.506611,-30.987135],[-67.505837,-30.98709],[-67.505119,-30.986766],[-67.50366,-30.986353],[-67.502577,-30.986033],[-67.502046,-30.985847],[-67.501513,-30.985796],[-67.501033,-30.985664],[-67.500554,-30.985523],[-67.4996,-30.985611],[-67.499009,-30.985929],[-67.498296,-30.98602],[-67.497762,-30.986014],[-67.497203,-30.985646],[-67.49697,-30.985094],[-67.496479,-30.982391],[-67.495819,-30.98177],[-67.495373,-30.980827],[-67.494864,-30.979929],[-67.494451,-30.978878],[-67.494183,-30.977937],[-67.494271,-30.977045],[-67.494595,-30.976381],[-67.495129,-30.97572],[-67.495904,-30.975008],[-67.496526,-30.974718],[-67.496971,-30.974353],[-67.497862,-30.973642],[-67.498552,-30.973001],[-67.499033,-30.972384],[-67.499547,-30.971587],[-67.500244,-30.970531],[-67.500659,-30.969418],[-67.501165,-30.969216],[-67.501727,-30.968736],[-67.502232,-30.967867],[-67.502928,-30.966216],[-67.503284,-30.9642],[-67.502999,-30.963006],[-67.501808,-30.960855],[-67.501387,-30.960372],[-67.501037,-30.959962],[-67.500533,-30.959406],[-67.499905,-30.958777],[-67.499482,-30.958384],[-67.499174,-30.957992],[-67.498771,-30.95769],[-67.498328,-30.957207],[-67.497604,-30.956676],[-67.497454,-30.956241],[-67.497455,-30.955511],[-67.498069,-30.955058],[-67.49844,-30.954755],[-67.499115,-30.954439],[-67.499622,-30.95412],[-67.499962,-30.953781],[-67.500262,-30.953343],[-67.500603,-30.952932],[-67.500902,-30.952548],[-67.500825,-30.952105],[-67.501388,-30.951552],[-67.50237,-30.951004],[-67.502875,-30.950181],[-67.50301,-30.949569],[-67.503231,-30.948787],[-67.503658,-30.948242],[-67.504556,-30.947693],[-67.505331,-30.947648],[-67.506072,-30.947765],[-67.506684,-30.948132],[-67.507141,-30.948363],[-67.507693,-30.948496],[-67.508438,-30.948405],[-67.509155,-30.948044],[-67.50982,-30.947682],[-67.510592,-30.947131],[-67.511453,-30.946239],[-67.511502,-30.945762],[-67.511554,-30.94514],[-67.511742,-30.944475],[-67.511983,-30.943811],[-67.512549,-30.94306],[-67.514143,-30.941455],[-67.514845,-30.940723],[-67.515427,-30.94027],[-67.516118,-30.939602],[-67.516491,-30.939173],[-67.516678,-30.938553],[-67.516633,-30.938074],[-67.516896,-30.937338],[-67.517215,-30.936999],[-67.517754,-30.936653],[-67.519061,-30.935325],[-67.520337,-30.933977],[-67.521643,-30.932766],[-67.522918,-30.931491],[-67.523775,-30.930806],[-67.524758,-30.930186],[-67.525473,-30.929915],[-67.526143,-30.929913],[-67.527017,-30.930194],[-67.529726,-30.930288],[-67.530393,-30.929763],[-67.530569,-30.929547],[-67.530597,-30.929513],[-67.530653,-30.929444],[-67.530787,-30.929281],[-67.530833,-30.92924],[-67.531349,-30.928782],[-67.532599,-30.927777],[-67.533054,-30.9271],[-67.533188,-30.9269],[-67.533333,-30.926396],[-67.533508,-30.925786],[-67.534176,-30.924549],[-67.53474,-30.923906],[-67.535806,-30.923241],[-67.536312,-30.922995],[-67.537136,-30.921823],[-67.537808,-30.920955],[-67.538818,-30.919858],[-67.539859,-30.918832],[-67.540605,-30.917894],[-67.541308,-30.917322],[-67.54159,-30.917093],[-67.542151,-30.916685],[-67.542837,-30.915583],[-67.543238,-30.914],[-67.54378,-30.912059],[-67.544612,-30.910273],[-67.544924,-30.909727],[-67.545753,-30.908807],[-67.54674,-30.907871],[-67.547538,-30.907005],[-67.548042,-30.906154],[-67.548286,-30.905237],[-67.54888,-30.904008],[-67.549913,-30.902793],[-67.550789,-30.902271],[-67.552204,-30.901376],[-67.552945,-30.90078],[-67.553863,-30.899546],[-67.554633,-30.898382],[-67.555294,-30.897515],[-67.555905,-30.896575],[-67.556071,-30.895954],[-67.556552,-30.895247],[-67.557377,-30.893922],[-67.558364,-30.892246],[-67.55919,-30.890876],[-67.561219,-30.887399],[-67.561858,-30.886622],[-67.562313,-30.88623],[-67.562787,-30.885983],[-67.563294,-30.885663],[-67.564278,-30.884908],[-67.565052,-30.884177],[-67.565455,-30.883767],[-67.565935,-30.883168],[-67.56654,-30.882552],[-67.567524,-30.881796],[-67.568032,-30.88136],[-67.568506,-30.881131],[-67.56963,-30.880792],[-67.570397,-30.88052],[-67.571092,-30.88024],[-67.571697,-30.879579],[-67.571971,-30.878779],[-67.572074,-30.878185],[-67.572075,-30.877383],[-67.572131,-30.876445],[-67.572217,-30.875571],[-67.572081,-30.874839],[-67.571793,-30.873835],[-67.571768,-30.872708],[-67.572039,-30.87207],[-67.572337,-30.871704],[-67.572816,-30.871105],[-67.573934,-30.869043],[-67.574327,-30.868614],[-67.574837,-30.868088],[-67.575106,-30.867541],[-67.574969,-30.866944],[-67.575661,-30.866095],[-67.576439,-30.865797],[-67.576812,-30.865296],[-67.577555,-30.864583],[-67.578484,-30.863925],[-67.57944,-30.863647],[-67.581013,-30.863331],[-67.581435,-30.863083],[-67.581912,-30.862574],[-67.582098,-30.862071],[-67.582523,-30.861589],[-67.583063,-30.86109],[-67.583752,-30.860475],[-67.584279,-30.860174],[-67.584921,-30.859856],[-67.585772,-30.859586],[-67.586331,-30.859286],[-67.586997,-30.858779],[-67.587448,-30.857936],[-67.587978,-30.857437],[-67.588643,-30.856975],[-67.589704,-30.856653],[-67.590347,-30.85629],[-67.590902,-30.856224],[-67.591459,-30.855996],[-67.591727,-30.855557],[-67.59184,-30.855008],[-67.591812,-30.854051],[-67.591843,-30.853339],[-67.592164,-30.852125],[-67.592532,-30.851228],[-67.593012,-30.850565],[-67.593491,-30.85002],[-67.594022,-30.849449],[-67.594741,-30.84888],[-67.596659,-30.8478],[-67.597638,-30.847342],[-67.59823,-30.846843],[-67.598146,-30.846175],[-67.597861,-30.845631],[-67.597755,-30.845034],[-67.597521,-30.843904],[-67.597972,-30.843017],[-67.598554,-30.842563],[-67.598877,-30.841899],[-67.599062,-30.841414],[-67.599753,-30.84061],[-67.600925,-30.83908],[-67.601728,-30.837754],[-67.603186,-30.835948],[-67.603855,-30.835189],[-67.60462,-30.834322],[-67.605294,-30.833247],[-67.605478,-30.832807],[-67.606139,-30.83194],[-67.607098,-30.831418],[-67.608024,-30.830977],[-67.610103,-30.830251],[-67.611429,-30.829634],[-67.6131,-30.828993],[-67.614718,-30.828397],[-67.61605,-30.828078],[-67.61719,-30.827991],[-67.618019,-30.827738],[-67.619744,-30.826945],[-67.621232,-30.82596],[-67.621919,-30.82539],[-67.622717,-30.824451],[-67.623122,-30.823851],[-67.62365,-30.82346],[-67.624899,-30.823077],[-67.625428,-30.822622],[-67.62612,-30.821746],[-67.626204,-30.821016],[-67.626599,-30.82038],[-67.627503,-30.81928],[-67.628411,-30.818641],[-67.629894,-30.817953],[-67.630671,-30.817681],[-67.631679,-30.817358],[-67.632632,-30.816467],[-67.633145,-30.81566],[-67.633385,-30.81495],[-67.633225,-30.814426],[-67.632721,-30.813897],[-67.632244,-30.813622],[-67.631717,-30.81321],[-67.630891,-30.81248],[-67.63073,-30.811333],[-67.631241,-30.810644],[-67.631529,-30.810232],[-67.631904,-30.809596],[-67.632413,-30.808356],[-67.632787,-30.807738],[-67.633636,-30.8068],[-67.634301,-30.806365],[-67.635199,-30.805608],[-67.636324,-30.80442],[-67.636856,-30.803714],[-67.637542,-30.803252],[-67.638047,-30.80296],[-67.639052,-30.802862],[-67.640173,-30.802657],[-67.640732,-30.802275],[-67.641104,-30.801792],[-67.641282,-30.801036],[-67.641237,-30.800486],[-67.641582,-30.799019],[-67.641694,-30.798497],[-67.641879,-30.797967],[-67.64228,-30.797692],[-67.642908,-30.797599],[-67.643867,-30.797763],[-67.644949,-30.798063],[-67.645481,-30.798149],[-67.646097,-30.798129],[-67.646896,-30.797767],[-67.647872,-30.796758],[-67.64764,-30.796116],[-67.648087,-30.795543],[-67.648563,-30.795133],[-67.649468,-30.794656],[-67.650423,-30.794377],[-67.651253,-30.794034],[-67.65213,-30.794079],[-67.653451,-30.793714],[-67.65459,-30.793717],[-67.655572,-30.7937],[-67.656556,-30.793539],[-67.65767,-30.793081],[-67.659395,-30.791476],[-67.659903,-30.791021],[-67.660599,-30.790559],[-67.661549,-30.789857],[-67.662167,-30.788961],[-67.662802,-30.788345],[-67.663539,-30.787929],[-67.664396,-30.78718],[-67.66514,-30.786259],[-67.665402,-30.785432],[-67.66557,-30.784631],[-67.665225,-30.783897],[-67.664716,-30.782891],[-67.664083,-30.781081],[-67.664221,-30.780189],[-67.664596,-30.779499],[-67.664937,-30.779042],[-67.665447,-30.778407],[-67.666155,-30.77781],[-67.66696,-30.776989],[-67.667651,-30.776139],[-67.667782,-30.77568],[-67.667865,-30.774969],[-67.667992,-30.774122],[-67.668313,-30.773548],[-67.669033,-30.772861],[-67.670177,-30.771673],[-67.671124,-30.771151],[-67.671739,-30.771266],[-67.672402,-30.771651],[-67.672721,-30.771997],[-67.673143,-30.772479],[-67.673701,-30.772909],[-67.674546,-30.772981],[-67.67529,-30.772799],[-67.675928,-30.771949],[-67.676674,-30.770856],[-67.677524,-30.769088],[-67.677208,-30.768472],[-67.677393,-30.767968],[-67.678295,-30.767671],[-67.678805,-30.767829],[-67.67946,-30.768035],[-67.679966,-30.76841],[-67.680757,-30.768616],[-67.681343,-30.768586],[-67.681876,-30.768546],[-67.682623,-30.768157],[-67.683151,-30.76772],[-67.683764,-30.767194],[-67.683947,-30.766781],[-67.683943,-30.766303],[-67.683711,-30.765724],[-67.683469,-30.765036],[-67.683477,-30.762953],[-67.68401,-30.762128],[-67.684543,-30.761376],[-67.685234,-30.760436],[-67.685261,-30.759977],[-67.684751,-30.759133],[-67.684335,-30.758218],[-67.684681,-30.757319],[-67.68497,-30.756799],[-67.685394,-30.756379],[-67.686291,-30.755676],[-67.687442,-30.754759],[-67.688152,-30.753999],[-67.68871,-30.753635],[-67.689534,-30.752976],[-67.690148,-30.752333],[-67.690573,-30.751805],[-67.691022,-30.751025],[-67.692884,-30.748464],[-67.693574,-30.747588],[-67.69416,-30.746764],[-67.694639,-30.746083],[-67.695462,-30.744657],[-67.695595,-30.744136],[-67.696022,-30.7434],[-67.696446,-30.742963],[-67.697056,-30.742599],[-67.697822,-30.742345],[-67.699705,-30.741318],[-67.700214,-30.740701],[-67.700719,-30.740453],[-67.701298,-30.74008],[-67.702783,-30.739121],[-67.704082,-30.73798],[-67.705436,-30.736676],[-67.706239,-30.735963],[-67.707167,-30.735296],[-67.708654,-30.734201],[-67.709238,-30.73344],[-67.709371,-30.732874],[-67.70942,-30.732324],[-67.709848,-30.730741],[-67.710064,-30.730211],[-67.710567,-30.729341],[-67.712587,-30.727377],[-67.715822,-30.724334],[-67.716672,-30.723945],[-67.717514,-30.723457],[-67.717998,-30.723137],[-67.71813,-30.722661],[-67.71797,-30.722136],[-67.718423,-30.721789],[-67.719136,-30.721624],[-67.720458,-30.721078],[-67.721044,-30.720985],[-67.721628,-30.721036],[-67.722081,-30.720734],[-67.723244,-30.719618],[-67.724208,-30.718563],[-67.724838,-30.717442],[-67.725397,-30.716248],[-67.725722,-30.715331],[-67.726008,-30.714251],[-67.726042,-30.713224],[-67.726122,-30.711872],[-67.726488,-30.711027],[-67.726653,-30.710407],[-67.726972,-30.70995],[-67.727342,-30.709584],[-67.727892,-30.709057],[-67.728664,-30.708325],[-67.72912,-30.707752],[-67.729859,-30.707083],[-67.730179,-30.706563],[-67.73055,-30.706143],[-67.731189,-30.705942],[-67.731797,-30.705785],[-67.732458,-30.70553],[-67.733309,-30.705097],[-67.733808,-30.704452],[-67.734417,-30.704133],[-67.735195,-30.703762],[-67.735911,-30.703282],[-67.736302,-30.702871],[-67.736887,-30.702877],[-67.737419,-30.702855],[-67.738108,-30.702871],[-67.738641,-30.702831],[-67.73954,-30.702695],[-67.740227,-30.702873],[-67.740971,-30.702574],[-67.741444,-30.702326],[-67.741587,-30.701822],[-67.741269,-30.701386],[-67.740812,-30.701156],[-67.740097,-30.700815],[-67.73936,-30.700511],[-67.738721,-30.6999],[-67.738062,-30.699163],[-67.737444,-30.698544],[-67.73673,-30.697265],[-67.736385,-30.695684],[-67.73605,-30.69421],[-67.73618,-30.693003],[-67.73645,-30.69149],[-67.736902,-30.690485],[-67.736922,-30.689772],[-67.737271,-30.688603],[-67.737351,-30.687269],[-67.737112,-30.686338],[-67.736899,-30.685921],[-67.736553,-30.685187],[-67.736427,-30.684501],[-67.736502,-30.683518],[-67.736588,-30.682554],[-67.737013,-30.681133],[-67.737225,-30.68008],[-67.737671,-30.679489],[-67.737942,-30.678752],[-67.738687,-30.677587],[-67.740085,-30.676004],[-67.740377,-30.675249],[-67.740752,-30.67445],[-67.741175,-30.674012],[-67.741971,-30.673759],[-67.742558,-30.673557],[-67.743348,-30.67305],[-67.744223,-30.672292],[-67.745397,-30.671077],[-67.74579,-30.669755],[-67.745847,-30.668556],[-67.745937,-30.666482],[-67.745713,-30.66602],[-67.745016,-30.665896],[-67.744052,-30.666203],[-67.74357,-30.666351],[-67.743058,-30.666383],[-67.742557,-30.666396],[-67.741995,-30.666336],[-67.741172,-30.66622],[-67.740606,-30.665592],[-67.740831,-30.66517],[-67.741433,-30.664572],[-67.74228,-30.664409],[-67.743316,-30.663427],[-67.745005,-30.661865],[-67.746494,-30.661284],[-67.748611,-30.659744],[-67.750189,-30.657883],[-67.751145,-30.656603],[-67.751165,-30.655827],[-67.751011,-30.654816],[-67.751502,-30.651537],[-67.751921,-30.648971],[-67.752339,-30.648118],[-67.752812,-30.647825],[-67.754513,-30.646949],[-67.755519,-30.645759],[-67.756647,-30.644038],[-67.757786,-30.643075],[-67.758394,-30.642792],[-67.759273,-30.642584],[-67.759272,-30.641853],[-67.759345,-30.640248],[-67.75968,-30.639305],[-67.760373,-30.638914],[-67.76124,-30.638003],[-67.761292,-30.637264],[-67.761696,-30.636645],[-67.762222,-30.636235],[-67.762301,-30.635776],[-67.762112,-30.635107],[-67.761549,-30.634218],[-67.760855,-30.6322],[-67.759607,-30.631151],[-67.758574,-30.630374],[-67.757957,-30.629692],[-67.758252,-30.628612],[-67.758646,-30.627967],[-67.759432,-30.626865],[-67.760548,-30.625243],[-67.76152,-30.624206],[-67.761572,-30.623404],[-67.762309,-30.622049],[-67.762788,-30.621269],[-67.763655,-30.620393],[-67.764553,-30.619482],[-67.765718,-30.618059],[-67.76635,-30.61673],[-67.766644,-30.615759],[-67.76608,-30.61496],[-67.765121,-30.614969],[-67.76319,-30.615104],[-67.762108,-30.614904],[-67.76197,-30.614307],[-67.761862,-30.613783],[-67.762098,-30.613271],[-67.762202,-30.61247],[-67.762225,-30.611469],[-67.762567,-30.610778],[-67.762992,-30.610159],[-67.764153,-30.609052],[-67.76444,-30.608622],[-67.764809,-30.607516],[-67.764888,-30.607012],[-67.765239,-30.606483],[-67.76566,-30.606162],[-67.7665,-30.605683],[-67.766957,-30.605065],[-67.767235,-30.603706],[-67.767181,-30.602975],[-67.766575,-30.601463],[-67.765636,-30.600642],[-67.763857,-30.598749],[-67.762768,-30.597467],[-67.762341,-30.596615],[-67.7625,-30.595544],[-67.763475,-30.594299],[-67.764218,-30.592493],[-67.764605,-30.591523],[-67.765323,-30.59079],[-67.766593,-30.590171],[-67.766936,-30.589372],[-67.767008,-30.587857],[-67.767006,-30.586324],[-67.766894,-30.585313],[-67.766681,-30.583985],[-67.767813,-30.582742],[-67.767945,-30.582193],[-67.768397,-30.581872],[-67.769344,-30.581981],[-67.77023,-30.582025],[-67.771015,-30.581771],[-67.771594,-30.581316],[-67.771909,-30.580264],[-67.771673,-30.579134],[-67.771347,-30.578563],[-67.770923,-30.578316],[-67.769599,-30.577519],[-67.769648,-30.576879],[-67.770125,-30.576252],[-67.771633,-30.575698],[-67.772378,-30.575308],[-67.773173,-30.575126],[-67.773965,-30.575097],[-67.774833,-30.574871],[-67.775896,-30.574115],[-67.776711,-30.572255],[-67.776807,-30.571246],[-67.776458,-30.569204],[-67.775682,-30.567032],[-67.775077,-30.566278],[-67.774311,-30.565865],[-67.773745,-30.565292],[-67.77337,-30.564422],[-67.773026,-30.563643],[-67.772364,-30.563231],[-67.771416,-30.563195],[-67.770538,-30.563358],[-67.76826,-30.563842],[-67.766966,-30.564001],[-67.766092,-30.563],[-67.765771,-30.562059],[-67.765717,-30.561373],[-67.765818,-30.560824],[-67.766557,-30.56002],[-67.768457,-30.558937],[-67.770102,-30.558267],[-67.772057,-30.55696],[-67.772842,-30.555903],[-67.773218,-30.554941],[-67.773395,-30.553338],[-67.773361,-30.552715],[-67.773021,-30.551575],[-67.772646,-30.550751],[-67.77198,-30.549807],[-67.76986,-30.549354],[-67.768451,-30.548718],[-67.767918,-30.547983],[-67.766672,-30.546798],[-67.766407,-30.546336],[-67.766278,-30.545839],[-67.766435,-30.544938],[-67.765925,-30.544077],[-67.765235,-30.543457],[-67.764678,-30.543019],[-67.764361,-30.542565],[-67.764201,-30.54204],[-67.76401,-30.54064],[-67.763898,-30.539584],[-67.763764,-30.538645],[-67.763814,-30.537202],[-67.76408,-30.535942],[-67.764102,-30.535004],[-67.764329,-30.533536],[-67.764513,-30.532988],[-67.765045,-30.532136],[-67.766155,-30.530875],[-67.767054,-30.530622],[-67.768318,-30.53039],[-67.769323,-30.529976],[-67.770195,-30.529443],[-67.771229,-30.52754],[-67.771964,-30.526303],[-67.77262,-30.525479],[-67.773543,-30.524965],[-67.775102,-30.524411],[-67.776011,-30.524257],[-67.776611,-30.523722],[-67.776879,-30.523102],[-67.777184,-30.521229],[-67.777239,-30.519371],[-67.777176,-30.516899],[-67.777599,-30.516389],[-67.778476,-30.516253],[-67.77924,-30.515954],[-67.779848,-30.515608],[-67.780876,-30.514228],[-67.781604,-30.512648],[-67.782342,-30.51031],[-67.782103,-30.508612],[-67.781195,-30.507034],[-67.779844,-30.505939],[-67.778037,-30.504677],[-67.776024,-30.504045],[-67.773773,-30.503366],[-67.772311,-30.502766],[-67.770651,-30.502275],[-67.770008,-30.502085],[-67.769111,-30.50131],[-67.769109,-30.500643],[-67.769212,-30.499931],[-67.769479,-30.499411],[-67.770103,-30.498632],[-67.771162,-30.498074],[-67.772012,-30.49755],[-67.772909,-30.496647],[-67.773535,-30.495706],[-67.774615,-30.494309],[-67.7753,-30.493666],[-67.777336,-30.492423],[-67.778449,-30.491738],[-67.778951,-30.491572],[-67.779692,-30.491434],[-67.780963,-30.490535],[-67.782355,-30.489204],[-67.783752,-30.487369],[-67.784601,-30.486105],[-67.785441,-30.484751],[-67.786121,-30.48445],[-67.787475,-30.483651],[-67.788473,-30.482957],[-67.789055,-30.482133],[-67.789657,-30.480686],[-67.790109,-30.479446],[-67.790234,-30.478644],[-67.790369,-30.477779],[-67.790232,-30.477066],[-67.789298,-30.475145],[-67.789449,-30.473902],[-67.790397,-30.472143],[-67.79129,-30.470717],[-67.793224,-30.469219],[-67.793718,-30.468809],[-67.793799,-30.468169],[-67.793826,-30.467728],[-67.793449,-30.467048],[-67.793025,-30.465944],[-67.792784,-30.465256],[-67.792647,-30.464479],[-67.792591,-30.463171],[-67.792324,-30.462005],[-67.791795,-30.460999],[-67.790885,-30.459628],[-67.790622,-30.45903],[-67.790649,-30.45766],[-67.790482,-30.456856],[-67.790643,-30.456442],[-67.790594,-30.455943],[-67.79056,-30.455594],[-67.790503,-30.455133],[-67.790501,-30.454475],[-67.790846,-30.453513],[-67.790925,-30.453071],[-67.790837,-30.452593],[-67.790223,-30.450855],[-67.789162,-30.449114],[-67.788888,-30.447695],[-67.789021,-30.447056],[-67.789714,-30.446593],[-67.790052,-30.446182],[-67.790265,-30.445787],[-67.790525,-30.444941],[-67.791205,-30.443838],[-67.791973,-30.443223],[-67.792473,-30.443128],[-67.792983,-30.443169],[-67.79519,-30.44318],[-67.796949,-30.443188],[-67.798531,-30.443157],[-67.798767,-30.442627],[-67.79932,-30.440792],[-67.799573,-30.438874],[-67.800367,-30.43779],[-67.801131,-30.437445],[-67.802345,-30.436888],[-67.802981,-30.435928],[-67.803082,-30.435397],[-67.803347,-30.434137],[-67.803443,-30.433083],[-67.804211,-30.432377],[-67.804895,-30.431797],[-67.805947,-30.43086],[-67.807187,-30.429915],[-67.807822,-30.429019],[-67.807977,-30.428263],[-67.808004,-30.427785],[-67.808004,-30.426883],[-67.807838,-30.426015],[-67.807273,-30.424576],[-67.807041,-30.423934],[-67.80711,-30.422509],[-67.807245,-30.421753],[-67.807398,-30.421141],[-67.807501,-30.420312],[-67.807366,-30.419508],[-67.807151,-30.418343],[-67.806913,-30.417357],[-67.806745,-30.416625],[-67.806742,-30.41603],[-67.806802,-30.41539],[-67.806871,-30.414841],[-67.807344,-30.413573],[-67.80747,-30.412609],[-67.807345,-30.411787],[-67.806888,-30.410872],[-67.806247,-30.410533],[-67.805719,-30.410257],[-67.805239,-30.409522],[-67.805051,-30.408727],[-67.805181,-30.407483],[-67.80576,-30.406063],[-67.806102,-30.405309],[-67.806418,-30.404184],[-67.806457,-30.401822],[-67.806323,-30.400864],[-67.806111,-30.400312],[-67.80571,-30.399948],[-67.8051,-30.399563],[-67.804658,-30.399126],[-67.804017,-30.397939],[-67.804036,-30.39729],[-67.804302,-30.396787],[-67.804885,-30.395918],[-67.805145,-30.395045],[-67.805689,-30.393968],[-67.806347,-30.392846],[-67.807248,-30.392358],[-67.808512,-30.391991],[-67.809071,-30.391347],[-67.809329,-30.390682],[-67.809216,-30.389625],[-67.808792,-30.388575],[-67.808506,-30.388167],[-67.807896,-30.387819],[-67.807181,-30.387596],[-67.806751,-30.387023],[-67.806964,-30.38661],[-67.807416,-30.386263],[-67.809071,-30.385322],[-67.809868,-30.38477],[-67.810176,-30.384241],[-67.810205,-30.383645],[-67.810517,-30.382791],[-67.810598,-30.381214],[-67.810717,-30.379952],[-67.810818,-30.378537],[-67.811669,-30.377823],[-67.812378,-30.377685],[-67.813386,-30.377794],[-67.814965,-30.37797],[-67.816294,-30.378199],[-67.817874,-30.378312],[-67.81901,-30.378124],[-67.819751,-30.377887],[-67.820524,-30.377633],[-67.821393,-30.377199],[-67.821835,-30.376761],[-67.822021,-30.376005],[-67.822074,-30.374995],[-67.822039,-30.37449],[-67.821911,-30.373875],[-67.821505,-30.373051],[-67.821108,-30.372271],[-67.820969,-30.370899],[-67.821496,-30.369434],[-67.821989,-30.367346],[-67.822484,-30.365988],[-67.823378,-30.364337],[-67.823876,-30.363538],[-67.824382,-30.363011],[-67.825693,-30.362039],[-67.82649,-30.361533],[-67.827515,-30.361073],[-67.828413,-30.360774],[-67.829527,-30.360613],[-67.830243,-30.360818],[-67.831719,-30.360903],[-67.832407,-30.360765],[-67.83293,-30.36049],[-67.833563,-30.359747],[-67.834721,-30.358558],[-67.835958,-30.356837],[-67.837798,-30.35431],[-67.838458,-30.353026],[-67.838792,-30.352018],[-67.838926,-30.35128],[-67.83897,-30.350162],[-67.838881,-30.347978],[-67.839143,-30.346953],[-67.839617,-30.34647],[-67.840309,-30.346007],[-67.841277,-30.344996],[-67.841408,-30.344537],[-67.841488,-30.343898],[-67.841856,-30.343531],[-67.842195,-30.343047],[-67.842747,-30.342078],[-67.843487,-30.341074],[-67.844089,-30.340268],[-67.844772,-30.339624],[-67.845591,-30.338937],[-67.846088,-30.338265],[-67.846375,-30.337762],[-67.847662,-30.336159],[-67.849349,-30.334136],[-67.849521,-30.33365],[-67.849759,-30.332922],[-67.850192,-30.332321],[-67.850729,-30.331758],[-67.851528,-30.331007],[-67.852273,-30.330436],[-67.853998,-30.329631],[-67.855098,-30.328946],[-67.855386,-30.328308],[-67.855728,-30.326588],[-67.856001,-30.325445],[-67.855799,-30.324938],[-67.855705,-30.324823],[-67.855307,-30.324339],[-67.854512,-30.323881],[-67.853621,-30.323593],[-67.852544,-30.323196],[-67.851468,-30.322754],[-67.850758,-30.322152],[-67.850235,-30.321507],[-67.849933,-30.320675],[-67.850045,-30.319963],[-67.850606,-30.319165],[-67.851283,-30.31817],[-67.851631,-30.317758],[-67.852737,-30.317398],[-67.853405,-30.317151],[-67.854232,-30.316626],[-67.854875,-30.315928],[-67.855228,-30.315084],[-67.855442,-30.314535],[-67.855926,-30.314034],[-67.856776,-30.313347],[-67.857466,-30.313038],[-67.858183,-30.313044],[-67.858888,-30.313249],[-67.859729,-30.313283],[-67.86161,-30.313362],[-67.862385,-30.312864],[-67.862566,-30.31246],[-67.862966,-30.312093],[-67.863478,-30.311818],[-67.86446,-30.311466],[-67.865703,-30.310927],[-67.866447,-30.310401],[-67.867576,-30.308922],[-67.868036,-30.307799],[-67.868292,-30.306385],[-67.868015,-30.305138],[-67.867742,-30.30353],[-67.867549,-30.302275],[-67.867084,-30.301125],[-67.866857,-30.300086],[-67.866601,-30.298848],[-67.866358,-30.297331],[-67.866683,-30.296233],[-67.866931,-30.295414],[-67.867363,-30.294913],[-67.868241,-30.294461],[-67.869458,-30.294426],[-67.870356,-30.294064],[-67.870789,-30.293445],[-67.871092,-30.292438],[-67.871389,-30.291024],[-67.871665,-30.290521],[-67.872703,-30.289683],[-67.873584,-30.289023],[-67.874588,-30.288499],[-67.876445,-30.287857],[-67.878165,-30.287411],[-67.878939,-30.286976],[-67.880132,-30.286256],[-67.881218,-30.285778],[-67.882328,-30.285977],[-67.883943,-30.285576],[-67.885066,-30.284665],[-67.885483,-30.283789],[-67.886227,-30.284928],[-67.885983,-30.285359],[-67.885996,-30.285486],[-67.88603,-30.285819],[-67.88639,-30.286147],[-67.887052,-30.286396],[-67.888283,-30.286893],[-67.889082,-30.287008],[-67.890012,-30.28661],[-67.89065,-30.286219],[-67.891206,-30.285746],[-67.891472,-30.285216],[-67.891855,-30.284398],[-67.892126,-30.283417],[-67.892474,-30.28296],[-67.893195,-30.282642],[-67.894178,-30.282127],[-67.895059,-30.281422],[-67.895727,-30.28021],[-67.896215,-30.279276],[-67.896434,-30.27833],[-67.896523,-30.277808],[-67.896894,-30.277171],[-67.897562,-30.276879],[-67.8988,-30.276727],[-67.899671,-30.276915],[-67.900644,-30.277247],[-67.901598,-30.277481],[-67.902674,-30.277905],[-67.90346,-30.278227],[-67.904063,-30.278232],[-67.904596,-30.277984],[-67.905078,-30.277573],[-67.905272,-30.276961],[-67.905351,-30.276457],[-67.905095,-30.276085],[-67.904725,-30.275712],[-67.903765,-30.274198],[-67.903463,-30.273347],[-67.903581,-30.272086],[-67.903929,-30.271583],[-67.904229,-30.27081],[-67.903947,-30.269978],[-67.903904,-30.26913],[-67.903966,-30.268255],[-67.904395,-30.267095],[-67.904937,-30.265927],[-67.905398,-30.26465],[-67.90624,-30.262754],[-67.906627,-30.26163],[-67.9067,-30.261356],[-67.906898,-30.260622],[-67.906859,-30.259413],[-67.90703,-30.258062],[-67.907651,-30.256389],[-67.907848,-30.255516],[-67.908442,-30.254375],[-67.908909,-30.254151],[-67.908996,-30.254109],[-67.909424,-30.253878],[-67.910679,-30.253158],[-67.911583,-30.252228],[-67.911319,-30.251693],[-67.911013,-30.251122],[-67.910991,-30.250338],[-67.911218,-30.249537],[-67.911536,-30.248926],[-67.912821,-30.247376],[-67.913724,-30.246482],[-67.914528,-30.246146],[-67.915422,-30.246063],[-67.916377,-30.246161],[-67.917352,-30.246286],[-67.918225,-30.24637],[-67.918587,-30.246405],[-67.9198,-30.246622],[-67.920585,-30.247016],[-67.921442,-30.247759],[-67.921553,-30.247854],[-67.922028,-30.248111],[-67.922953,-30.248046],[-67.924243,-30.247894],[-67.925272,-30.247858],[-67.926248,-30.247956],[-67.928181,-30.2479],[-67.930136,-30.247708],[-67.932114,-30.247309],[-67.932967,-30.247181],[-67.933843,-30.246909],[-67.934932,-30.246115],[-67.936521,-30.245162],[-67.937132,-30.245375],[-67.938073,-30.245752],[-67.939421,-30.246079],[-67.940158,-30.24613],[-67.941496,-30.24633],[-67.942318,-30.24622],[-67.943178,-30.245442],[-67.943758,-30.244599],[-67.944299,-30.243593],[-67.944735,-30.242658],[-67.94504,-30.241353],[-67.945793,-30.239871],[-67.946598,-30.238452],[-67.947241,-30.237564],[-67.94901,-30.23526],[-67.949734,-30.23366],[-67.950033,-30.232887],[-67.950033,-30.232882],[-67.95015,-30.23167],[-67.950222,-30.229768],[-67.950531,-30.228011],[-67.950748,-30.227138],[-67.951097,-30.226609],[-67.951631,-30.226225],[-67.952402,-30.225934],[-67.953485,-30.22569],[-67.955387,-30.22557],[-67.956793,-30.225184],[-67.959043,-30.224588],[-67.960519,-30.224501],[-67.961459,-30.224968],[-67.962171,-30.225497],[-67.962954,-30.226036],[-67.963193,-30.22623],[-67.964005,-30.226892],[-67.965286,-30.227587],[-67.966207,-30.227892],[-67.967181,-30.22808],[-67.96848,-30.228046],[-67.969697,-30.227848],[-67.970407,-30.227511],[-67.971047,-30.22692],[-67.97198,-30.226125],[-67.972805,-30.225671],[-67.973647,-30.225561],[-67.975017,-30.225661],[-67.97674,-30.225792],[-67.978691,-30.226006],[-67.979428,-30.226012],[-67.980303,-30.225811],[-67.981355,-30.225549],[-67.982315,-30.225069],[-67.983885,-30.22389],[-67.984891,-30.223023],[-67.98627,-30.222276],[-67.987835,-30.221603],[-67.989027,-30.220827],[-67.989992,-30.219942],[-67.990552,-30.219008],[-67.990883,-30.218091],[-67.990945,-30.217063],[-67.990904,-30.216034],[-67.990799,-30.215068],[-67.99094,-30.214564],[-67.991215,-30.214061],[-67.992601,-30.212602],[-67.993985,-30.211286],[-67.994969,-30.210464],[-67.995952,-30.209876],[-67.996765,-30.209585],[-67.997566,-30.209428],[-67.998513,-30.209183],[-67.999421,-30.20882],[-68.000215,-30.208276],[-68.001771,-30.205393],[-68.003105,-30.202922],[-68.004536,-30.202076],[-68.005928,-30.200941],[-68.007376,-30.199473],[-68.007957,-30.198467],[-68.008119,-30.197846],[-68.008062,-30.197358],[-68.007524,-30.196146],[-68.007421,-30.194954],[-68.007779,-30.193423],[-68.008415,-30.192202],[-68.008942,-30.191349],[-68.008951,-30.191321],[-68.009146,-30.19071],[-68.00907,-30.190042],[-68.009534,-30.188232],[-68.00982,-30.187684],[-68.010481,-30.186967],[-68.011375,-30.185838],[-68.011932,-30.185201],[-68.012425,-30.183618],[-68.013472,-30.180721],[-68.014103,-30.17774],[-68.014153,-30.176893],[-68.013987,-30.175926],[-68.013611,-30.175039],[-68.012837,-30.173572],[-68.012701,-30.172588],[-68.013253,-30.171393],[-68.013809,-30.170774],[-68.014493,-30.169923],[-68.015657,-30.168678],[-68.016518,-30.167692],[-68.017212,-30.166885],[-68.017679,-30.165833],[-68.017991,-30.164681],[-68.018279,-30.163926],[-68.018439,-30.162484],[-68.018511,-30.161447],[-68.018695,-30.160708],[-68.018845,-30.16025],[-68.019295,-30.15982],[-68.019777,-30.159427],[-68.020268,-30.158905],[-68.020427,-30.158737],[-68.02117,-30.158138],[-68.021674,-30.15761],[-68.021873,-30.156321],[-68.022054,-30.154807],[-68.02212,-30.152309],[-68.022354,-30.150705],[-68.021191,-30.146812],[-68.017321,-30.133863],[-68.016439,-30.130727],[-68.016171,-30.129534],[-68.015555,-30.128871],[-68.014489,-30.1264],[-68.014591,-30.12558],[-68.015066,-30.124727],[-68.015727,-30.12401],[-68.016014,-30.123327],[-68.016325,-30.122319],[-68.017171,-30.120711],[-68.01811,-30.119121],[-68.018106,-30.118481],[-68.018504,-30.117122],[-68.019185,-30.115404],[-68.019361,-30.114395],[-68.019726,-30.113135],[-68.020045,-30.112325],[-68.020914,-30.111574],[-68.022893,-30.110759],[-68.023897,-30.109955],[-68.025082,-30.108692],[-68.026205,-30.107311],[-68.02708,-30.105865],[-68.027493,-30.105011],[-68.028337,-30.10361],[-68.028602,-30.103035],[-68.028858,-30.102279],[-68.029177,-30.101569],[-68.029618,-30.100995],[-68.030521,-30.099865],[-68.031731,-30.099225],[-68.032548,-30.098419],[-68.032813,-30.097843],[-68.032963,-30.097357],[-68.032906,-30.096744],[-68.032745,-30.096309],[-68.032479,-30.09592],[-68.032108,-30.094519],[-68.031065,-30.091976],[-68.030135,-30.090517],[-68.029548,-30.089052],[-68.029569,-30.087906],[-68.029776,-30.086961],[-68.030641,-30.085425],[-68.032826,-30.081544],[-68.033106,-30.080464],[-68.033634,-30.079547],[-68.034371,-30.078353],[-68.03516,-30.077222],[-68.036059,-30.076534],[-68.038107,-30.074917],[-68.039793,-30.073287],[-68.040423,-30.072417],[-68.04071,-30.071752],[-68.040969,-30.070671],[-68.040972,-30.069291],[-68.040595,-30.067556],[-68.040324,-30.066571],[-68.039925,-30.066045],[-68.039524,-30.065717],[-68.039632,-30.065195],[-68.039948,-30.06471],[-68.040658,-30.064201],[-68.041582,-30.064091],[-68.042424,-30.063898],[-68.042976,-30.06365],[-68.045046,-30.06278],[-68.045402,-30.06263],[-68.046851,-30.06182],[-68.048308,-30.061271],[-68.049173,-30.060808],[-68.050102,-30.060229],[-68.051894,-30.059304],[-68.052472,-30.058505],[-68.052752,-30.057397],[-68.052937,-30.056506],[-68.053017,-30.055749],[-68.053191,-30.054902],[-68.05345,-30.053839],[-68.053448,-30.052992],[-68.053422,-30.052423],[-68.053397,-30.051782],[-68.053474,-30.051296],[-68.053761,-30.050585],[-68.053835,-30.049368],[-68.054034,-30.047971],[-68.053877,-30.047104],[-68.053899,-30.045842],[-68.054369,-30.04442],[-68.055315,-30.043065],[-68.055913,-30.042275],[-68.056125,-30.041844],[-68.056017,-30.04122],[-68.056275,-30.040194],[-68.056486,-30.039799],[-68.056798,-30.038583],[-68.056923,-30.037511],[-68.056767,-30.036409],[-68.056389,-30.035883],[-68.056018,-30.035565],[-68.055522,-30.035366],[-68.055492,-30.035353],[-68.054514,-30.034607],[-68.054353,-30.034119],[-68.054617,-30.033615],[-68.055371,-30.032746],[-68.058066,-30.030672],[-68.059875,-30.028989],[-68.061689,-30.026756],[-68.062899,-30.024871],[-68.063623,-30.022855],[-68.063747,-30.020718],[-68.063715,-30.018589],[-68.063075,-30.017241],[-68.062463,-30.016091],[-68.062509,-30.015631],[-68.06293,-30.015012],[-68.062955,-30.014489],[-68.063428,-30.01387],[-68.064666,-30.01331],[-68.065914,-30.012868],[-68.066778,-30.012459],[-68.067518,-30.011995],[-68.069602,-30.010864],[-68.071945,-30.009708],[-68.073786,-30.008814],[-68.073996,-30.008713],[-68.074915,-30.007952],[-68.075866,-30.007147],[-68.076792,-30.006667],[-68.077627,-30.006041],[-68.078532,-30.005677],[-68.078899,-30.005256],[-68.079602,-30.004296],[-68.079607,-30.00429],[-68.080472,-30.003283],[-68.081007,-30.002529],[-68.081654,-30.002064],[-68.082331,-30.001717],[-68.083142,-30.001389],[-68.083776,-30.001195],[-68.084668,-30.00112],[-68.085799,-30.000974],[-68.086273,-30.000913],[-68.086588,-30.000872],[-68.087533,-30.000653],[-68.088416,-30.00037],[-68.089001,-29.999959],[-68.089567,-29.999196],[-68.090707,-29.998041],[-68.092681,-29.995249],[-68.093553,-29.993911],[-68.094123,-29.992787],[-68.093398,-29.991601],[-68.092826,-29.991017],[-68.092525,-29.990711],[-68.091568,-29.990036],[-68.090618,-29.98966],[-68.089636,-29.989347],[-68.088864,-29.988782],[-68.088937,-29.987655],[-68.089347,-29.987008],[-68.090197,-29.985769],[-68.090931,-29.98489],[-68.091526,-29.98438],[-68.092703,-29.983748],[-68.093715,-29.982961],[-68.094523,-29.981857],[-68.09522,-29.980383],[-68.095208,-29.979444],[-68.095457,-29.978246],[-68.095855,-29.976616],[-68.095843,-29.975633],[-68.096323,-29.974166],[-68.096892,-29.973078],[-68.097908,-29.971904],[-68.098818,-29.970927],[-68.099539,-29.97021],[-68.09993,-29.969338],[-68.099893,-29.968877],[-68.09962,-29.968109],[-68.099058,-29.967266],[-68.098505,-29.966586],[-68.097972,-29.965942],[-68.097699,-29.965218],[-68.097717,-29.964325],[-68.098246,-29.963129],[-68.099127,-29.961899],[-68.100271,-29.960338],[-68.101353,-29.958631],[-68.102076,-29.957662],[-68.102755,-29.957053],[-68.103672,-29.9565],[-68.104931,-29.955868],[-68.105921,-29.955198],[-68.107417,-29.954694],[-68.109115,-29.953695],[-68.110001,-29.953025],[-68.111459,-29.952142],[-68.113282,-29.950972],[-68.114796,-29.949684],[-68.116333,-29.947971],[-68.117369,-29.946832],[-68.118606,-29.945154],[-68.119495,-29.944231],[-68.120377,-29.942865],[-68.121204,-29.941806],[-68.122188,-29.940694],[-68.122724,-29.939733],[-68.123807,-29.937882],[-68.124905,-29.936725],[-68.126277,-29.934948],[-68.126657,-29.934166],[-68.126734,-29.933598],[-68.12672,-29.932841],[-68.126739,-29.931921],[-68.126697,-29.93073],[-68.126761,-29.929359],[-68.126988,-29.928278],[-68.127622,-29.926758],[-68.128087,-29.92575],[-68.129034,-29.924025],[-68.129863,-29.922749],[-68.130528,-29.921328],[-68.131112,-29.919691],[-68.131526,-29.918503],[-68.131853,-29.917765],[-68.131953,-29.917026],[-68.132096,-29.916044],[-68.132248,-29.915215],[-68.132913,-29.913812],[-68.133962,-29.911994],[-68.134479,-29.911098],[-68.135891,-29.908302],[-68.137791,-29.908819],[-68.140541,-29.909361],[-68.141565,-29.909512],[-68.142307,-29.909868],[-68.143284,-29.910596],[-68.144027,-29.910953],[-68.144894,-29.911292],[-68.146321,-29.911545],[-68.148081,-29.911529],[-68.150004,-29.911812],[-68.151192,-29.912208],[-68.152224,-29.912639],[-68.153677,-29.913469],[-68.155058,-29.914235],[-68.157024,-29.915565],[-68.157555,-29.916497],[-68.158148,-29.91734],[-68.158783,-29.918183],[-68.159215,-29.91861],[-68.159958,-29.918903],[-68.160824,-29.919378],[-68.161565,-29.919825],[-68.162131,-29.920324],[-68.162684,-29.921031],[-68.162966,-29.922007],[-68.163318,-29.923173],[-68.163442,-29.924545],[-68.163379,-29.925835],[-68.163292,-29.92753],[-68.163423,-29.92929],[-68.163462,-29.930752],[-68.163542,-29.931216],[-68.16366,-29.931898],[-68.163911,-29.932766],[-68.164504,-29.933744],[-68.164828,-29.934594],[-68.165078,-29.935642],[-68.165172,-29.936788],[-68.165663,-29.938776],[-68.166122,-29.939663],[-68.166876,-29.941102],[-68.167115,-29.941801],[-68.167615,-29.943262],[-68.167976,-29.944663],[-68.168209,-29.946541],[-68.168621,-29.948086],[-68.169005,-29.949162],[-68.170109,-29.950919],[-68.171203,-29.952711],[-68.172352,-29.954054],[-68.17308,-29.954987],[-68.173714,-29.955893],[-68.174077,-29.957177],[-68.174586,-29.958226],[-68.175366,-29.959133],[-68.176129,-29.959607],[-68.176871,-29.959963],[-68.17826,-29.961163],[-68.180091,-29.962816],[-68.181153,-29.9634],[-68.182036,-29.96438],[-68.182622,-29.964879],[-68.183312,-29.965353],[-68.184498,-29.966046],[-68.185457,-29.966656],[-68.186259,-29.967401],[-68.189596,-29.969821],[-68.191964,-29.971603],[-68.193293,-29.972559],[-68.193798,-29.972959],[-68.194406,-29.973296],[-68.194651,-29.973713],[-68.194976,-29.974598],[-68.195501,-29.974981],[-68.196014,-29.975642],[-68.196814,-29.976666],[-68.197009,-29.977015],[-68.197437,-29.97778],[-68.198824,-29.979186],[-68.199587,-29.979678],[-68.200353,-29.979854],[-68.201254,-29.979896],[-68.20236,-29.9802],[-68.203504,-29.98092],[-68.203926,-29.981224],[-68.204638,-29.981738],[-68.205679,-29.98234],[-68.206504,-29.982859],[-68.207563,-29.983903],[-68.208735,-29.98511],[-68.209724,-29.98581],[-68.210301,-29.986238],[-68.211095,-29.986684],[-68.212135,-29.987502],[-68.212328,-29.988027],[-68.212594,-29.988507],[-68.213293,-29.989232],[-68.214011,-29.990094],[-68.214916,-29.991019],[-68.216379,-29.992155],[-68.21811,-29.993392],[-68.219885,-29.994269],[-68.22158,-29.994965],[-68.222499,-29.995295],[-68.22313,-29.995497],[-68.223957,-29.995691],[-68.224453,-29.995911],[-68.225114,-29.996275],[-68.22594,-29.996605],[-68.226601,-29.996925],[-68.227294,-29.997073],[-68.227672,-29.996453],[-68.227718,-29.995885],[-68.22821,-29.995211],[-68.22894,-29.994629],[-68.230198,-29.994041],[-68.231404,-29.99357],[-68.232371,-29.993197],[-68.233047,-29.992894],[-68.233525,-29.992752],[-68.234044,-29.992584],[-68.234729,-29.992435],[-68.235622,-29.992178],[-68.236851,-29.991428],[-68.237341,-29.991079],[-68.23781,-29.990685],[-68.238272,-29.989929],[-68.238236,-29.989217],[-68.238043,-29.988692],[-68.237672,-29.988356],[-68.237094,-29.988037],[-68.235998,-29.987778],[-68.235564,-29.987568],[-68.234976,-29.987213],[-68.23442,-29.986831],[-68.233915,-29.986377],[-68.233483,-29.985996],[-68.233084,-29.98529],[-68.232943,-29.984802],[-68.232988,-29.984369],[-68.233033,-29.983909],[-68.233378,-29.983542],[-68.234159,-29.982987],[-68.23494,-29.982513],[-68.236117,-29.981744],[-68.237232,-29.980939],[-68.238016,-29.979987],[-68.23827,-29.979339],[-68.238201,-29.978753],[-68.237774,-29.977767],[-68.237425,-29.977314],[-68.236787,-29.976769],[-68.236148,-29.976296],[-68.235903,-29.975798],[-68.235637,-29.975382],[-68.235599,-29.974904],[-68.235913,-29.974554],[-68.236278,-29.974231],[-68.237088,-29.973947],[-68.238823,-29.973362],[-68.239188,-29.973057],[-68.239462,-29.972409],[-68.23956,-29.971842],[-68.239398,-29.971272],[-68.23899,-29.970494],[-68.238562,-29.969581],[-68.23802,-29.968558],[-68.237078,-29.9671],[-68.236858,-29.966053],[-68.23703,-29.965242],[-68.237179,-29.964765],[-68.237494,-29.964207],[-68.239235,-29.962837],[-68.240797,-29.961673],[-68.241609,-29.961209],[-68.242242,-29.961086],[-68.243393,-29.960985],[-68.244212,-29.960836],[-68.244701,-29.960604],[-68.245118,-29.960255],[-68.245527,-29.9595],[-68.2457,-29.958644],[-68.245589,-29.958147],[-68.245345,-29.95755],[-68.244945,-29.957052],[-68.244554,-29.956779],[-68.243801,-29.956287],[-68.24341,-29.955897],[-68.242785,-29.955037],[-68.242357,-29.95406],[-68.242187,-29.953328],[-68.242329,-29.952337],[-68.242978,-29.951456],[-68.243865,-29.950623],[-68.244437,-29.950256],[-68.245174,-29.950107],[-68.24599,-29.9504],[-68.246786,-29.950639],[-68.247572,-29.950815],[-68.248554,-29.950965],[-68.249073,-29.950842],[-68.249727,-29.950674],[-68.250278,-29.950371],[-68.250592,-29.949939],[-68.250504,-29.949317],[-68.250156,-29.948791],[-68.249827,-29.948411],[-68.249436,-29.948066],[-68.248343,-29.947464],[-68.2476,-29.947054],[-68.246746,-29.946219],[-68.246326,-29.94563],[-68.246155,-29.945034],[-68.246128,-29.944484],[-68.24606,-29.943798],[-68.246054,-29.943292],[-68.246144,-29.94231],[-68.246354,-29.941914],[-68.24672,-29.941528],[-68.247323,-29.941243],[-68.248339,-29.941005],[-68.249386,-29.940903],[-68.250785,-29.940866],[-68.251151,-29.940426],[-68.251477,-29.939778],[-68.251523,-29.939093],[-68.251376,-29.937973],[-68.251067,-29.936411],[-68.250765,-29.935228],[-68.250528,-29.93372],[-68.250725,-29.932314],[-68.250788,-29.930826],[-68.250981,-29.929889],[-68.250737,-29.929274],[-68.250494,-29.92847],[-68.250583,-29.927667],[-68.25118,-29.926796],[-68.252006,-29.925817],[-68.253129,-29.925147],[-68.253783,-29.924907],[-68.255462,-29.924799],[-68.256458,-29.924561],[-68.257378,-29.924684],[-68.258495,-29.924925],[-68.260001,-29.925709],[-68.261673,-29.926566],[-68.263119,-29.927079],[-68.263863,-29.927318],[-68.264827,-29.92708],[-68.265452,-29.926614],[-68.265601,-29.926065],[-68.265604,-29.925632],[-68.265464,-29.925054],[-68.265344,-29.92444],[-68.265079,-29.923843],[-68.26467,-29.923209],[-68.264233,-29.921953],[-68.264302,-29.921132],[-68.264213,-29.920446],[-68.264208,-29.919806],[-68.264574,-29.919321],[-68.265325,-29.918504],[-68.266262,-29.917833],[-68.267482,-29.916784],[-68.268375,-29.916437],[-68.269318,-29.916334],[-68.270364,-29.916277],[-68.271308,-29.916102],[-68.271704,-29.915761],[-68.272091,-29.915222],[-68.272479,-29.914538],[-68.272755,-29.913566],[-68.272898,-29.912466],[-68.272978,-29.911321],[-68.272891,-29.910472],[-68.27259,-29.909172],[-68.272176,-29.90769],[-68.272101,-29.906679],[-68.272074,-29.906084],[-68.272305,-29.905697],[-68.272869,-29.905042],[-68.273724,-29.904208],[-68.274826,-29.903582],[-68.277047,-29.902801],[-68.279619,-29.902219],[-68.283186,-29.901544],[-68.283542,-29.900969],[-68.283589,-29.900139],[-68.283604,-29.899544],[-68.283805,-29.898832],[-68.284343,-29.897455],[-68.284951,-29.896412],[-68.285207,-29.895331],[-68.285662,-29.894025],[-68.286041,-29.89308],[-68.286345,-29.892531],[-68.286732,-29.891992],[-68.287968,-29.891005],[-68.288325,-29.89072],[-68.28897,-29.890272],[-68.289172,-29.889606],[-68.289196,-29.889128],[-68.289392,-29.887776],[-68.289876,-29.886696],[-68.290491,-29.885978],[-68.290953,-29.885141],[-68.291261,-29.884087],[-68.291476,-29.882943],[-68.291425,-29.881337],[-68.291375,-29.880081],[-68.291319,-29.878702],[-68.291556,-29.877395],[-68.291699,-29.876178],[-68.291864,-29.874871],[-68.291926,-29.873401],[-68.292226,-29.872005],[-68.292449,-29.871158],[-68.292778,-29.87005],[-68.293759,-29.868874],[-68.294948,-29.867572],[-68.295876,-29.866558],[-68.296368,-29.865793],[-68.297187,-29.864183],[-68.297831,-29.863172],[-68.297909,-29.86305],[-68.298274,-29.862565],[-68.298943,-29.861712],[-68.299663,-29.860858],[-68.300683,-29.86007],[-68.301239,-29.858981],[-68.302467,-29.857942],[-68.303654,-29.856892],[-68.304496,-29.856337],[-68.305224,-29.855872],[-68.305974,-29.855155],[-68.306622,-29.854184],[-68.307521,-29.85298],[-68.308114,-29.852496],[-68.30882,-29.852184],[-68.309421,-29.85197],[-68.310077,-29.851414],[-68.310887,-29.851067],[-68.311725,-29.851008],[-68.312586,-29.850769],[-68.313002,-29.850419],[-68.313606,-29.849908],[-68.314565,-29.848939],[-68.314506,-29.848461],[-68.314385,-29.84791],[-68.314638,-29.847243],[-68.315197,-29.847255],[-68.315583,-29.84677],[-68.315525,-29.846156],[-68.315623,-29.845534],[-68.316081,-29.845122],[-68.31846,-29.843673],[-68.320694,-29.842358],[-68.321578,-29.841668],[-68.322182,-29.841067],[-68.322723,-29.840619],[-68.323242,-29.840432],[-68.323947,-29.840174],[-68.324364,-29.839797],[-68.324462,-29.838995],[-68.324612,-29.83822],[-68.324969,-29.837527],[-68.325378,-29.836672],[-68.325749,-29.835294],[-68.326054,-29.834556],[-68.326254,-29.834124],[-68.3263,-29.833429],[-68.326324,-29.832978],[-68.326555,-29.83242],[-68.326806,-29.832034],[-68.327267,-29.831197],[-68.328026,-29.830569],[-68.32891,-29.829897],[-68.329451,-29.82953],[-68.329838,-29.828928],[-68.330255,-29.828398],[-68.331287,-29.827284],[-68.3324,-29.826289],[-68.333857,-29.825033],[-68.334526,-29.823927],[-68.335158,-29.823804],[-68.335678,-29.8235],[-68.33593,-29.822833],[-68.336397,-29.822601],[-68.337134,-29.822361],[-68.338038,-29.821752],[-68.338351,-29.821339],[-68.338759,-29.820529],[-68.339271,-29.819864],[-68.339956,-29.819462],[-68.341263,-29.818945],[-68.342235,-29.819094],[-68.343371,-29.819397],[-68.343992,-29.819283],[-68.344645,-29.819016],[-68.345537,-29.818732],[-68.346532,-29.818376],[-68.347921,-29.81795],[-68.349049,-29.817937],[-68.349866,-29.81795],[-68.350334,-29.817601],[-68.350585,-29.81716],[-68.35167,-29.815848],[-68.351952,-29.815362],[-68.352182,-29.814921],[-68.352674,-29.814139],[-68.352718,-29.813661],[-68.352888,-29.813039],[-68.353202,-29.812364],[-68.353475,-29.811816],[-68.353915,-29.810988],[-68.354404,-29.810458],[-68.354997,-29.809874],[-68.355519,-29.809155],[-68.355987,-29.808788],[-68.356374,-29.808212],[-68.356803,-29.807357],[-68.357241,-29.806872],[-68.358013,-29.805739],[-68.358192,-29.805325],[-68.358267,-29.804884],[-68.358281,-29.804288],[-68.358533,-29.803694],[-68.35855,-29.802756],[-68.358492,-29.802115],[-68.358537,-29.801421],[-68.358893,-29.800782],[-68.340069,-29.790618],[-68.298889,-29.768383],[-68.285239,-29.761012],[-68.262617,-29.748798],[-68.258789,-29.746726],[-68.258787,-29.746727],[-68.258577,-29.746838],[-68.258484,-29.746887],[-68.25855,-29.74692],[-68.258572,-29.746931],[-68.259549,-29.747417],[-68.259993,-29.747638],[-68.260037,-29.74766],[-68.260129,-29.747741],[-68.260287,-29.747879],[-68.260893,-29.748409],[-68.260988,-29.748493],[-68.262297,-29.749207],[-68.26276,-29.749643],[-68.263199,-29.750056],[-68.26337,-29.750217],[-68.26432,-29.75111],[-68.266342,-29.753133],[-68.266549,-29.754268],[-68.26658,-29.754441],[-68.267012,-29.755304],[-68.267889,-29.757059],[-68.26777,-29.758605],[-68.26658,-29.760033],[-68.26539,-29.761104],[-68.265038,-29.761245],[-68.264494,-29.761462],[-68.264254,-29.761558],[-68.264201,-29.76158],[-68.261741,-29.762564],[-68.261226,-29.762769],[-68.260037,-29.763483],[-68.259698,-29.763794],[-68.258609,-29.764792],[-68.258431,-29.76505],[-68.258409,-29.765083],[-68.2583,-29.765241],[-68.257769,-29.766014],[-68.2573,-29.766696],[-68.256586,-29.768242],[-68.256516,-29.768837],[-68.256348,-29.770265],[-68.255679,-29.771889],[-68.255516,-29.772287],[-68.25504,-29.774072],[-68.25504,-29.775975],[-68.25504,-29.77754],[-68.25504,-29.777552],[-68.25504,-29.778236],[-68.25385,-29.780734],[-68.252673,-29.781127],[-68.252065,-29.781329],[-68.25147,-29.781805],[-68.250941,-29.781919]]]]}},{"type":"Feature","id":"70133","properties":{"id":70133,"in1":"70133","departamento":"ZONDA","nombre":"Zonda","fna":"Departamento Zonda","cabecera":"Villa Basilio Nievas","provincia":"SAN JUAN","fuente":"Instituto Geográfico Nacional (IGN)"},"geometry":{"type":"MultiPolygon","coordinates":[[[[-69.196168,-31.246938],[-69.195614,-31.247011],[-69.194526,-31.247378],[-69.193689,-31.247893],[-69.192969,-31.248634],[-69.191845,-31.249474],[-69.190502,-31.249977],[-69.188634,-31.250124],[-69.187967,-31.249836],[-69.185519,-31.25025],[-69.184527,-31.250567],[-69.183564,-31.250654],[-69.18175,-31.250562],[-69.180646,-31.250951],[-69.178227,-31.251428],[-69.175609,-31.252226],[-69.173855,-31.252918],[-69.171901,-31.253823],[-69.170274,-31.254131],[-69.166448,-31.252991],[-69.165839,-31.252834],[-69.164579,-31.25252],[-69.163486,-31.252165],[-69.163269,-31.252652],[-69.16146,-31.255027],[-69.160569,-31.256187],[-69.159861,-31.25672],[-69.15854,-31.257308],[-69.156714,-31.25781],[-69.155409,-31.258015],[-69.153653,-31.257765],[-69.151245,-31.256974],[-69.149276,-31.256832],[-69.147762,-31.257257],[-69.147209,-31.257502],[-69.146303,-31.257494],[-69.145014,-31.257423],[-69.143441,-31.257019],[-69.142424,-31.257376],[-69.141915,-31.257801],[-69.14132,-31.258617],[-69.140224,-31.259079],[-69.138299,-31.260141],[-69.137591,-31.260421],[-69.136177,-31.260982],[-69.135268,-31.260825],[-69.133094,-31.260146],[-69.132201,-31.260111],[-69.130829,-31.260428],[-69.13005,-31.260492],[-69.129527,-31.260623],[-69.128803,-31.260687],[-69.127551,-31.260896],[-69.127084,-31.26109],[-69.125542,-31.262102],[-69.124863,-31.262648],[-69.123432,-31.262613],[-69.122865,-31.262578],[-69.121059,-31.262408],[-69.119545,-31.262518],[-69.118327,-31.262934],[-69.116981,-31.263007],[-69.115474,-31.262964],[-69.114637,-31.262879],[-69.113702,-31.262731],[-69.112638,-31.262285],[-69.111578,-31.2622],[-69.110812,-31.262309],[-69.110403,-31.262991],[-69.110149,-31.2636],[-69.108819,-31.264476],[-69.108875,-31.265292],[-69.108897,-31.266081],[-69.108248,-31.267921],[-69.108546,-31.26876],[-69.109335,-31.270338],[-69.109462,-31.271217],[-69.109117,-31.272588],[-69.108792,-31.273139],[-69.108609,-31.273806],[-69.108652,-31.274722],[-69.108924,-31.275948],[-69.108939,-31.277468],[-69.109124,-31.278225],[-69.109408,-31.279185],[-69.109355,-31.28039],[-69.108426,-31.281288],[-69.106812,-31.281839],[-69.10612,-31.282291],[-69.104264,-31.282982],[-69.103655,-31.283141],[-69.102495,-31.283119],[-69.101503,-31.283291],[-69.10051,-31.283608],[-69.099953,-31.284992],[-69.099103,-31.286418],[-69.098481,-31.286613],[-69.097389,-31.286834],[-69.093306,-31.288781],[-69.092597,-31.289223],[-69.091351,-31.289941],[-69.090212,-31.290271],[-69.088413,-31.290403],[-69.087153,-31.290039],[-69.085086,-31.289865],[-69.08433,-31.289649],[-69.08256,-31.289167],[-69.081527,-31.288383],[-69.080781,-31.288298],[-69.080209,-31.288573],[-69.078685,-31.28963],[-69.077554,-31.290604],[-69.074556,-31.292198],[-69.072904,-31.294043],[-69.072654,-31.294436],[-69.071773,-31.294901],[-69.070935,-31.295253],[-69.069554,-31.295524],[-69.068651,-31.295759],[-69.066001,-31.295544],[-69.0616,-31.297882],[-69.061056,-31.298171],[-69.058365,-31.298173],[-69.056395,-31.298349],[-69.054629,-31.299437],[-69.052345,-31.301323],[-69.050083,-31.303637],[-69.048023,-31.306285],[-69.046805,-31.307165],[-69.046332,-31.307625],[-69.045547,-31.308703],[-69.045043,-31.309245],[-69.043007,-31.311401],[-69.042392,-31.31196],[-69.041366,-31.312457],[-69.040404,-31.312716],[-69.038818,-31.313143],[-69.034244,-31.314677],[-69.033396,-31.315503],[-69.032235,-31.316608],[-69.031926,-31.317591],[-69.03128,-31.318809],[-69.030043,-31.319571],[-69.029424,-31.320464],[-69.0283,-31.321926],[-69.028153,-31.322629],[-69.028025,-31.32359],[-69.027668,-31.324266],[-69.027489,-31.325182],[-69.026145,-31.326337],[-69.025586,-31.32713],[-69.025031,-31.327496],[-69.024706,-31.327951],[-69.023989,-31.328867],[-69.023317,-31.330098],[-69.023306,-31.330581],[-69.023454,-31.331086],[-69.02327,-31.332844],[-69.023337,-31.33361],[-69.023399,-31.334319],[-69.023449,-31.335424],[-69.023476,-31.336213],[-69.022764,-31.337372],[-69.022189,-31.337877],[-69.021719,-31.338301],[-69.020991,-31.338838],[-69.020437,-31.339677],[-69.020096,-31.34011],[-69.019731,-31.34075],[-69.019258,-31.341323],[-69.019017,-31.342387],[-69.018935,-31.343546],[-69.019007,-31.344299],[-69.019007,-31.344998],[-69.019138,-31.346545],[-69.019675,-31.348151],[-69.020001,-31.349869],[-69.020035,-31.351194],[-69.019873,-31.352214],[-69.019628,-31.352606],[-69.018278,-31.354816],[-69.017884,-31.355549],[-69.017367,-31.356512],[-69.016453,-31.358573],[-69.01381,-31.360828],[-69.013035,-31.361333],[-69.011067,-31.362208],[-69.009522,-31.362677],[-69.009003,-31.362709],[-69.008124,-31.362763],[-69.006584,-31.363281],[-69.006022,-31.363674],[-69.005554,-31.365045],[-69.005473,-31.366145],[-69.005526,-31.366326],[-69.005835,-31.367376],[-69.006264,-31.368819],[-69.007194,-31.371827],[-69.007788,-31.374934],[-69.007757,-31.37612],[-69.007757,-31.378262],[-69.007826,-31.379588],[-69.008039,-31.380494],[-69.008467,-31.380936],[-69.009014,-31.381883],[-69.009781,-31.383164],[-69.010141,-31.383836],[-69.010799,-31.385477],[-69.011248,-31.386875],[-69.011298,-31.388453],[-69.011128,-31.390212],[-69.011157,-31.391439],[-69.010826,-31.392449],[-69.009304,-31.393567],[-69.008663,-31.393721],[-69.007906,-31.394429],[-69.007388,-31.396016],[-69.007312,-31.396675],[-69.007357,-31.397594],[-69.007364,-31.398217],[-69.007459,-31.398677],[-69.007888,-31.399299],[-69.008513,-31.400296],[-69.008774,-31.400747],[-69.009136,-31.401184],[-69.008842,-31.401937],[-69.008519,-31.402379],[-69.008443,-31.404201],[-69.008156,-31.405572],[-69.00746,-31.408241],[-69.007,-31.40973],[-69.006771,-31.411164],[-69.006693,-31.412214],[-69.006464,-31.413441],[-69.00607,-31.414681],[-69.005512,-31.415651],[-69.004965,-31.416539],[-69.003656,-31.418402],[-69.002615,-31.419394],[-69.001997,-31.420679],[-69.001642,-31.423389],[-69.002163,-31.425833],[-69.002689,-31.426956],[-69.003026,-31.428183],[-69.003078,-31.429518],[-69.002707,-31.431434],[-69.002668,-31.432638],[-69.002899,-31.433671],[-69.003223,-31.434478],[-69.003736,-31.435858],[-69.00366,-31.43786],[-69.003102,-31.439556],[-69.00275,-31.440715],[-69.002929,-31.441743],[-69.003139,-31.443231],[-69.00372,-31.444593],[-69.004425,-31.44586],[-69.00493,-31.446739],[-69.004559,-31.448106],[-69.003818,-31.448498],[-69.003344,-31.448764],[-69.001711,-31.449864],[-69.001585,-31.45119],[-69.001851,-31.45165],[-69.001958,-31.452263],[-69.002243,-31.453107],[-69.0024,-31.453882],[-69.002122,-31.455068],[-69.001385,-31.456719],[-69.000767,-31.457526],[-68.999967,-31.457945],[-68.999107,-31.458883],[-68.998334,-31.459614],[-68.998097,-31.460065],[-68.997432,-31.460967],[-68.996677,-31.46245],[-68.996527,-31.463745],[-68.995848,-31.46581],[-68.994643,-31.467551],[-68.993814,-31.470585],[-68.993814,-31.471812],[-68.99359,-31.474071],[-68.993364,-31.476394],[-68.992988,-31.479171],[-68.992535,-31.481494],[-68.992437,-31.482082],[-68.992158,-31.483753],[-68.992082,-31.485043],[-68.991856,-31.487239],[-68.991855,-31.4904],[-68.992384,-31.49279],[-68.99321,-31.495243],[-68.993663,-31.496014],[-68.993876,-31.498738],[-68.993739,-31.500298],[-68.993654,-31.501949],[-68.993981,-31.50267],[-68.99457,-31.503662],[-68.995391,-31.504149],[-68.995991,-31.504492],[-68.996559,-31.504763],[-68.997254,-31.505187],[-68.997791,-31.505475],[-68.998149,-31.505944],[-68.998201,-31.506963],[-68.99818,-31.507441],[-68.998065,-31.507973],[-68.997549,-31.508722],[-68.997138,-31.509317],[-68.996875,-31.510003],[-68.997043,-31.510508],[-68.997643,-31.511283],[-68.997928,-31.511797],[-68.998128,-31.512348],[-68.998286,-31.51297],[-68.99837,-31.513493],[-68.998412,-31.514251],[-68.998296,-31.514891],[-68.998096,-31.515459],[-68.997928,-31.515964],[-68.997496,-31.516803],[-68.997449,-31.516872],[-68.997085,-31.517407],[-68.996664,-31.518147],[-68.996496,-31.518751],[-68.996348,-31.519166],[-68.995864,-31.519779],[-68.995359,-31.519996],[-68.994695,-31.520023],[-68.994116,-31.51968],[-68.993685,-31.519274],[-68.992948,-31.51867],[-68.992411,-31.518408],[-68.991905,-31.518273],[-68.991158,-31.518345],[-68.990526,-31.518453],[-68.99001,-31.518624],[-68.989442,-31.51894],[-68.988989,-31.519274],[-68.988315,-31.519878],[-68.987915,-31.520356],[-68.987494,-31.520825],[-68.986957,-31.521267],[-68.985988,-31.521167],[-68.985293,-31.52105],[-68.984778,-31.520572],[-68.98463,-31.519769],[-68.984515,-31.518912],[-68.984041,-31.51847],[-68.983325,-31.518552],[-68.982641,-31.518759],[-68.982104,-31.518822],[-68.981472,-31.519092],[-68.980545,-31.519056],[-68.979798,-31.51874],[-68.97923,-31.518605],[-68.978672,-31.518253],[-68.97823,-31.517748],[-68.977735,-31.517198],[-68.977367,-31.516765],[-68.977299,-31.516606],[-68.977167,-31.516296],[-68.976293,-31.515782],[-68.975798,-31.515971],[-68.975514,-31.516369],[-68.975366,-31.516575],[-68.974892,-31.517035],[-68.973713,-31.517549],[-68.972134,-31.51744],[-68.971566,-31.517097],[-68.970566,-31.516277],[-68.970008,-31.515925],[-68.969721,-31.515818],[-68.968597,-31.515401],[-68.967734,-31.515365],[-68.967291,-31.515587],[-68.966944,-31.515762],[-68.966523,-31.51651],[-68.966638,-31.517935],[-68.966764,-31.518611],[-68.96628,-31.519405],[-68.965595,-31.519206],[-68.964816,-31.518954],[-68.964037,-31.518557],[-68.963522,-31.518214],[-68.962669,-31.51788],[-68.961964,-31.517726],[-68.961079,-31.5176],[-68.959669,-31.517491],[-68.95909,-31.517365],[-68.958279,-31.517202],[-68.957795,-31.517076],[-68.956553,-31.51676],[-68.955795,-31.516651],[-68.955237,-31.5162],[-68.9549,-31.51583],[-68.954469,-31.515541],[-68.953904,-31.51523],[-68.953879,-31.515216],[-68.95377,-31.51523],[-68.953374,-31.515279],[-68.952858,-31.515469],[-68.9513,-31.515946],[-68.950752,-31.51627],[-68.950141,-31.516604],[-68.948562,-31.516973],[-68.947583,-31.516639],[-68.947099,-31.516521],[-68.946373,-31.516341],[-68.945878,-31.516223],[-68.945078,-31.516061],[-68.944499,-31.51597],[-68.943972,-31.516006],[-68.943679,-31.516006],[-68.942972,-31.516006],[-68.942446,-31.516023],[-68.941604,-31.516113],[-68.941024,-31.516113],[-68.940583,-31.51627],[-68.940035,-31.516464],[-68.938329,-31.516797],[-68.937834,-31.516986],[-68.937192,-31.51722],[-68.936118,-31.517391],[-68.935275,-31.517337],[-68.934583,-31.516986],[-68.934402,-31.516894],[-68.933781,-31.516723],[-68.933128,-31.516605],[-68.932644,-31.516443],[-68.931697,-31.51646],[-68.930338,-31.516577],[-68.929622,-31.516684],[-68.928727,-31.516864],[-68.927696,-31.516972],[-68.926948,-31.517026],[-68.926222,-31.517133],[-68.925137,-31.517376],[-68.924474,-31.517565],[-68.923599,-31.517853],[-68.922799,-31.518295],[-68.922746,-31.518342],[-68.922293,-31.518736],[-68.921703,-31.519025],[-68.921261,-31.519313],[-68.920692,-31.520124],[-68.919912,-31.521314],[-68.918858,-31.521774],[-68.917911,-31.521818],[-68.917237,-31.521818],[-68.916479,-31.521438],[-68.916269,-31.520924],[-68.915764,-31.520744],[-68.914995,-31.520869],[-68.913785,-31.52076],[-68.913143,-31.520579],[-68.91229,-31.520218],[-68.911817,-31.520055],[-68.910964,-31.51992],[-68.91009,-31.519991],[-68.909016,-31.520252],[-68.908321,-31.520342],[-68.907573,-31.52026],[-68.906458,-31.52007],[-68.905731,-31.519934],[-68.904847,-31.519726],[-68.904089,-31.519527],[-68.903332,-31.519057],[-68.902679,-31.518741],[-68.902122,-31.518524],[-68.901427,-31.518253],[-68.900964,-31.518009],[-68.900133,-31.517639],[-68.899554,-31.517395],[-68.899133,-31.517133],[-68.898155,-31.516447],[-68.897523,-31.516329],[-68.896702,-31.51641],[-68.89607,-31.516635],[-68.895154,-31.517013],[-68.892921,-31.517444],[-68.892131,-31.51765],[-68.890942,-31.517487],[-68.890237,-31.51718],[-68.889406,-31.516674],[-68.888711,-31.516493],[-68.888143,-31.516303],[-68.887659,-31.516113],[-68.886912,-31.515869],[-68.885933,-31.515372],[-68.885281,-31.515209],[-68.884059,-31.515226],[-68.88347,-31.515154],[-68.882807,-31.515081],[-68.881659,-31.515053],[-68.880111,-31.515214],[-68.879153,-31.515168],[-68.878269,-31.515077],[-68.877722,-31.515049],[-68.876206,-31.514867],[-68.875617,-31.51474],[-68.874985,-31.514631],[-68.873743,-31.51426],[-68.87246,-31.513944],[-68.872282,-31.513867],[-68.87187,-31.51369],[-68.871113,-31.513437],[-68.870376,-31.513256],[-68.869208,-31.513165],[-68.86866,-31.513245],[-68.867839,-31.513326],[-68.867123,-31.513451],[-68.866175,-31.513649],[-68.865459,-31.513738],[-68.864532,-31.513737],[-68.863448,-31.513546],[-68.861997,-31.512932],[-68.861197,-31.512588],[-68.860703,-31.512326],[-68.859966,-31.511883],[-68.858619,-31.511485],[-68.857504,-31.511421],[-68.856809,-31.511474],[-68.856208,-31.511599],[-68.855429,-31.511842],[-68.854544,-31.512175],[-68.853933,-31.512309],[-68.853175,-31.512309],[-68.852428,-31.512263],[-68.851797,-31.512199],[-68.849996,-31.512179],[-68.849428,-31.512358],[-68.848553,-31.512601],[-68.847226,-31.513122],[-68.846636,-31.513329],[-68.846036,-31.5135],[-68.845151,-31.513715],[-68.843635,-31.514038],[-68.842403,-31.514027],[-68.841614,-31.513972],[-68.840424,-31.513826],[-68.839119,-31.513572],[-68.838056,-31.513273],[-68.836836,-31.513127],[-68.836046,-31.513235],[-68.835003,-31.513296],[-68.834445,-31.513341],[-68.83373,-31.513268],[-68.832371,-31.513419],[-68.831634,-31.513527],[-68.831223,-31.513851],[-68.83098,-31.514563],[-68.830852,-31.515194],[-68.830815,-31.515493],[-68.830756,-31.515979],[-68.830618,-31.51651],[-68.830533,-31.516988],[-68.828795,-31.517446],[-68.825846,-31.518037],[-68.825352,-31.517892],[-68.824762,-31.517837],[-68.823499,-31.517646],[-68.822172,-31.51778],[-68.820982,-31.517985],[-68.819971,-31.518173],[-68.819181,-31.518425],[-68.818665,-31.51855],[-68.817928,-31.51864],[-68.817201,-31.518684],[-68.816422,-31.518701],[-68.815833,-31.518664],[-68.815285,-31.518618],[-68.813969,-31.518959],[-68.813221,-31.519282],[-68.812294,-31.519551],[-68.811714,-31.519695],[-68.811145,-31.519793],[-68.810524,-31.519864],[-68.809545,-31.51998],[-68.80846,-31.520096],[-68.80786,-31.52023],[-68.806691,-31.520346],[-68.805996,-31.520345],[-68.80548,-31.52029],[-68.804944,-31.520154],[-68.804407,-31.520027],[-68.803418,-31.519736],[-68.802555,-31.519392],[-68.801587,-31.519084],[-68.800988,-31.518813],[-68.800251,-31.518532],[-68.799547,-31.518242],[-68.79901,-31.51798],[-68.798505,-31.517736],[-68.79779,-31.517509],[-68.796728,-31.517129],[-68.795886,-31.516766],[-68.795413,-31.516459],[-68.795035,-31.516044],[-68.794447,-31.515465],[-68.794037,-31.514851],[-68.793681,-31.514156],[-68.793377,-31.513507],[-68.792926,-31.512884],[-68.79174,-31.511375],[-68.791256,-31.51114],[-68.789846,-31.510669],[-68.788794,-31.510595],[-68.788162,-31.51072],[-68.787382,-31.510917],[-68.786793,-31.510998],[-68.78595,-31.511177],[-68.784298,-31.511011],[-68.783624,-31.510812],[-68.782814,-31.51054],[-68.78152,-31.51033],[-68.780552,-31.51032],[-68.77913,-31.510344],[-68.777815,-31.510153],[-68.776595,-31.509781],[-68.775511,-31.509499],[-68.773922,-31.5091],[-68.773133,-31.508882],[-68.77207,-31.508763],[-68.770934,-31.508553],[-68.769334,-31.508397],[-68.767703,-31.508412],[-68.766881,-31.50842],[-68.765976,-31.508319],[-68.764461,-31.508054],[-68.763293,-31.507899],[-68.762104,-31.507698],[-68.761062,-31.507471],[-68.759832,-31.507117],[-68.758843,-31.506844],[-68.757844,-31.506572],[-68.75616,-31.506235],[-68.754624,-31.506052],[-68.753792,-31.505996],[-68.752645,-31.505949],[-68.751603,-31.505929],[-68.749918,-31.50597],[-68.748655,-31.505977],[-68.746514,-31.505603],[-68.745874,-31.50571],[-68.744645,-31.505992],[-68.742162,-31.506185],[-68.740754,-31.50616],[-68.739784,-31.505964],[-68.738864,-31.505565],[-68.737587,-31.504665],[-68.736614,-31.50442],[-68.736025,-31.504396],[-68.734823,-31.504109],[-68.73347,-31.503425],[-68.732371,-31.503031],[-68.731363,-31.502961],[-68.730155,-31.50313],[-68.729316,-31.503088],[-68.726049,-31.502585],[-68.724415,-31.502238],[-68.723053,-31.502064],[-68.720821,-31.502059],[-68.719685,-31.501926],[-68.718961,-31.501812],[-68.717839,-31.501363],[-68.717272,-31.501077],[-68.716448,-31.500882],[-68.715028,-31.500685],[-68.713962,-31.50066],[-68.713039,-31.500509],[-68.712048,-31.500204],[-68.711223,-31.499801],[-68.709946,-31.499262],[-68.708429,-31.498771],[-68.706938,-31.49833],[-68.705164,-31.497803],[-68.703544,-31.49747],[-68.701542,-31.49733],[-68.700363,-31.497147],[-68.69957,-31.496861],[-68.69883,-31.496787],[-68.697097,-31.496675],[-68.69606,-31.496501],[-68.69508,-31.496134],[-68.694415,-31.495875],[-68.693364,-31.495548],[-68.692399,-31.495347],[-68.691518,-31.495237],[-68.690281,-31.49532],[-68.689088,-31.495488],[-68.68589,-31.495624],[-68.684426,-31.495986],[-68.683075,-31.496411],[-68.682164,-31.496373],[-68.68046,-31.49617],[-68.679836,-31.496196],[-68.6788,-31.496193],[-68.677764,-31.495911],[-68.677268,-31.495301],[-68.676957,-31.494727],[-68.676476,-31.493874],[-68.673957,-31.491067],[-68.673208,-31.490091],[-68.672742,-31.489373],[-68.672278,-31.488078],[-68.672195,-31.487067],[-68.672001,-31.48607],[-68.671721,-31.485037],[-68.671494,-31.484509],[-68.671199,-31.483696],[-68.670634,-31.482721],[-68.670408,-31.482398],[-68.670181,-31.482075],[-68.669219,-31.481265],[-68.668923,-31.480719],[-68.668697,-31.479888],[-68.668402,-31.479355],[-68.667893,-31.478817],[-68.66712,-31.478197],[-68.665244,-31.476691],[-68.664334,-31.476517],[-68.663512,-31.476091],[-68.663087,-31.475761],[-68.662421,-31.475101],[-68.661517,-31.474161],[-68.660722,-31.473541],[-68.65993,-31.473011],[-68.656892,-31.472845],[-68.656095,-31.472676],[-68.655315,-31.47239],[-68.654308,-31.472292],[-68.654318,-31.4723],[-68.653152,-31.472297],[-68.65231,-31.472295],[-68.651705,-31.472364],[-68.652053,-31.472958],[-68.653426,-31.475302],[-68.654553,-31.476266],[-68.654946,-31.476952],[-68.655267,-31.477427],[-68.656388,-31.478196],[-68.657409,-31.47952],[-68.657915,-31.481407],[-68.658276,-31.482724],[-68.658493,-31.483857],[-68.658928,-31.485048],[-68.659659,-31.485867],[-68.659948,-31.48681],[-68.660532,-31.487501],[-68.661044,-31.488008],[-68.663236,-31.48933],[-68.663893,-31.490275],[-68.665633,-31.490622],[-68.671352,-31.497085],[-68.672631,-31.499465],[-68.673616,-31.500739],[-68.674402,-31.502265],[-68.677256,-31.507449],[-68.678525,-31.511173],[-68.678834,-31.513735],[-68.679127,-31.514367],[-68.679491,-31.514995],[-68.679709,-31.515748],[-68.679706,-31.516564],[-68.679923,-31.517192],[-68.680285,-31.518072],[-68.681198,-31.51977],[-68.681704,-31.521092],[-68.682214,-31.522284],[-68.683163,-31.524108],[-68.683524,-31.525552],[-68.684176,-31.527249],[-68.684721,-31.52882],[-68.68519,-31.529833],[-68.685304,-31.530079],[-68.686034,-31.531461],[-68.68647,-31.532594],[-68.687052,-31.534102],[-68.688144,-31.53561],[-68.688507,-31.537496],[-68.690111,-31.539511],[-68.691133,-31.540894],[-68.692005,-31.543092],[-68.692919,-31.544542],[-68.694232,-31.546488],[-68.694815,-31.547685],[-68.695839,-31.548756],[-68.696713,-31.550264],[-68.697297,-31.551334],[-68.698099,-31.552463],[-68.699195,-31.553914],[-68.700143,-31.555296],[-68.700945,-31.55674],[-68.70175,-31.557811],[-68.702626,-31.558756],[-68.70365,-31.559574],[-68.704556,-31.560316],[-68.705331,-31.561021],[-68.706844,-31.562283],[-68.707239,-31.562921],[-68.707756,-31.563755],[-68.707733,-31.564451],[-68.700855,-31.564464],[-68.691337,-31.564488],[-68.686499,-31.5645],[-68.68658,-31.564815],[-68.686961,-31.565639],[-68.691351,-31.569723],[-68.692696,-31.570974],[-68.695592,-31.573825],[-68.695891,-31.574979],[-68.696647,-31.577893],[-68.697075,-31.579093],[-68.6972,-31.582156],[-68.697268,-31.583896],[-68.697496,-31.585033],[-68.698295,-31.588034],[-68.698664,-31.589433],[-68.698597,-31.593301],[-68.698385,-31.59699],[-68.698202,-31.598946],[-68.69801,-31.601173],[-68.697498,-31.603964],[-68.696534,-31.608114],[-68.696152,-31.609723],[-68.695559,-31.616982],[-68.695044,-31.620186],[-68.695013,-31.620376],[-68.694881,-31.621206],[-68.699217,-31.628949],[-68.70744,-31.638456],[-68.708128,-31.639463],[-68.708918,-31.640371],[-68.710761,-31.643681],[-68.711095,-31.644773],[-68.711164,-31.646158],[-68.708687,-31.653642],[-68.708509,-31.654092],[-68.706628,-31.658891],[-68.704398,-31.662944],[-68.703568,-31.664615],[-68.70223,-31.66679],[-68.701601,-31.667902],[-68.701515,-31.668357],[-68.701238,-31.669493],[-68.70112,-31.67007],[-68.701091,-31.670224],[-68.700948,-31.670989],[-68.700628,-31.67226],[-68.700308,-31.673441],[-68.699934,-31.674946],[-68.699763,-31.675568],[-68.699719,-31.6761],[-68.699566,-31.677615],[-68.699143,-31.678083],[-68.698751,-31.678641],[-68.698412,-31.679199],[-68.697861,-31.679874],[-68.697575,-31.680361],[-68.697288,-31.680901],[-68.696642,-31.681964],[-68.696165,-31.682666],[-68.695677,-31.683386],[-68.69536,-31.683765],[-68.695042,-31.684224],[-68.694811,-31.684583],[-68.694607,-31.684899],[-68.693972,-31.685574],[-68.693601,-31.686114],[-68.693368,-31.686528],[-68.693039,-31.687177],[-68.692805,-31.687763],[-68.692518,-31.688249],[-68.692158,-31.68878],[-68.691871,-31.689546],[-68.69119,-31.691285],[-68.691062,-31.691745],[-68.690891,-31.692394],[-68.690815,-31.693016],[-68.690719,-31.693475],[-68.690547,-31.69426],[-68.690535,-31.694701],[-68.690512,-31.695188],[-68.690448,-31.695666],[-68.690448,-31.695682],[-68.690456,-31.696316],[-68.690581,-31.696884],[-68.690642,-31.697344],[-68.690651,-31.697876],[-68.690692,-31.698381],[-68.690648,-31.698959],[-68.69056,-31.699788],[-68.690514,-31.701005],[-68.690491,-31.701628],[-68.690542,-31.702295],[-68.690202,-31.702989],[-68.689756,-31.703664],[-68.689502,-31.704087],[-68.688994,-31.704555],[-68.688412,-31.704932],[-68.687884,-31.70531],[-68.687292,-31.705615],[-68.686605,-31.705947],[-68.685581,-31.706107],[-68.68499,-31.70616],[-68.684284,-31.706194],[-68.683239,-31.706209],[-68.682649,-31.706154],[-68.68191,-31.706044],[-68.680993,-31.705969],[-68.680338,-31.705948],[-68.680107,-31.70594],[-68.679347,-31.705929],[-68.678651,-31.705963],[-68.678081,-31.705998],[-68.677437,-31.706096],[-68.676688,-31.706157],[-68.676045,-31.706209],[-68.675242,-31.706478],[-68.67466,-31.706972],[-68.674109,-31.707674],[-68.673928,-31.708206],[-68.673787,-31.709216],[-68.673798,-31.709763],[-68.673805,-31.710118],[-68.673736,-31.71166],[-68.673732,-31.71276],[-68.673622,-31.714094],[-68.67328,-31.715509],[-68.673152,-31.715942],[-68.672949,-31.716591],[-68.672747,-31.717122],[-68.672545,-31.717546],[-68.671843,-31.719005],[-68.671364,-31.720302],[-68.67113,-31.720762],[-68.6708,-31.721672],[-68.670597,-31.722266],[-68.670363,-31.722753],[-68.670024,-31.723356],[-68.669323,-31.7245],[-68.668959,-31.725065],[-68.668697,-31.725472],[-68.668283,-31.726174],[-68.667794,-31.727282],[-68.667644,-31.727841],[-68.667357,-31.728445],[-68.667028,-31.729093],[-68.66671,-31.729489],[-68.666423,-31.730093],[-68.665902,-31.730975],[-68.665669,-31.731389],[-68.665392,-31.731993],[-68.664999,-31.732803],[-68.66485,-31.733245],[-68.664435,-31.734173],[-68.663814,-31.736642],[-68.663719,-31.739411],[-68.664112,-31.741567],[-68.664184,-31.742181],[-68.664326,-31.742717],[-68.66433,-31.742731],[-68.664338,-31.743353],[-68.664547,-31.744084],[-68.664904,-31.7445],[-68.665766,-31.745522],[-68.66667,-31.746471],[-68.667174,-31.747058],[-68.667426,-31.747474],[-68.66793,-31.748386],[-68.668264,-31.749163],[-68.668442,-31.749659],[-68.668995,-31.75159],[-68.669119,-31.752204],[-68.669221,-31.753241],[-68.66927,-31.754297],[-68.669223,-31.755658],[-68.669179,-31.75619],[-68.669059,-31.757272],[-68.668919,-31.758056],[-68.668694,-31.758886],[-68.668523,-31.759552],[-68.668361,-31.760661],[-68.668201,-31.76113],[-68.668167,-31.761698],[-68.66795,-31.763249],[-68.667885,-31.763799],[-68.667576,-31.764654],[-68.667245,-31.765537],[-68.666999,-31.766466],[-68.666647,-31.767502],[-68.666493,-31.767939],[-68.666114,-31.769007],[-68.665932,-31.769628],[-68.665835,-31.770205],[-68.665837,-31.770257],[-68.665855,-31.77071],[-68.665873,-31.77154],[-68.666014,-31.773452],[-68.666156,-31.774968],[-68.666277,-31.776501],[-68.66625,-31.778206],[-68.666455,-31.779866],[-68.666442,-31.780623],[-68.666712,-31.781932],[-68.666906,-31.783582],[-68.668332,-31.789448],[-68.669779,-31.795088],[-68.670656,-31.79813],[-68.670639,-31.799952],[-68.670696,-31.801557],[-68.671175,-31.803551],[-68.671715,-31.806123],[-68.672088,-31.808072],[-68.671943,-31.810353],[-68.671682,-31.815538],[-68.671232,-31.826152],[-68.671607,-31.83059],[-68.671829,-31.833593],[-68.671976,-31.836795],[-68.671691,-31.839698],[-68.671618,-31.84253],[-68.671602,-31.844072],[-68.670811,-31.846496],[-68.670328,-31.848803],[-68.670422,-31.85205],[-68.670636,-31.854843],[-68.670644,-31.854946],[-68.670687,-31.855479],[-68.670836,-31.857336],[-68.671052,-31.858454],[-68.671905,-31.862885],[-68.672393,-31.863949],[-68.678082,-31.876365],[-68.682533,-31.888344],[-68.683334,-31.891881],[-68.68841,-31.905798],[-68.688909,-31.907167],[-68.790153,-31.90764],[-69.117641,-31.90806],[-69.117382,-31.907559],[-69.117215,-31.907237],[-69.114409,-31.906184],[-69.114252,-31.904805],[-69.114274,-31.904409],[-69.114345,-31.903145],[-69.113667,-31.902125],[-69.113386,-31.901701],[-69.113106,-31.901279],[-69.112833,-31.900829],[-69.110112,-31.896326],[-69.109911,-31.895994],[-69.107609,-31.892185],[-69.10702,-31.885999],[-69.105536,-31.882645],[-69.105108,-31.880387],[-69.105047,-31.880066],[-69.104654,-31.878398],[-69.104431,-31.87682],[-69.103689,-31.875206],[-69.102555,-31.871916],[-69.102697,-31.871494],[-69.103555,-31.868957],[-69.103734,-31.868055],[-69.103488,-31.865927],[-69.103232,-31.863726],[-69.104046,-31.862236],[-69.104276,-31.861814],[-69.10461,-31.861344],[-69.105701,-31.85981],[-69.105858,-31.859098],[-69.105802,-31.85641],[-69.105421,-31.855157],[-69.10418,-31.85392],[-69.103316,-31.853058],[-69.102628,-31.852165],[-69.102479,-31.850993],[-69.102309,-31.850263],[-69.102477,-31.849685],[-69.102993,-31.847854],[-69.103943,-31.846879],[-69.103979,-31.84684],[-69.104924,-31.845814],[-69.105599,-31.844623],[-69.106315,-31.842648],[-69.107303,-31.838571],[-69.107119,-31.837857],[-69.106967,-31.837266],[-69.106942,-31.837173],[-69.106409,-31.832736],[-69.10815,-31.830706],[-69.110502,-31.827827],[-69.112396,-31.827139],[-69.114078,-31.826529],[-69.114535,-31.826362],[-69.117596,-31.824538],[-69.117623,-31.820633],[-69.117624,-31.820484],[-69.117632,-31.819091],[-69.118527,-31.81716],[-69.121065,-31.81181],[-69.121898,-31.810609],[-69.123659,-31.808831],[-69.124086,-31.808761],[-69.125761,-31.808486],[-69.125248,-31.806289],[-69.125144,-31.805844],[-69.125152,-31.803473],[-69.125265,-31.803011],[-69.125425,-31.802363],[-69.127256,-31.799867],[-69.128882,-31.797652],[-69.128464,-31.796004],[-69.128107,-31.794595],[-69.128823,-31.793107],[-69.12967,-31.792147],[-69.131669,-31.789884],[-69.132353,-31.787656],[-69.133301,-31.786086],[-69.134586,-31.784533],[-69.134237,-31.783965],[-69.13413,-31.782703],[-69.134538,-31.780258],[-69.134777,-31.777787],[-69.135073,-31.776197],[-69.135681,-31.772924],[-69.136307,-31.769561],[-69.136347,-31.768496],[-69.134633,-31.758641],[-69.137753,-31.755508],[-69.140931,-31.755856],[-69.141015,-31.755865],[-69.14167,-31.755937],[-69.142312,-31.755278],[-69.145496,-31.752965],[-69.146329,-31.752342],[-69.146686,-31.751341],[-69.146896,-31.750069],[-69.146703,-31.748671],[-69.146849,-31.747544],[-69.148564,-31.744268],[-69.148647,-31.743113],[-69.147514,-31.740445],[-69.147428,-31.739733],[-69.148061,-31.738153],[-69.148448,-31.737189],[-69.149152,-31.735492],[-69.150008,-31.734743],[-69.150185,-31.734589],[-69.158108,-31.731146],[-69.160529,-31.730094],[-69.161139,-31.729246],[-69.161444,-31.728362],[-69.161764,-31.726899],[-69.162072,-31.725493],[-69.161807,-31.72479],[-69.159296,-31.718868],[-69.159041,-31.717984],[-69.159144,-31.716045],[-69.159136,-31.716034],[-69.158742,-31.715504],[-69.158182,-31.715],[-69.156924,-31.713613],[-69.156321,-31.712802],[-69.155813,-31.711576],[-69.1556,-31.710368],[-69.155819,-31.709231],[-69.156272,-31.70841],[-69.156702,-31.7073],[-69.154439,-31.703876],[-69.156014,-31.69941],[-69.157663,-31.695286],[-69.158547,-31.694022],[-69.158482,-31.693148],[-69.158352,-31.691173],[-69.158393,-31.690298],[-69.158571,-31.689396],[-69.159484,-31.687068],[-69.159631,-31.686626],[-69.158268,-31.684833],[-69.156822,-31.684492],[-69.154015,-31.683449],[-69.153824,-31.682791],[-69.153767,-31.680013],[-69.153723,-31.679184],[-69.153647,-31.677903],[-69.154046,-31.676622],[-69.153813,-31.676099],[-69.153609,-31.673971],[-69.153492,-31.67315],[-69.1537,-31.671671],[-69.153676,-31.669876],[-69.155922,-31.663317],[-69.153247,-31.658991],[-69.153825,-31.651108],[-69.153944,-31.64705],[-69.154509,-31.644307],[-69.154706,-31.64235],[-69.153881,-31.6408],[-69.152674,-31.637455],[-69.152229,-31.636049],[-69.152774,-31.634064],[-69.153107,-31.63162],[-69.153611,-31.630384],[-69.155218,-31.626937],[-69.156038,-31.625718],[-69.152137,-31.618255],[-69.152441,-31.617488],[-69.152691,-31.615369],[-69.15689,-31.599184],[-69.159931,-31.595233],[-69.163366,-31.59077],[-69.161836,-31.588662],[-69.159173,-31.584995],[-69.157715,-31.582182],[-69.157229,-31.581489],[-69.157637,-31.580009],[-69.158805,-31.57916],[-69.161973,-31.577036],[-69.16472,-31.575608],[-69.165277,-31.574994],[-69.166127,-31.573108],[-69.16646,-31.571078],[-69.165981,-31.568003],[-69.165937,-31.566975],[-69.165775,-31.564919],[-69.166691,-31.55847],[-69.16768,-31.557792],[-69.168626,-31.556817],[-69.171005,-31.556092],[-69.173773,-31.555168],[-69.174836,-31.554491],[-69.175928,-31.552712],[-69.175998,-31.551242],[-69.176456,-31.54804],[-69.176594,-31.543224],[-69.17773,-31.542293],[-69.182128,-31.540294],[-69.183136,-31.53884],[-69.185331,-31.536014],[-69.186959,-31.533775],[-69.188127,-31.533557],[-69.191039,-31.531226],[-69.192023,-31.528284],[-69.189648,-31.52514],[-69.189515,-31.521939],[-69.18952,-31.519368],[-69.189349,-31.517953],[-69.188427,-31.515212],[-69.189447,-31.514652],[-69.191814,-31.513692],[-69.193055,-31.513212],[-69.195677,-31.513118],[-69.197666,-31.512862],[-69.198824,-31.512797],[-69.200531,-31.513796],[-69.201507,-31.512405],[-69.20328,-31.509273],[-69.204956,-31.505753],[-69.205675,-31.502424],[-69.206871,-31.50051],[-69.206901,-31.49959],[-69.206261,-31.49574],[-69.205297,-31.493144],[-69.205669,-31.489779],[-69.206716,-31.487595],[-69.206776,-31.486188],[-69.207833,-31.478728],[-69.210774,-31.47599],[-69.212004,-31.475348],[-69.21296,-31.474625],[-69.212873,-31.473389],[-69.212293,-31.473093],[-69.211375,-31.471823],[-69.211139,-31.469749],[-69.212636,-31.466571],[-69.21391,-31.46197],[-69.21581,-31.460226],[-69.21729,-31.458493],[-69.21837,-31.457227],[-69.219199,-31.456189],[-69.218919,-31.453177],[-69.217735,-31.450861],[-69.216623,-31.447896],[-69.215427,-31.444389],[-69.213439,-31.44478],[-69.211375,-31.443801],[-69.210543,-31.443216],[-69.209972,-31.441837],[-69.211315,-31.440346],[-69.212983,-31.438296],[-69.213201,-31.437232],[-69.212937,-31.436826],[-69.209914,-31.434784],[-69.206978,-31.432893],[-69.206785,-31.432769],[-69.205141,-31.43141],[-69.205128,-31.430012],[-69.205599,-31.428821],[-69.206359,-31.427888],[-69.206364,-31.427881],[-69.207402,-31.426121],[-69.20803,-31.424704],[-69.209046,-31.4227],[-69.209737,-31.421526],[-69.210637,-31.419523],[-69.211044,-31.418025],[-69.211564,-31.415616],[-69.21196,-31.413821],[-69.211431,-31.412252],[-69.21108,-31.410783],[-69.211757,-31.407544],[-69.212603,-31.405251],[-69.21361,-31.403933],[-69.214616,-31.402587],[-69.216024,-31.402306],[-69.216076,-31.401683],[-69.215632,-31.400944],[-69.214558,-31.400324],[-69.213462,-31.399306],[-69.212795,-31.397251],[-69.212403,-31.395791],[-69.211221,-31.39398],[-69.210451,-31.392547],[-69.208667,-31.391116],[-69.207691,-31.390333],[-69.204573,-31.387398],[-69.202624,-31.385841],[-69.202011,-31.384308],[-69.20028,-31.381181],[-69.199054,-31.378045],[-69.199726,-31.377512],[-69.201889,-31.376291],[-69.203265,-31.375964],[-69.205565,-31.374968],[-69.206983,-31.374271],[-69.205182,-31.372479],[-69.203653,-31.370452],[-69.203429,-31.369136],[-69.202209,-31.363907],[-69.202165,-31.362924],[-69.202878,-31.362192],[-69.20541,-31.361413],[-69.20688,-31.360878],[-69.20878,-31.359865],[-69.210187,-31.359042],[-69.211267,-31.358192],[-69.211567,-31.356009],[-69.211875,-31.352491],[-69.212038,-31.350398],[-69.212255,-31.348838],[-69.213049,-31.346654],[-69.214788,-31.344324],[-69.216235,-31.342734],[-69.217798,-31.341514],[-69.218636,-31.340403],[-69.217907,-31.338664],[-69.216441,-31.33183],[-69.215422,-31.331633],[-69.214853,-31.3313],[-69.214285,-31.330959],[-69.213791,-31.330716],[-69.21317,-31.330455],[-69.212708,-31.330258],[-69.212244,-31.329916],[-69.211834,-31.329583],[-69.211181,-31.329133],[-69.210802,-31.328728],[-69.210276,-31.328205],[-69.209612,-31.32735],[-69.209285,-31.326989],[-69.208875,-31.326674],[-69.20838,-31.326242],[-69.208211,-31.325719],[-69.207905,-31.325332],[-69.20762,-31.324719],[-69.207504,-31.324151],[-69.207166,-31.323466],[-69.207049,-31.322961],[-69.206942,-31.322114],[-69.207214,-31.321329],[-69.208588,-31.320217],[-69.20887,-31.319757],[-69.209247,-31.318872],[-69.209896,-31.318132],[-69.210514,-31.317084],[-69.210689,-31.315497],[-69.210153,-31.315525],[-69.209627,-31.314939],[-69.208889,-31.313939],[-69.208278,-31.313264],[-69.207867,-31.312769],[-69.207457,-31.312363],[-69.207087,-31.311444],[-69.207012,-31.310596],[-69.206937,-31.310046],[-69.20703,-31.309334],[-69.207068,-31.308329],[-69.207132,-31.307773],[-69.207604,-31.307412],[-69.20818,-31.307059],[-69.208967,-31.306607],[-69.209387,-31.306191],[-69.209753,-31.305649],[-69.210108,-31.304864],[-69.210464,-31.304169],[-69.21061,-31.303574],[-69.210965,-31.302761],[-69.211499,-31.301831],[-69.211833,-31.301181],[-69.212314,-31.300207],[-69.212523,-31.299602],[-69.213214,-31.298446],[-69.213779,-31.297625],[-69.21403,-31.296957],[-69.214123,-31.296289],[-69.2141,-31.295532],[-69.213961,-31.294242],[-69.21357,-31.293269],[-69.213696,-31.291589],[-69.214016,-31.291004],[-69.214519,-31.290471],[-69.214959,-31.289974],[-69.215503,-31.289162],[-69.215859,-31.288674],[-69.216247,-31.288159],[-69.216582,-31.287699],[-69.216738,-31.28723],[-69.216852,-31.286634],[-69.216966,-31.285669],[-69.217132,-31.284722],[-69.217036,-31.284217],[-69.216698,-31.283351],[-69.216466,-31.282919],[-69.216192,-31.282396],[-69.215907,-31.281964],[-69.21536,-31.281424],[-69.215086,-31.280991],[-69.213654,-31.279523],[-69.213022,-31.278749],[-69.211832,-31.277281],[-69.210979,-31.276191],[-69.210316,-31.275308],[-69.208366,-31.272154],[-69.208218,-31.271487],[-69.207994,-31.27009],[-69.208201,-31.268754],[-69.208836,-31.265984],[-69.208991,-31.265082],[-69.209157,-31.264162],[-69.209355,-31.263467],[-69.209585,-31.262799],[-69.209699,-31.262222],[-69.209844,-31.261527],[-69.209926,-31.260517],[-69.210072,-31.259867],[-69.210197,-31.259344],[-69.210415,-31.258577],[-69.210593,-31.258162],[-69.210823,-31.25772],[-69.211126,-31.25716],[-69.211377,-31.256582],[-69.21193,-31.25572],[-69.210078,-31.255394],[-69.208863,-31.254688],[-69.208309,-31.254301],[-69.206521,-31.252807],[-69.205718,-31.252014],[-69.204853,-31.2511],[-69.20399,-31.25015],[-69.202754,-31.249074],[-69.19943,-31.24691],[-69.197923,-31.246998],[-69.197228,-31.246887],[-69.196168,-31.246938]]]]}}]}